0x6cb29d386f82966191f2c9f53737b5ef76f38993,590318
0x00000000051CBcE3fD04148CcE2c0adc7c651829,590318
0x00000000C001E13b7b74B7AA01AfD9C77F907a7A,590318
0x0000000F08B4293BA4D9827f7ba7aB694af344C3,590318
0x0000000c50489Ced5f512C74Fb11Ba9af3a03E13,590318
0x000000B9054e79892A1097f4E02e7AA42de22c0C,590318
0x000000f2913ac0E78f1b403A6Fabc8E3ac281835,590318
0x0000014ffa35ED6Ad0D5c9c079c908716c113EB8,590318
0x00000655388D579492CF53ca6F490EaA30711112,590318
0x00000B7A7A859F1b7aB55579fD4e7b0b22064F3d,590318
0x00001EeeB6F8Ca55c9d956fBa882CD977a42B933,590318
0x00005fF7b4E62B6b868D36809F8a30c85A6D0000,590318
0x00008e511292F1f42667Cd99239127cF4CF0422A,590318
0x0000AA99E12ad566e4C97882296076023d123CFE,590318
0x0000CE08fa224696A819877070BF378e8B131ACF,590318
0x00027b91964ceEb888B2316Ee13008280d89d005,590318
0x000461A73d3985eef4923655782aA5d0De75C111,590318
0x00064a3760955f514947281e5e04996daEF81598,590318
0x00069E9c07A4AA20F544b5984f0b510dA3dB3138,590318
0x00071360D75385C4C25dD8F217465693ffe91a69,590318
0x0008d343091EF8BD3EFA730F6aAE5A26a285C7a2,590318
0x0008db99937795ed4124b3b99dfdf8f06bea3341,2666666
0x000Bf68755EAee7158571D17b94582734F5f54Cc,590318
0x000e9edD6a9418bbD1D249C7A58316295dd7F532,590318
0x000f4432a40560bBFf1b581a8b7AdEd8dab80026,590318
0x0010108D287E168d93C6c36A7aE1E48099969F16,590318
0x00135A8558e8ADbe24E9ce24944109EbFBA8938F,590318
0x001651597d3734450Dc5Ef54cc48A39A5e9043ce,590318
0x00175a9004767cd3e44d55b819fDbbCE5366Eb52,590318
0x001a48A736EEaCCdF97661401e1660721bd3680e,590318
0x001ac3F0972b620cD6bE82BA54D111614d7D48fB,590318
0x001dfDABb0Bae8aC68870996a451B3E9E5e9Fc1a,590318
0x002232fbf9b56d5e6ad003c5d57f103b9e2a85df,8000000
0x00236feEAC26ef92552e3981096350D136084C64,590318
0x00285869437a33a652c817c143A3029313FD5794,590318
0x002913cb95daf931812BFD001414234176C80Fe0,590318
0x0029Ab135b5Be72168BF80F140D60a9264dbD0C5,590318
0x002A3Be63B3B312da5D58Eb02d2B48869B46Ec82,590318
0x002E3ab4BDF0CD4295c0F86E546fc6Aac6A5C3c3,590318
0x0032B88f6cc154DAccB7AcB28471B076cc0e91cb,590318
0x0035Fc5208eF989c28d47e552E92b0C507D2B318,590318
0x00361B6B2731d9e4D0d42a5Dc304dE83d622D540,590318
0x0038c9d58542A9eb58ddBB9b9454e0c39B5dfc2B,590318
0x003F35595dce3187B4Fff2B5A2c4303f7158208a,590318
0x003F6b20BFA4B5cAb701960eCF73859Cb3c095Fc,590318
0x003dcB4E722bB4c741D76586C6C8D5afDd303C2D,590318
0x00409fC839a2Ec2e6d12305423d37Cd011279C09,590318
0x0040DAAC32D83c78546ae36dA42A496B28ab09E1,590318
0x00410da4E97B262E7a1A76a07402Aaf3814EfAfC,590318
0x00444797Ba158A7BdB8302e72da98dCbCCef0Fbc,590318
0x0048acaf5b0dda4a1a831738e923d0f0b92f2eda,2666666
0x004Ab677D735CAFbD88880d93febAa384233a4A5,590318
0x004F25ffF9dE49ffF5dC41c0b36E3aDe4A179D36,590318
0x004a15f6d46091099C00b3fca748ad23842a0B6D,590318
0x004e5752600518D32a8081786410964Ca3Ee1ADd,590318
0x00529545E0a7850Cc2768CBd7b35490754e71C01,590318
0x0052D2e4AF4548e6Cf19e817B944CEdb23aE09dF,590318
0x0061d151577c2bf506e601b7642635a6565a3d3f,23036649
0x00620Ada30d98FfCF8e3c91e65283127d11C64Ce,590318
0x0067530e703fe7eDB90E6Ac813956b2DF342706A,590318
0x006780d5428faFCaA7750924523C9DC597C62c77,590318
0x0068e91105B0D2c52de69c6eFB6329B66B1cDac5,590318
0x006E522aEaA983681464929091725FeA6dbC103f,590318
0x006E88f3893a623eD17f891fAD98026395FF757b,590318
0x006F24A47fc10E5cc690671a90da3ff0E0754F8F,590318
0x006FC59317433b6CC961aDb0B5Aee61AFcFf3a04,590318
0x006db2c3c17f97e2f69b9e474c6ee574ea319a5b,2666666
0x006fD9F7547c8b7320eC83EB253F09a69cDd8452,590318
0x0074dc2a6680ba1850da3f47b0af9ef3a9f25a86,25703315
0x0079f42d6183A3C8040815cf68be7d98A76ecF4B,590318
0x008685BD68E1020973cf7e10e56AF6cA0FA42809,590318
0x0086f6Dd9bdce235388ca0a54bc7B20B6260aef1,590318
0x0087188D27AC73b715Ad38Dff9b99554861a2B55,590318
0x00871DeaC87b9096d8c361A1C27fb1C8e485F0F7,590318
0x00897e2D7168165B81558C3CD9257eFb007F2410,590318
0x008D508706cA67B51cb0205e8d015d56A404C137,590318
0x008b969b428bFB9ac726E6EE9F245f766e238dB1,590318
0x008eEB180F9Fb7190b8f2C0Ed1bEEf92Fb2Ddf32,590318
0x008fCf77026e8D7986c7f2Ad6d9e16fe1F87fcDC,590318
0x0091c05a50EF584F09c5C8B813a207198643788a,590318
0x0092497f2f6f82d45e54983c0224028d51b7af9d,8000000
0x00973437475aaa1c91aaa62864444df5c6b95607,2666666
0x009E40C4C54CA5828f8eEdc661361047D1C270fe,590318
0x009FC47F5866A42b4a6095c072E8Bd9f7731CFA2,590318
0x009bc10e73ffFBce9554f56a0Fc45B879efFd1fd,590318
0x009c6a4dfc5e33f63687c4a542cba4ad2de133ca,2666666
0x009d13E9bEC94Bf16791098CE4E5C168D27A9f07,590318
0x00AC3bCF30ff838ee50Ddd24c1d7F0cd72aacf4D,590318
0x00B067B5B944837448a28ADF59CBaA9A5986e157,590318
0x00B7139553FB50917386671F2527F7c9F3696E1A,590318
0x00BA2363892e6EF596cDc7055EEB7990d38e7984,590318
0x00BDa05297a82B039c0fF75d13e65249bD5E51b1,590318
0x00C684b9eCedAd1a36a0fdFa928051716fDB9F7E,590318
0x00C9b37df30AcB68ad0b6EcB419425FF22f652D1,590318
0x00D29fBc981d05edBA69BC0909E391a132271357,590318
0x00D62832d72C74ABF4d3D865498b2bc62CD6dE4c,590318
0x00Db9d455404b9288A453ac90F6D8EAD51F2e32C,590318
0x00DfB0d32722D7820DF685E1B93f33774E83892E,590318
0x00E066fD1EAA78f41576A23A8C34E747CC88320b,590318
0x00E3D62c69bE542A358722a2D23D5ef8188f416f,590318
0x00E534CC1eaB9C24E6e1294D6fd4DdA1BCC6e8C3,590318
0x00Eb7e10468C1CBDefae7f4ea01AA80986fcF0De,590318
0x00F0D275DD6f0Cd9cF846c106104CCB54d118Eb1,590318
0x00F2cD089B93406597BE29CBc908b8AfAB1e5323,590318
0x00F5058230D8Dff9047b2BDFa14eDAE21c53D0FC,590318
0x00F5832A72A66CAFFac212f7DC23943B8194BC55,590318
0x00F922A3CAfa76b7e08eCCAf2d371B19E8B93A0c,590318
0x00a15c455bcc68043b88fb8d1b7f710d13b35eaa,2666666
0x00a7B4382E8fe9c79c09fb1ef1Df6C432987dd91,590318
0x00a890C504032078e8376c5dD8e55C00aB1249f4,590318
0x00ad7cc21985C223C05e5543694066E806172561,590318
0x00b7e5cb49a77f33b58ec397488e2c8ebfa4bedf,2666666
0x00c511aB1B583F4eFAb3608D0897D377C4De47A6,590318
0x00d3ED7F4C94fbDBF200C64133F23472F18401F5,590318
0x00da39020a9433049380fe62b99deded6aa0e633,23036649
0x00dbee2da747eeb2255a8a996a4c4776fd538b4c,2666666
0x00de3A8BDEe6E682C3509d66A947d05A8Ca797af,590318
0x00e066fd1eaa78f41576a23a8c34e747cc88320b,2666666
0x00e9030Ec112a8B67125b08c2ADdAe4aF9366619,590318
0x00f02f3a111D452C0DFbF576f09A4003b2F18284,590318
0x00f5832a72a66caffac212f7dc23943b8194bc55,2666666
0x00fBb7EFAeAd76e725Ecddd905956d00A4f7c497,590318
0x00febdD318F64e99A58d71bc154A261E59614DbA,590318
0x00ff6b7D26407A46Af2b631b4fa452a036d027E5,590318
0x010027535d97c0433e40b0A530892A59Fa88bd08,590318
0x01029ADC793DbA4405848B238754Cada5F81a661,590318
0x010475e36100b427bb4dbddb2c023124bebd5a38,8000000
0x010657cF44Ca34c390Fe6Dd16da0208682a4dD5C,590318
0x010C74429557159044A065320DbC18b91887d686,590318
0x01117E94f863AcafB8F0Db5C05F5Cb58a20E16A8,590318
0x011A244ab7d37293Ae540D85d70f411A8A6a4c86,590318
0x011eEe99264A344600F75363B4cDf0F16f2e61c7,590318
0x012ae3bdd046acd4130a5cb07b29be6779268208,2666666
0x012ce20dF50768c8ddcD5Ecc1e9DCBb3cc7bE7fC,590318
0x01344ef979e3F141DF1f0737c7Ac03CB1E0d5F5F,590318
0x01353fe0263B209C154e4bf2b56100e44eEc0b90,590318
0x0136d72136d999ED072BC462a18fb343B89f21D5,590318
0x01423a15A9Ab180BE9D6D81c3c749275c5212d42,590318
0x0147A2D38AcC12B88432F49B9A1dAc86f6793220,590318
0x014A64241e230541626Be1060443C16BFE0900C6,590318
0x014ba2de2edb36f411312f54f672b220fe5cf0f2,2666666
0x014f515b12B74E13Fc23FEb6Da10420CF4901d9D,590318
0x01565711f90112e8b5110faddc2dfad98d7f0708,23036649
0x01574c9E5581B522c8a844e0c09204090BF704ec,590318
0x0160f156bE6f9Fa133dEdF1a0340Bb67ecBC41fb,590318
0x0162A4606596Dab3Ab8E1A562ec35922006c84a4,590318
0x016424aC312840B7bFa6b3eaE0460ac11e405F7b,590318
0x01649530509349C1C3FcBc022ae5212158531f2C,590318
0x0165f91FAF9EDeb9C5817c7a3c92110aa5329BeA,590318
0x016640732c0cc982DB2bE1a73c62C975e1EC869a,590318
0x01685D6c41F4504d7bE8C48BEee1CE56794a8381,590318
0x016a173f26a639e5b203e6fc3168cc46b589f227,8000000
0x01719f325D9bcC01319E3577F3F85250FEb5421e,590318
0x017dD72cbB9cB365d677d56A7d322DBF84E499Df,590318
0x017f76910Fe89da6aB3110105B427f1b9C66EbA5,590318
0x0182DB475a62289Ae124342C772ABbF75b2A6E7B,590318
0x0183d9be08DB4024c2Dc9aec10B9526FC6adEeF7,590318
0x018475AEaeC67a483BA2103bfF6277a27b411B55,590318
0x01906D2392518d5d41B7f533Ed25182DF0882b4D,590318
0x0195527F3277F95495F07B00523B758523864F79,590318
0x01974549C9B9a30d47c548A16b120b1cAa7B586C,590318
0x0197CE7a3ecaeFf6bDE49956979Ce8b2Ae60d87e,590318
0x0197d7FaFCA118Bc91f6854B9A2ceea94E676585,590318
0x01A9040d15D2eA87F6F4CbAa86e1c42A2D9e2db5,590318
0x01AA7787f766778091DF686bEE5A04123FFd2599,590318
0x01Adb836a9d42d0B82Dd18BE749B7c7E39191693,590318
0x01B57b97b40A8DdddaAC0493991bCa31a7953992,590318
0x01BaB775994ee934c18dd130C77B6993D8028c2F,590318
0x01C0255D63E287cB0006328De58Aa2E60D147Bee,590318
0x01C2dEbC2dcB663609142CFEd5A02937Ad75ee24,590318
0x01C2e7b1de06DA53Bd0EC82fdB59E5767b8c6dA1,590318
0x01C48EA6792fe4b2e429a8bedE4ADF3a6d610B41,590318
0x01Ca54EfCC75cA325F6C586aBD0386e16cc72d2E,590318
0x01DeEf8B494a5539239ACe5da7a88b1075EDF192,590318
0x01E14Ac44edD526f919df72BB2751dF65c4E234B,590318
0x01E23748aD2Fa78a927d3B9dDA7afD45F7780f32,590318
0x01E6b50557eF1a2ca58A621998aCe3f278E808B8,590318
0x01Eb79CE68167Df733795962b68e49CCadFc0fCE,590318
0x01F50f61477819a6071A2be69Aad8f81401DfB86,590318
0x01F7016586e05B5Ea7fB571d4F6D98d034328aB4,590318
0x01Fd932D6aD813576f77Fe76097634E3749f9038,590318
0x01a0f471541c31e394Ec5150371294dcA3BD71d7,590318
0x01a2052d61E4558cACce7D4b2E795e9793E6b0FC,590318
0x01a5BB36b5Fce28903529B6f1e5Ca0390ed60dB4,590318
0x01a5b5A681E655e25767CE7b4621bf252e5b1086,590318
0x01aA7a45C7E05313479418f8b66945058E3bA097,590318
0x01aC3FF155739D34948f1af53f24524149c9d928,590318
0x01b86AEEbCD1Ff94aC1195cFc8FD9e39dB24db45,590318
0x01bDc0441F5Ce90C82805c7cFB6D632B4d7Ec2Ce,590318
0x01bf6f1cB0E1262c72ADF366BD4751eb69186C99,590318
0x01c12063B7b5B783A989A60aF9f9F06534307a2D,590318
0x01c2ccCebB235386Ca68aaa733499C548fb34D42,590318
0x01c2f22754E1C2cc64A18Ba6162E5C7d417ffF7f,590318
0x01c5d49419534778aEc99BcaB508047C1B03800f,590318
0x01c9E12C365DD28BD169eFea6E5b7939a687c856,590318
0x01d38197d1caf82c7970e78545babd9229d22929,8000000
0x01e83EfbC866E6a497f94E10005C3f9d9383d057,590318
0x01eacADF51FF60916157E32A58F640fe854e530F,590318
0x01f74c9CF0E24ceE3A28f68fdb193e08Ae9Cb84F,590318
0x01f9d6D630368cd4293B9c1ceD191B3cB58C1591,590318
0x020007D00cc6c1368ed63A3F6d8195Eba68b5dA8,590318
0x02001e2Ec51E14d551Bc450082e87BA31320859C,590318
0x020c1A7778FEE0EA6302Ed47831304951565D4E6,590318
0x020cA66C30beC2c4Fe3861a94E4DB4A498A35872,590318
0x0216120f0ec906e192724EA00EC1B2AbbB7C1240,590318
0x021bEA00886DDfA0963d1Fe8e0c3b55a028B752f,590318
0x021fddeD7ad6902627b57e76C90511fd70B36f29,590318
0x02205B69dd1AA81083aaCa283945B9f39CDDb340,590318
0x0221593901e255FD4823876a8e000836d359DDDD,590318
0x0221E382F81ac1f916a0B19A0Fb2C015b077068b,590318
0x0226F7931D2932D9AA488f01591C8B5899b5Ff38,590318
0x02314edbf5825679e6188494fba2e38cda8c8ca9,8000000
0x023306083eBbB1f5Bc68865Af4FB7A5fF13bDaC3,590318
0x0233daf4B3542ae2237aceB8cCf87c7645dC6c3A,590318
0x0235B48f29E54774f164396fBCb1F21AD90020c2,590318
0x023651F172DBd16bdD89894850aaA79572609079,590318
0x023A3D058020fB76cCa98f01b3c48C8938A22355,590318
0x023F739cA31560b129E842d30bBb8DF79Caa8230,590318
0x023aB8e20a4682d315Daef4c91DB96bD77934D66,590318
0x0241dfB8165Dac08d3F78cb931cf46D110f16733,590318
0x0244D9AA24B100C8bfc3FF54bd82A87B99508301,590318
0x0245daf2e303bd4e47acb88c87913a047c9ad6c5,2666666
0x024AEE37F4BB174f1C97cC87B8c41c9ebc9dc601,590318
0x024BCbCAad82E67F721799E259ca60bc7d363419,590318
0x024F1F8B3789BFDf9EDb47F58A0d7A3AfEAEA804,590318
0x024fbd36161B9c00759Fe8B0909cA89B9272aced,590318
0x0252F92Ee3F4430AC419fC3E9aE31DF718990842,590318
0x025376E7e7f161A198fb5fc90a220A553836d11A,590318
0x02538f4362264e93bdf022506055a1c6758a5a93,23036649
0x0253ba3af2fa2e5553bbb4575716379fff068557,23036649
0x0258DA40E011AcB8e0F6308D6Dda4de363c9B604,590318
0x0258f75c663cea9db6b3db3fa465ee4a63a86b18,2666666
0x025F6714c48a77E06B9D9c9f869bE9845f8CA3F9,590318
0x025c711Fa5ecd6483b281b16Bd79c45Ea2350A41,590318
0x025f7cB6bDb8cD6Ed126e1cB2EFe2fC3539602b8,590318
0x02679a1bbFF7401118D427d8087DF0eb084a01B2,590318
0x026a8c2b798b9bc918cb9dba8c73de556a17f416,8000000
0x027252d3B1DB6575D8B504B759Fd97915F0AF5a3,590318
0x02757c25c0ce3846A63dd607c28Eb869442668D5,590318
0x02787c602b74d72EE80d7600798BaFa4a12C3778,590318
0x027A761AD384797cB7ceEa83C4a6477996dC8c8C,590318
0x028B443ECA4E24E8f860D473E1eE59132c859DCB,590318
0x028CC8E3Ff248Dc59052eaAD2a1e749F3B835B99,590318
0x0296f3a0471C82b19fd57030d2B87cA9EA07C62B,590318
0x0298F4332e3857631385b39766325058a93e249f,590318
0x029a70526dbfC681D2A281cDe6058c51ED6d9a0a,590318
0x029c68acbe14c228e4434fb12f5b3f6b88de8b83,2666666
0x029fBe210384AA2aB6f120F735C2E67A773fEc5d,590318
0x02A250B4F8479ae742415307A23Bc9440e67F737,590318
0x02B57F58Fb9777FAf4Aaa958C9C02f9e3f1D08D5,590318
0x02C4AB31Cb8e8BA876B1E9378609aC545d21B94B,590318
0x02C5990e66204E30F055527030b98a3AC540213a,590318
0x02CE6e1Bc383b189bdD3EB98C4A1FE8d8551171C,590318
0x02D6bFF356E5517ABDf312Cf63677F7a21EA9845,590318
0x02E13FE2eCa246c50E6F2b261C71814b6e54Ab85,590318
0x02E27b30a7209dbcAf8963845d0eC5cFF80330fb,590318
0x02Eb54de66513771158501C539A197F92c7D030F,590318
0x02F10A93e67cb56D710ba9FB179e44f368f5050e,590318
0x02a1653b151bA9c3bAa9B81aC23cAB81a067d618,590318
0x02a965718Ca1288f25793D308C10844922B5E33F,590318
0x02ad96d8dB016177421F5945Ff51d96DBb67Ff7A,590318
0x02adc65aac2715103cf4c1ed3fbe2b18d5f02228,2666666
0x02c36c55f2ebc5f7fb55030bff6b627907132923,31036649
0x02d4d4B5837975d730468a46a51d2ecE70427793,590318
0x02d91Eaa15CEcA815a5124CA8f0b6eA215C2aD2D,590318
0x02def2550b609059466d764f11bd4174e6fed7be,2666666
0x02e6C7c44172A70766FD52Ee1168e5af8690580e,590318
0x02e7290cc38A5E52c218E04Ca37f80Bb03B62bc4,590318
0x02e76c933b98c46fAbD87FB30C14C7A623319Bbe,590318
0x02f0cd99b36b4f1b369b7c47fa5572261484c988,23036649
0x02f1b3Fb9C5a046B1f6B09438d5C52B522d4B516,590318
0x02fEF8e09Bd782d7a0628e9bb5f56977fD2D4802,590318
0x02fdbfe1f101119b1362d068a7bdf451eb3eb64a,8000000
0x03004D982888Fa49A0705F9Ef7a30C42a16e6C0c,590318
0x030138D2f5f2757daAe2FbB8dFd18870EA908881,590318
0x0303D829D9B81D0939a974cB0C88ea27AB7129c9,590318
0x03050d2fc1f327753c727013ddee7831fa2ca6ca,2666666
0x03068Eb4286521B79e346A3FD4EcB9c12Cc95bfB,590318
0x03068eb4286521b79e346a3fd4ecb9c12cc95bfb,2666666
0x03086CD1A9714aB15Ccc6B274d045D37f3AD365E,590318
0x030a806c9d2B7644df56CBEf2d9bdDCeCD6B239e,590318
0x030d16AB01fA0857E986634ECb7379F32ba989d8,590318
0x031333b6F652C99A73b931f951235B3bBc0A0267,590318
0x0317c78426ADA576A71527A7e9dBF09c25F1DCcB,590318
0x0319Cd0aC071abcb479c0beE32AD6B28d8a79083,590318
0x031EBB21DdC4eA7CB7f24817B26B3F4b827F83B5,590318
0x0320E2787d5c62a4A81F219DfB3C5ABdF6265362,590318
0x032128603A0f46290DC0dD940e48BEaDD3Abe8FA,590318
0x03233Fc77B694029405718fBF5Aba0D2DaCABc7E,590318
0x03236d561a2a47edcd5A259CDFfF781FF8c035B1,590318
0x032549392fB93a323A3572c0f8852A18231dA599,590318
0x032A89e25AB006778afB24Cf8449b2B9bda4f04E,590318
0x032CcE55872FAF6B1646BFa3E5AD9Fb86a635689,590318
0x032f23420BeCe6F21f40086D76F5DB9aE7B9D1d0,590318
0x032f23420bece6f21f40086d76f5db9ae7b9d1d0,8000000
0x0331f2a4ccd11e38b3a22e391f2bb240ef47e5f5,25703315
0x0334ae4d3a927a45a4b11cb281fce5a2b2eaf244,23036649
0x03383e7481c68b809faa79ea13f076edb2866db9,2666666
0x033965e03cc0324aadfb90f332fa75d56ae2f24a,8000000
0x034006b5d2a5f4fe8c6c5250aedd263b31686ab0,23036649
0x0345DF18ecD66849f82b08Fc0f7f76f72943d6c4,590318
0x03490363e28c0edbdc49cdfc7fe00873f7a5159f,23036649
0x034c2295Cb88d40ECb44417d34B0d72c79Fd9480,590318
0x0354DbA16a24ce38290b1fc37b317f7FFF5D2E87,590318
0x035897DBCadaD24A0897c1D34d55f83AD56faA95,590318
0x035F01b917299409Ca5F6Cb40ffd6c9E53cF2BA9,590318
0x035dd9460F0D804f5E927883174553d874082801,590318
0x03667fa871BA6aE6B3966c037ce55ba0e1af4E6f,590318
0x03680bf4e7148c55aa40e560af083bb9f29bb590,2666666
0x03680eed26e3c42ea7ef361e33403a0a2b28460c,8000000
0x036d3D91660A0e760d57318ee7833256d7a5f270,590318
0x036f1E40BD41595e30737b23Bb3526420B1d11F9,590318
0x03738f950AA079DC8afBE287244111F29E2d3bb5,590318
0x037A296Ab8Ae29B066e20F6650511cC526a6398C,590318
0x037C9A83D218c07Ed9d7490aFaf45cb0D46F95EE,590318
0x03800E7ddF369a2DDF36BB49e87F9402F52D43ce,590318
0x038196C9446f65245adA767531e05BA1078aD5C0,590318
0x038201e05D140124952E34E31665420489288338,590318
0x03831Bd895a1b97750511920EC7436C5F0cb25b0,590318
0x03853d7396fb31A19786472671Ab06b45034125e,590318
0x0388eddB2402B6a3F9dBc27E67A0E43FBdB219b9,590318
0x03894Ad30360F5515383c061833C24F873d3ed02,590318
0x038B898cfa66f06c110DBaB0032962a6a6429762,590318
0x03912365Aa011Dc8b159280fc5023D9FcFF5a8fa,590318
0x0399bEc52d9c0Fca76aa937fAb9BaE359095DB14,590318
0x039b8D102804A0806833cE81D5ECc1D3921C51a0,590318
0x03A101901BaFA5d179aDa227B3fC2c3CEc4cE000,590318
0x03A6349ce61814473d356Ff43cAFb50015650b3f,590318
0x03B80525CA033EA55b5017c9FA90F31A6ab74443,590318
0x03Cf08B0178125D45b39C4B4bA1eA9347ef16ADc,590318
0x03D156DAF933B6739eA8559bD873216b4B7F74dc,590318
0x03D5e5d587d2AAfcB3F9f3e369E310C62038112C,590318
0x03DFA725dD0573ae359030C34Cc027dC10895B2f,590318
0x03E6C7C77592854b91c43517B9519875093f019F,590318
0x03ED2992A1D07aB57EC01F0c8914E22B53e48D87,590318
0x03Eaf5350aBEcEB180A60afE8756088a71ce517a,590318
0x03F521ab1D88A36dFEED95EC3DbAeB7a8a27098a,590318
0x03F7f1aB10e8bA1f6c3B7ea588087Ee12d44Dcc8,590318
0x03aD5F01259EfEd7e891b6E213A20B4bbeF2a0E3,590318
0x03b5572dA085C657E13a2d34e42e4f1435CFe95E,590318
0x03bA272d947E06B92a8ED168A1727cc3a21efA0C,590318
0x03bB8f31FB7be88a03Dda7574f2140a71424Eeca,590318
0x03bbf4F56889b17f3b9112d012B022e02599a79C,590318
0x03c46a21f2D33f35D74353bFEF02819632f9e0fA,590318
0x03cE7863A2b62f4E227fD98605B79BEb32618c76,590318
0x03d06af4264e9724e7eb2448ceae63cce1609293,2666666
0x03d0a5d036a369d2681ca5666149be00ead300e3,2666666
0x03d11af57ddc45a7740a8829e3c501373915d724,2666666
0x03d9246Fd9625d410A726d4605f88028669F0c3b,590318
0x03d9C5d64F42D7Bf3174cF7970Eb47b633309D51,590318
0x03e8772Ed8EF7847D148eE22a713D896B4463A2B,590318
0x03f64d6dff029208f599afc2d0334da65322c28e,23036649
0x03fb304E088b49C732f9c81EE85EE4C2E128e4c2,590318
0x04028198E451f64212c33CA22cB3b1FbA6272459,590318
0x040F164a60E4930dC3D2930b88a5F625cA92E449,590318
0x040a7d9bca18e7d97e619be133bdf470469da92e,23036649
0x041180F3693cC73b36dA86A1E1046b74348AbB53,590318
0x04133bD335bfa181B8958E7839434786D53C9b7B,590318
0x04140A2E8A935099dfD49ef3dFb1C4C594EcfA7A,590318
0x0417EC6f83119a19aD81264E6E6dC70D22823824,590318
0x041C6E41BB68B7f87a50A8dD0de798C5Cd20A7Ec,590318
0x041ab358798f6a923824056077382bad555f4560,23036649
0x041d6E6868E419399527411D99927d14FF0C7e69,590318
0x041d7710eb5B759cA179FcbF8A5F9b534E6a4C21,590318
0x0423662cdf3Ab7B6d7aD8cff28Fbc53A7300a111,590318
0x0427f3017616bc1821fc04b03865d4eb252b313f,23036649
0x042D9fB62f9c4f0ae152d73d0852BF8423FDfA56,590318
0x042DC5e8D63A155860788c6F8cDDe53a91d78C1F,590318
0x042acf4cbad551d4b67d7912458c0c64d08ac65b,8000000
0x043165da061a7bc99ee1bc4a057cb2ba6dd0123c,23036649
0x04320594f86C3aB69CaC79393B87e63281B17D8F,590318
0x0437b8a130B61f1829E680837eBdF5aE0B3970D9,590318
0x04384E00D563B795dDC5A5A0Aea8BcB28F60DeEc,590318
0x0441144d19000bfcfED8c5EafB3533F3e26FA272,590318
0x04548f84f0b1912ec6bd958e1e9f0acbf8828f66,2666666
0x0455EA966197A69ECcf5Fc354b6A7896E0fE38f0,590318
0x0457b4770Be362C6009a9eb4Ba9Da5b913a6fE27,590318
0x04581aB91701858a86E8a817824FFDebdF673367,590318
0x045E8ff4B9851121b1D305eEFa1d56E452A655ab,590318
0x045bAD6bA93375AaB642F502C2C89851488C129F,590318
0x046Fb65722E7b2455012BFEBf6177F1D2e9738D9,590318
0x04795ADcc9e7310EA09c0Db1dD7b5906e182B1F9,590318
0x047CfF27aB58Cc8e2DAbcc0a56e9790d2bA0CfcB,590318
0x047F606fD5b2BaA5f5C6c4aB8958E45CB6B054B7,590318
0x047cb070BA6BD4445c635f9294566c1B2B08a252,590318
0x0481B57c78E8067505eCd764A8e8bd75b51D5e22,590318
0x0483800e97Dc0a2cf5098eb99D5e87b5499E4E1e,590318
0x048A26e7CcAFE4e965c1d82E21855b1B770833b4,590318
0x048A8BB49aC39C7a31ffBa9f9b6522396Df26B2B,590318
0x048BD3Cf25AC8aB3d2592E65293034C50f6498a0,590318
0x048fbe1e106477ae49b1977950d2c1e431717181,2666666
0x0491F3427D490949E194baa6C1BaB5aD77c6f68E,590318
0x049569adb8a1e8A9349E9F1111C7b7993A4612eB,590318
0x049808d5EAA90a2665b9703d2246DDed34F1EB73,590318
0x04A0a37e982E84893612980fa8d6adb39a982b2C,590318
0x04A74C55bbD345939a9E4F451B383489dC57d8B5,590318
0x04B8B29abe8211dfC57A519A6a99DC95e77cD969,590318
0x04BEE613690e98A1959F236c38AbAa5f2439B14a,590318
0x04BEf5bF293BB01d4946dBCfaaeC9a5140316217,590318
0x04C2dD3D133925d01407Fac19bD8eCB8e555735a,590318
0x04C37F41847489D8c25F2c8dF7b9D28E790d8ACe,590318
0x04C3956B193F3Fd1caFC02A6386e85e8b31b6274,590318
0x04CD9cC35601bb748cBC98B549545F44068cDDeB,590318
0x04D2960C169694feCC441651BD0995385338338f,590318
0x04D3055Cd894F30540199431672F5AF127Fd6246,590318
0x04D6f21Dd797647E752d0a81850940Df7f409aDF,590318
0x04EE22568B4ABBfF87a6827BC4f801b81D99146B,590318
0x04FDB51794fCBb8c760566Ff57AFeE7d2A996C60,590318
0x04a388766aD092Ee64c0c529a3FDBd04AB5C345F,590318
0x04a5e8C4A44780d115aDdA776B04Bcf1C4F3254E,590318
0x04a7d374aB8C637d71C2611AD7F1573bad7cAce8,590318
0x04b0eFe4051e4B8686B61aB45F08ffa644C3d34c,590318
0x04b9eda8336a02400c6d5da2830910088Ab14Aaa,590318
0x04c76D331Af1DC0AF2f0de07fBc44fA7A1b2Cd3f,590318
0x04d3b4a863586b904620e8f5a4af5265ea919f82,23036649
0x04d7BCF273C5b0DeB7cE3F59f70be6bF933C47C7,590318
0x04d9ec002a7390f6ddd7e0a57c3a6b572e8cc5e9,25703315
0x04e1c348fad525d0feeab18744480a31237ae58c,2666666
0x04e40Af9C364ae56415669488f7778c2dea9B482,590318
0x04f32D590A635D78eb44b58fAE72eFCe679968dd,590318
0x04f3d97C40898e3fE5Ee5FD0495f9A1C9e0Ed6B4,590318
0x0501CA1E97Aeb17e5765b2Bcc4dd34924495389d,590318
0x0503bF05c49F96faaC2B0f5fD394672eD4603C52,590318
0x0503ed50534614193fCD085C5De01728A4824822,590318
0x050691B0A5e186bab19CA6dec706eF3b097a8d41,590318
0x050De206400e8381c8b73a1cDD822f2339911409,590318
0x050Fd0e5D63C5f75F98edF34ca7b48299802a92e,590318
0x051010142A0B9de7F0Fd8fb31d085407287F6381,590318
0x0512a4cB384A6bf5F7Ade5065318a080aE5ae01e,590318
0x0518F27E8523E9B33791a86E5cf39042BD73b586,590318
0x051910A68661df4D5cF6650918BDdA6B9E0Db046,590318
0x051999d5609E4342e6043D563B8a9BBF79CAc249,590318
0x051D39C0F2104561dfAb8DbAbC4b3aED5C8dc0B8,590318
0x052564eB0fd8b340803dF55dEf89c25C432f43f4,590318
0x05266b55B8a0250908Cf6c56f3298471b68e1054,590318
0x05290e2507a710b4f1e99669eaB1c5c939b37561,590318
0x052a16Ff0d9Cf254d5Ee4557e923A46d40AcbFa5,590318
0x052a22FE791023bDa2d98cE9567cD5c027EF7330,590318
0x05352b6c49c2e244313f0171b99a72537ff6cfce,2666666
0x053E6294400a9268E35Df445624F58087C7F388f,590318
0x053af7a9e5c21b1bbe39ca7f63aea856ad3801e7,23036649
0x053d51f8Df0CBC3e25C677613F02944EEabB1A51,590318
0x053f86614d2Bbe29E0776adb85F5e1B008C26462,590318
0x05412df9Eb7E870733850117af6A59E796F0c00F,590318
0x0541a18d5de31FCe3E5F44bF18fd2782fc23bf5E,590318
0x054424B612dD21702499e99D6a87660D2d34B5A4,590318
0x05462278a9141D72bc04B071A96D61759F02532B,590318
0x054Aa783c308e2e03675ed1Ec50FB130827E89c8,590318
0x054aed4A2c092820F418cd28Ad23155335e5A9E7,590318
0x054d67a3d574859e5982933e1b5abc573c4d4497,23036649
0x055447A1BA50326693aAec14E75C013f4C66793E,590318
0x05560276F5CD6C543277EBF438D35A82FDC4BB72,590318
0x0562e17E70d83bf97472F40FA56aFfCB84f6Ba1B,590318
0x05688B992424bBdf683b96484897E1adD56D5c0D,590318
0x056ba834114908Fc6093A9206C0c3453aD73D2DF,590318
0x057291BD078F28687009ec4f17672adf6FE88423,590318
0x0576aa7C914763937BcAAfA1fa8f1dFf311C697d,590318
0x057C859aB8f384302e86112f58c149F64Ac7B422,590318
0x057f5bAF58B5595f1F76BAC0C5bEd89D3cC219FD,590318
0x057feb8f9c05Ae88Be7913CaAd0C2CaEeb807C54,590318
0x058B10CbE1872ad139b00326686EE8CCef274C58,590318
0x058ba239129EB133F9B4c79E9D3D06E421136CB0,590318
0x05936f6A5eA9aBFbFcc690f1A6140d97E80640f9,590318
0x0594B5449E7615c7CAf32559A19f17Aa36BD96D3,590318
0x0594EeD4247745248ad46812C7FF84c5a61CC20E,590318
0x059597640CA0FBc8724E1563dA54faA468064540,590318
0x0595CC0e36AF4D2E11B23cb446ed02eAEa7F87FD,590318
0x059AAB4Eb7A2EfA6072E11c80404870eC752DDf6,590318
0x059C61735Ecfa3d07762d2E8E223352FCcD6a1F7,590318
0x059C774e708D60734e9a4e1cB2769523140fcB45,590318
0x05B7d855CDA6170fa79A464Af48F62B98ed1199D,590318
0x05C6959d997cDe99d2f967367E5E9F1959bA9706,590318
0x05C7Fc772349e3eb8aC6BC57e81BB22cC3807539,590318
0x05Cee3a59e550b7b79991D0EB17344b2f8B52160,590318
0x05D95d21B9680b1Ceab8fB1F1509FeE72Ca6D6A9,590318
0x05DE6101E177e4BF50fbF6b0Cda7dA797e3D969F,590318
0x05E09b56eC91620f9bAB354C573712e446F8eB11,590318
0x05E0d2C2376f1D9FB6ECB333AAd3BfefFaA0B253,590318
0x05E1185fC9F44a766bdb3d9790415fc8d0Ca83Da,590318
0x05E6FFff89d05b7eD820DFedB665e430252c8132,590318
0x05F510874daAa20F89C2DEd01b11f26C1bb6A1c3,590318
0x05F8341003F99F9F876c8Ff98be1ec31CF017fBC,590318
0x05b4c5Ce6a35Eb74D4598E7897730f3672c792d6,590318
0x05b4c5ce6a35eb74d4598e7897730f3672c792d6,2666666
0x05bBc39576C73Cd0fFe5deFd84cDF2C04Ca6caaB,590318
0x05bbc39576c73cd0ffe5defd84cdf2c04ca6caab,2666666
0x05d8acee2cb990bbc56414556ba84e3295f4a266,25703315
0x05e20721d94f5d6b561b5Ec307Aeb6c928a76DE1,590318
0x05f154731D83B5959853B7BaF616F114d1579A01,590318
0x05f8c96eEaFf7DAA8cDB336c18fEFE0728c2fce3,590318
0x06037c2fda3b270ca6704f45b576db851faf8d59,2666666
0x06046a4b4474CEB2dD43FcBd3F46688c33c46C64,590318
0x06062D9F4703a1f641D8e3A9F52a6b0DA9B47c69,590318
0x06088cebF738E82DEa07694F4E18441aa3A5e40D,590318
0x060A45d60d00d4c7c4acBcacb5af34fB9A37569F,590318
0x060b3C141bf0E11216b1a18a98D1B65A04348496,590318
0x060e6d8a8c88e7abf589420aec3b35f722dedb62,23036649
0x0614883CBA289FF5eac840c416E6974e78D4dDc9,590318
0x0619EA70068A1686F54Aca2F5903d6E24afDc1f8,590318
0x061A9D627028fE708E1b77e591b9bdF41392D4Ba,590318
0x06203c29835D5B7762dbda8F2FDd3EC20b9ed461,590318
0x06232028c253dA3404cce43A4789dc802a62C846,590318
0x0624838BE14c0753d55C61a3D7a91B2B9927f859,590318
0x06291CDa94d7f7Fe7E561B16B15dE255379d67Cf,590318
0x06311880008fE0C21E83544186D722FfB33A3c74,590318
0x06311880008fe0c21e83544186d722ffb33a3c74,23036649
0x0635D46C5Cc9E37bD6bdfaCB100e891459B0c708,590318
0x06366483767c4d9f62d35623931d111d5b93cb0c,2666666
0x0638694937543c7dDB1A28EfEC1Ce04fdE88Bd98,590318
0x0639E840829E39ae5CE839d9121047273362db1c,590318
0x06405dcF38a61487c57066d07c1D8e09e0514778,590318
0x06407f8087a174ef67e42b3b90a9e0f76e9314d8,2666666
0x06453fC6430800800fA972e827fca4CDC2080514,590318
0x0645736eeCfE8B572cbabb885eAaDe641B659846,590318
0x064972671d7fb62e6663a993cb61e279aedc64fe,2666666
0x064980edD7D43AbEE781f49A4e31C06Df05EcccB,590318
0x064e89061Ce80cB1B41a2d2963d48d2E8CaBde4a,590318
0x064f5692B711FE69Cc10ef3848bA659B8B6dCEfa,590318
0x0650a26c9fe7E66BEF8e2a35b86842633bd957d7,590318
0x06573Db40707710D991b2519CA9B5C1a6c5C1Efa,590318
0x065837CfeeF5C3c73bCBDC8a0F7cafAc38f5E289,590318
0x06695aa7fc7f18be39adb2b8547ef5509f9e4ed8,2666666
0x066E2532002b4e07e8F738a27018c13C267978e8,590318
0x066f0c9A68dEEa458643A4758C528E1558cd8D86,590318
0x066f6Ee5b0Ac580d07CffFeebBf4f69A05032b0B,590318
0x0670B3C7A59f2C0cbd6A7Ff4F95bAB0A4c26912d,590318
0x0678e836C26AbcFcd2b7e49559aA1a8B0f3ad36A,590318
0x067Aa81b93ca0c998c50A8Ab727F13c2812af9e2,590318
0x068243cdC1E88E867557Eb31D8b43b4C256374C3,590318
0x0683710D2D2F2C373994A33e20b98ceB5Fa94443,590318
0x0683a686B5A263b5099E847253c4f9fE1BD404AD,590318
0x0686d24D3cB823923275f40Edda28C41DD0c06fC,590318
0x0686dEED80c54bB9dc37e02426d61DFC1aE440D1,590318
0x068C8Fe8420BCcE9f7b53EAEB4e401622848D9d5,590318
0x068D7cD7553554897eceaE1E16504133eB4Cf00d,590318
0x068a4c65469bd7503fedf01c2c3c0e54a1ecf8d9,8000000
0x06918E5360F042cF2cdabCD93C83305abce84E0a,590318
0x0694580c722c01e65125a2013d3e83a360d78faa,23036649
0x06A43D78DE87f65255974Ace2fcbE8dB37e71000,590318
0x06AA0B7Ca7B2Fa191600531aDC5B48aab7b90B16,590318
0x06Ac3826c858C64b5755E292d17477090d3d2149,590318
0x06B0b7Df4CBE61FA5344B07826DAE297175C06Ae,590318
0x06B58a6711983515181262fd0D943f73FCB767D3,590318
0x06B66c76B61C8966805B4dB349aB3ce91D0D1Bde,590318
0x06B6d47515135E6f91A8ebfbF7d248FEF51aB533,590318
0x06BC05b162Bc4E280f6305B5da8550B42032622f,590318
0x06BdEb4087C20B06129FFf10B64638E30475C546,590318
0x06C61F72D9B2De93C07DF44bD7c90FB073391D82,590318
0x06CE03c2507b7051875AD384386559b9470e313a,590318
0x06Cc8bc0956F8667edD60064C4b29bA34b0B0756,590318
0x06E0602c9158EE8478365C74606346d90d06Df67,590318
0x06E6841dC063cd0aA0147E59b98506Ba4dc59b2e,590318
0x06Eb8842Cd60E6CBDe82b8C8607edA3fb570Dc0d,590318
0x06Ef623E6C10e397A0F2dFfa8c982125328e398c,590318
0x06F455e2C297a4Ae015191FA7A4A11C77c5b1b7c,590318
0x06F65485a23683CE555bB6D23D6606Bc1E23166C,590318
0x06F7876498336Deb1aaFa9A09F6ba3afE635382A,590318
0x06FB94aE1195738b946651ce5885Cda394358eE0,590318
0x06a3481eFd4c3e14611Fb4679BA101e337dB05F9,590318
0x06a4e2F05aDC6AB2dd9925126ee1870024D0372a,590318
0x06afa0c8cE014e80250790896F19b84C7E949631,590318
0x06b29921108962c257B9F4f7181e57282044EC3b,590318
0x06b2D84b6ac9D5FE319A77B9132d34B30276E6c5,590318
0x06c16882331F5020B2F81418E91da1DD63EbEeE9,590318
0x06d4B89475a53111e8939b1aE8Af7e14804A5186,590318
0x06d6fF198A8aCE75A4A1f7739e9589D13AD42287,590318
0x06db231279f277fe9ac1d91cffadc27d927709b5,8000000
0x06e35B0b103Afe24AAFF06a1DF83f20d96858243,590318
0x06e370e20b57d8803de367002023c2abfdae9ef2,2666666
0x06f13729cd499a1c1cc86cfddd9b9ee22ae0798d,31036649
0x06f1F8Ac2F4908322296F09651e2D599B724533E,590318
0x06f5C1E53f803c3554c4a044deC4F5e1DE087FFf,590318
0x06f6A5423ADd01cBca57FE3fbbd957c9E4707B39,590318
0x06fe6D22EE588bA88C2349FA7d9Ad3149C0c57a3,590318
0x06ffD8bf74094Df4872B41a5f4a19116433863F8,590318
0x0703daabcbe4bd3dd9a70d4585f5e105cd96cf15,23036649
0x070446B6961E68ed2632b38D6380fD5027c8b2cC,590318
0x07051FbC12098a07f56aCD6E302E151Efb49e340,590318
0x07054FEf7B1691F8Fb377aa1956730aC455A29c9,590318
0x070af5f01338b52de6899600fc62bd316b98b046,23036649
0x070dB41C0F4C37Bbf9ee1CD0f457B719a48090C1,590318
0x070db41c0f4c37bbf9ee1cd0f457b719a48090c1,8000000
0x0710eE20CB035b50f6AeDF58bF37b8dbD842f1ed,590318
0x0717ce45508db717ae59637c31d407113dbc6e95,2666666
0x071D22752912639A9A99b1C84d975FFBADCe1F3d,590318
0x071D9fe61cE306AEF04b7889780f889f444D7BF7,590318
0x0721E966461D5fF08551Ea67F70B921b26675Db5,590318
0x0722692DeB9c7b0B910C75e7d07C25A0CE920Fe2,590318
0x0724ea4f4367028a3260389ee97b3034e39e0964,23036649
0x072e8910897B1a5F5e4C55CEE4E323F15D218194,590318
0x073587790AE03769e38F221cE27475D213cc1CB6,590318
0x073870585177a7fd6303086fa11f7d6fca85d772,2666666
0x073acE4E0Ac63B1E977b7DEd7626e3De4aAf8C72,590318
0x0742ab34db2674354553d263acaf4f8b6c61df76,23036649
0x0743D54A02E3a80bA2cCc8F5F53BDB7F13A043B2,590318
0x0744AC2f4875084F9A811e1cF2A2a38e9B174BCE,590318
0x07466007020f441c9fc23986222cb1ca3b4482e3,8000000
0x07482e92b7980ee3744e3fd10ebd30cd4753adc1,23036649
0x0748e296e5a350Ec36C8487a1Cea406e1B57d4b2,590318
0x074B1B02AebF87BcD04a8e4545A16331fFd7FF52,590318
0x074E9be931395b58c6d84f2305757e4992E5186b,590318
0x074cB0FfAfACE006298A08e32F6c45cDC0f9F7da,590318
0x07527aA8b1Ff4A54DFa8CEFbECCA1A081B18dF6A,590318
0x0755dDC9222FB044F9a1a0DCE83F28692C071FD5,590318
0x075709798cd6b69B9925B3243ABDDe9E1031C34e,590318
0x07590a393C67670463b80768fEED264832541d51,590318
0x0759a5D2674Da77A782C52a7c5B2277b468D0A66,590318
0x075B4343B6e93cB104E1120769FB60D58CC741a3,590318
0x075e599d90383c12a499D233f352e565Ff296c37,590318
0x0760E844e6f368ce73F1eEB917d37Db19375De3B,590318
0x076f167983b74Cbf86b777f8FA1D41688c67e986,590318
0x076fe519C1950aDd77Fd242F5BCbca8aE440033c,590318
0x0778CcD1C5f6594B9391cCEE3dc8171897C0ca62,590318
0x07796f0FECABF25A8516d99b0669375246b10C2c,590318
0x07797108710E0aB1060c40838F3E2A50E5B41Bf4,590318
0x077aC19FF94d46F7155Ea660C92ab53bf8868763,590318
0x077dd749D032267CbD292B3D3aa5F2d60E3e7626,590318
0x07808cD6a4e3a2C7d17B3C1b9173360E5602E28E,590318
0x0780A3E4A7998F9D643F506143C7F77F64e77e02,590318
0x078763420dF0fB48Cb36568254c0851370033AbE,590318
0x078C1a795E56674cE3E0cDef5BbA886C616B4927,590318
0x078CC4caa131eB9d6D3E31847946d5F37fd3F58b,590318
0x078E4e1507d0d52987C6f7f5c6804C045100922D,590318
0x078bb1184B95D9162E4CE87C382275c2108B4dA1,590318
0x07930c93DCd3425b9ebD67765e28a0bbdb0D5893,590318
0x0793886aBCc2E243D890df1E76E1B84220f25615,590318
0x079Cdc8caCA0347A12068bD1bfaF31cbC3F1F1fF,590318
0x07AC7fb4000feD898212F0B28D03Df0365f7b1Bf,590318
0x07Ac22F3b68a402672952A1A2905Be99c3E3D371,590318
0x07Af312114175C9b91747091dA503EE1c49AD289,590318
0x07B48e65426432D682dFCCe92364F908B9c8b840,590318
0x07B80d98d41814c6e384b0Afd27768506117DcbD,590318
0x07C46727630Eca760B5403919469cB96d112DA22,590318
0x07D9513A974d89306452d5adD4EE228CF853875E,590318
0x07De58FEb1F8b0c5979A800811f3BAd2f54DE26E,590318
0x07Fa8BbA3373DeC2c611e9A80EB3a88216B30126,590318
0x07a059de315aa57a79F48eB59A0f82b656c71a7A,590318
0x07a145DbBc7e425d0F1B3B9982F955E97abad7a2,590318
0x07a18a7d9d8f257b9a82bb72c3898a92754e86e1,2666666
0x07a1d1ff58864b444e464c5cc5342d43949f5840,2666666
0x07a1f6fc89223c5ebD4e4ddaE89Ac97629856A0f,590318
0x07aA886Fa011b54662cB903a58cEd8d6E81B5f53,590318
0x07ad4a6eff2278f3f24bced22a9c4e8436f0908f,2666666
0x07af501133c30d90384cddb696d59f7d9ed468e6,23036649
0x07be3AA571750a59c4f945bAd8C941Ef5AC09F49,590318
0x07c24692cD32edb9BBbE2566168F2D47C425Ac2C,590318
0x07cc65Ec4de72Fdf7d2B6C39Fd80c4EA4706215B,590318
0x07d56De1DAA84301e9FfAa1A76beA65D679DF9c4,590318
0x07d5e1c0bcfe6a27fcd818cd87a45e63eec3dd9a,2666666
0x07e0Cb436908F0Ef0164aC0d3624f7cA677592E6,590318
0x07e8ED15068028852E3f1Df5a40DCE8C90799eC4,590318
0x07eA7aa7A752C8076a04346815ac80887422a191,590318
0x07ea43e8c9a946cc23111c2ca859ceca42738a37,2666666
0x07eea1917D9fe9879661c40822Bcf949fffEA97e,590318
0x07ff9BE56Ccc09527c832b44EC826280FfD40ce2,590318
0x08036D1ba26160bc841BA3e924F80059367FbD2e,590318
0x0803aacfb7a90a82b3c59917c2f530e54c65c1de,8000000
0x08046e2349017615d53D3977c307d39AB4eEB3CF,590318
0x0805CF8647c047EC6a76CcfeD56D012d5be7715A,590318
0x0806472257F25DB727Cb8839877253c77DDbab58,590318
0x080B4f6D28a55BD5193B71C1059CADB4fB91f6cA,590318
0x080C1eE5df627C56a849A04C46AF1F533EE290bC,590318
0x081561Be8Ec2Bb5117d9aeD5c408eE9f20754F86,590318
0x0817B2783F18d20f04bF9A293446CEBB17B72585,590318
0x0817DF5B3cA6C1e920a214e8AD8F8B898BC04D22,590318
0x081942c75ff82341Ab9f71D5DF8B1309F6dDBC3e,590318
0x08198F7CD37ceA84b0A1Fe85F6689cC838F10A9f,590318
0x0825cb1A6Ab802cd2198cEd1680F8220942dd947,590318
0x08299d244c21BEE544808c911fD3Dea59051ecC0,590318
0x082E53F6716e1de46BA8A34db5b3D725f84a839d,590318
0x082F98181163a5b8106395168F9Ff2ac08915180,590318
0x082bADAd6c2Ce1faf513839281908832a02DC0b3,590318
0x083A4CeA5cBF6dBFE8c6040787280d01D24aDDB9,590318
0x083A761613F5AE586Da94e0ef97f3250Ad4dbE0E,590318
0x083E952464B4a8e988ABE39868a652f9C2AD050e,590318
0x083bbb6e73CEBedd0373De63082B0CBA39D09672,590318
0x0840b6c046F874c0AE6574cd8219344a4eFe2644,590318
0x084334dfF715245Ee583d8042D567579fe6CE52c,590318
0x0849241cd06B399718012fCaB202EfA4AdD43FCC,590318
0x085464A72Dc18EDc3B43a2Af16c7a71477919B23,590318
0x085843DBDe124AB8baBD558fea60534962628338,590318
0x085C8F7DfF23d8B145e273c59d6f2cae3e75B5B0,590318
0x085E250A42fD72abe3DdA29A75A3f605D9cE38Ed,590318
0x086E353A30A65297Cfcb72AD873DB432fDe3Db94,590318
0x0871deb34BFd2052b1c10dC4f6c0912A2A47e927,590318
0x08727A193f4996c3EB5e32433217f5933a40209c,590318
0x087E8fa9b17aAC6BEF7726dcfFB8650475E4634e,590318
0x087F5052fBcD7C02DD45fb9907C57F1EccC2bE25,590318
0x087f3c9e27e49b5230807edf92ad791e5f7509f9,2666666
0x0885969Be9629D842Cc33F20A8200EE9db6c4E10,590318
0x088E76A49B12d9eAA3765f6F77BE84303C6fcB92,590318
0x088b76419cd0855341919cf7d7e5b23aa455b805,8000000
0x089563d1F7E3D20791D3F4224Bae908952332C21,590318
0x089FCE8bE711CABc806d69B1d0d5aebd52A06455,590318
0x08A2f9315270D1c05903bE4430B48e1e3D63444d,590318
0x08A35b0bA6aF93A08891a6e003ce0F3A3f6Be517,590318
0x08A39aE0b0dA06fE824a65fA0A73C3126A82A0bA,590318
0x08ABa4A72D866c1fC1dDA72508E0CD47388304Ac,590318
0x08Aab9029d11f7Dddef5391c81a173505458C099,590318
0x08B03BAd66bD170fA82bf1706C46ed2b01bD0284,590318
0x08B47948323Fb573902b71C73B57168D148c2Eb6,590318
0x08B4811d9715CEe760d99BE22EA912C002FC6ff0,590318
0x08C8e09F7b116Ab1efe7453A61dE6c18bcF1d535,590318
0x08C989732EbC6A39b03588bd2681872Ef2BC04eC,590318
0x08CbeFDcfa34370C6CcE484f63EDe5Fd977af57f,590318
0x08Ce80A9cC681dbC2Cedfa22765F859045C3Ce93,590318
0x08D1B2911b924593f8a02d65354899Fd53eEF772,590318
0x08D7F1B8EB74FCF4ebC23EefFa6a2B9994c26818,590318
0x08D816526BdC9d077DD685Bd9FA49F58A5Ab8e48,590318
0x08E282840534E8620C8BA4aE34AF361868b0D8Fc,590318
0x08E61677363e7228adfa967bb542B1BcC02BcF4f,590318
0x08E63b00B38eA99d745edF61FB653f8949aEA5e0,590318
0x08Ea1c02170E752a24ABF9a1B44ff18FD0687AE6,590318
0x08F6aB6d18C6Ebd48010b36Ee26bECA02e185098,590318
0x08FDB375436B7f2fa2b041E7467AbA902f841fFf,590318
0x08FaAee45aA843a601a740ee720458a26c047860,590318
0x08Fce4e6F5Eff52d04df42b4D90d6e6447f26b80,590318
0x08a0F4AABbf2057fF1054d2aC6533B09fd658259,590318
0x08a30a4b52ac4c427500951c0d2b1ad795df6f0a,2666666
0x08a49d3ac98f1cfd810A37c980c164326000B315,590318
0x08aFFa58383beD4d64e864e9D0e3481a6142B915,590318
0x08af350f6709Feb4283f04EBf66902DFdE747c2B,590318
0x08b1A9a3BAFaFcdf3D611CCA01fA529751A156A9,590318
0x08b4B79A44364f7d8A9Bf737C704bD59ebCCfB27,590318
0x08b7c07bf105fd40b1ac76d3d59ead0aeb180d4d,2666666
0x08bf7233fc749a55aD990afbEd3e7adF03b2b9c8,590318
0x08c1C67445F3dE7f707e8eB46c9a63e2dd2c3E32,590318
0x08cCD3684a57AcD5eb2CEbd51cAF88c75073b23A,590318
0x08d16a6799a0c71a622c3a2f1485bf05f9faad1c,8000000
0x08d2ccDBbBf27f7cF9c1902f086639A49dDfbbaE,590318
0x08d5925626C701580d5b41BB9dCdFcE023A36308,590318
0x08d8Db85AD681Fa6a80c0D1Fab9312F00D1A1888,590318
0x08eb8C48F1C34D1eFd8c6b2e885Ad3f5b0AB8586,590318
0x09006946E70bB95fEa200e635755d979F12f76fF,590318
0x090096904100b4e0e493D1949Ac0d184F1a44AC5,590318
0x090197AadE9266008141e9E32c144526a0004cC6,590318
0x09037baf9362f82b134d1b88b1c79b1ca8a17eb4,23036649
0x09073129EFd1d68430d174122b6b2fe7AD6adbCE,590318
0x09085809fB3E4B58A83A187adFD91a2EfF3FA41D,590318
0x090941a93cf21c0811D880C43a93A89fDfac3000,590318
0x090A40E8Ea78AF3944D66B0B0e6D4Faf28B3ee49,590318
0x090eA16a48bf0Fb533785aF686Ee6ddd3add1f3e,590318
0x09104bbBe6593fc72E39BED7D0D12F49e658f11b,590318
0x091406289eDCc853313d8588Ddd2BF38bc911737,590318
0x0917d01148E19d76fE4A91ACe353Ab0c668c22c3,590318
0x091caFe937Cc446fCC45a87FCbB8d55590B862Dd,590318
0x0923c923b809c64994f7b31c412a748e6ed83492,31036649
0x0925D347f811d264879271D2905f54309EAcCB93,590318
0x092AD3842DceD68b5B6Ef9CC602Be66924BaECDd,590318
0x092Ec6184987d42E165A6650D56709E494Ba8D02,590318
0x092cfF73c77a9de794D25b0088DeD0e430733dbb,590318
0x092f85A1fa23Ca963a5880A6b102Aa254Be2a703,590318
0x09334b430303aB13Ba02E5376e835A1c31a43e1D,590318
0x093F46681559800C019DAC015d90f3B394405CEF,590318
0x093c7190779dB0060Bf579b0F60cf1AB84E4A737,590318
0x09413369DC55D5BBf0E826Fa4824A1a398c49B9c,590318
0x0943b60E9567dDe7FD2b797A1702af3788AFf668,590318
0x094F8EECDf916aA47E5382c1c1E83888bCC03dfF,590318
0x094f362A5122EF05F50c2D60B49D30f8a66494b0,590318
0x0957F1Ef171B23Dc0C4c4b447D98AfDB59dd7C4d,590318
0x0964256674E42d61f0fF84097E28F65311786ccb,590318
0x096Eb2ebd3D6908432DC092c38714E1969725f3D,590318
0x096c4e57e34aba5dd8c2cf4b7887f33e35781772,8000000
0x09711A9e501e03769F32A0F8fC09Aa517337b388,590318
0x097131383416cd630478CaF4c5c1bf6F6Ab94362,590318
0x09727c8eef560C9b0581aa1f40C37eBAC80aB389,590318
0x0973C87c2923d7489f5B26E60185fDD878BCe174,590318
0x09748d883d8fead17bf6bacd7078a9659e66aa0b,2666666
0x0977498E55933d414bD441129b7b40ec3D342752,590318
0x09778256Df9e1389D600e2b329c69332CdD9f5D3,590318
0x097910d7185887f5E1bCe6B15d4d8EAaD48acE14,590318
0x097960cCb555F5e6bD8CF5C8767724bF6420d685,590318
0x097F9Ca9F31F6Ab03948a998b9dD86Ea0D39721B,590318
0x098491CfCdDcF76F4e56a22EA5EE588a00651905,590318
0x09899E715A4d5B144e435b0685fd0d60780be795,590318
0x098F0B200e3C201f49f8A62d89ED49A5eE9D3Db8,590318
0x09925c9d079cb2350e9b37d8d0cbbda052cd2b28,25703315
0x0992ee967aCd2c8A8d6f42a2623C6850028Bae7E,590318
0x0995B15bb003B1b9c7e4e15864B4726e1200ec1a,590318
0x09974762A02fF4bAc8B39e3Df32CEF2a667d7A0c,590318
0x0999E109F83D0Cf9B784c8e7845e61C9c5a9fCc6,590318
0x099DF6e2c1c9CF5dCfaA7Af3eb5aC9e2d068b92B,590318
0x099b19Cab48b487272324bA9AE58A7FD0E936A60,590318
0x099b7bCBaaFbF447aA695DF15CB345CA4DCF9462,590318
0x099c352A33eC06B672bFd95BAA6955Eed2D82f66,590318
0x09A3a1EEDbdDBAbdc9D5e89a8dfbaea2956d6238,590318
0x09BB59c870AA5CB0e7A01b2f96d72B29f3a4BE90,590318
0x09C99869e87a7499231524147bC2Ce18a27E5bC7,590318
0x09CD6679698d84d8D3D93C4Ad5865241aCd274b5,590318
0x09CEdb7bb69f9F6DF646dBa107D2bAACda93D6C9,590318
0x09DA2d53C9d7e569e428b7F4A5c82C7CD855a7D4,590318
0x09E3b59d1825c1b439a20256711E44DF65B52deB,590318
0x09E3d5D3Bc9AA3B9AD4e8FD6568BA81B0Cfd5CCc,590318
0x09F4e1f1AeD040777295f6651ef6d612b86Db586,590318
0x09a04a56a1d4be7fb82634f8b2775cde81889372,2666666
0x09a5943a6d10919571eE2C9F63380aEA747ECA97,590318
0x09ab4b8443076d09dfE6148034F1A1C2ed535659,590318
0x09b5605377fbA461dbbAf498160341B80B4553F2,590318
0x09bCE8BFD6494AA41F99E3c0Ee29a4d6482abB7b,590318
0x09be9ab0Eb61327D26904baE69eFdc6633D5eEc8,590318
0x09c5d970b0c02ccd580add5647b4429ee799164f,2666666
0x09cFAbdF6a301E8ef774278564f9E29A94A63FC3,590318
0x09dD64318580671f4Fc61e97d3887417eD58be6C,590318
0x09dbE191065884cF36C18bfa5A9Fde973edC86E3,590318
0x09e3Fc7aa6EB4b810a83948Ef4F93564a9Ce4FF0,590318
0x09e75ebf5F560ed52e516ae1E6A1023CAA06D96a,590318
0x09efd0d038dab6aDf8436118DBD51b117B50d4F3,590318
0x09f34D418CcCfCAF5CB7547c64d48eDF7dE8D417,590318
0x0A018339491B0684d4313779D0706246c00D985d,590318
0x0A0b750462Af0E00bd9f7F1Ce65DD14eeAf74e2F,590318
0x0A12Fd439B5dd1298Bdc67b6b70a35034007E224,590318
0x0A3082919F2Ab7655A0674f713A732613Ab74d89,590318
0x0A30BdBB627c7f875E46aaAac448116Dd79f80bA,590318
0x0A3590CE7ac2C119335b0574D46D5F90b3fda48B,590318
0x0A38b174655bc36d1D855bb1adAdE24f1C89692d,590318
0x0A4FA3BF08083C46416cB2FF7c6bbD3205E7aEb4,590318
0x0A54dF05B52BEDA08411412F21783D561F5f0850,590318
0x0A5806Ff2b590Ce9485D1f6F01488dCcB098109B,590318
0x0A5E22625D5A3e0051b4dA610ECE471fEb94cE2d,590318
0x0A5e1Db3671faCcD146404925bDa5c59929f66c3,590318
0x0A639cB00c44705409c32b0f01f16Bbc3b3c26Eb,590318
0x0A66624714A90914c666C693039e0c950ba89D1D,590318
0x0A86E17aDF55207426B68b889E38b0B3089c9f87,590318
0x0A8C2eE08760251705f5aaF7bb0E7B490029Bc27,590318
0x0A8E1BBF4316664bA93CAD7838D70e8eB91cA708,590318
0x0A96dd8fea807CD8535FD2fc4d790Cfe61847837,590318
0x0A989dE31A8C558D2435F96a811e9b24a2A80E81,590318
0x0AB1B81Da1ac3AD2F739F1acfd402150F7F8dce7,590318
0x0AB6CFe285F078d69363cC3cCA881689de0fc915,590318
0x0AC4a34E756125E0d358A9ece573E2502518C36C,590318
0x0ADFfB7698F558F19B002a7a41F4ABB816CB8665,590318
0x0AEd403faB836Dc8c5b5Eb7C48BC6b7Bc98b414A,590318
0x0Aa34EB615ab330b64060ff9Fa994E72A7A95B59,590318
0x0Aa6086134adaBA5358bf03faaeA9Af0c86Ad73E,590318
0x0Aa931e576184a5dD9288327252Fe514cD687210,590318
0x0Ab5A724e811D6fD8Ba1aD3e5f70a9e36a4237a1,590318
0x0Ad1763dDDd2Aa9284b3828C19eED0A1960F362b,590318
0x0Ad76797ea58F20F91179a0B183E8B6C1Cd90966,590318
0x0Ad82809168Be581d1e708457B4a45b0bB311632,590318
0x0AeE2dcAa15889b07b79D73C436d0A0224Ff3c27,590318
0x0Aec7946099B8c1BAd868FfA30Ca8E1756f95D62,590318
0x0Af0535350BAE2B26D8bE4Fe75C0bc4a8864Dc1a,590318
0x0Af299310972dBE042898005cbF77304936f9125,590318
0x0B13b4Cf6CB93c27392fAB1B56940B0C67bc12B3,590318
0x0B146A1cA55Dd51fe98a33e5Ef6B00552f648a7F,590318
0x0B1A67fCf9a3cBA75efdc400326CF2d3D9fAD05d,590318
0x0B1f89C8Abb89780BdEA91d9177714dba67B2041,590318
0x0B24Dc8537340DCF4FF89f522F32ceb6395ef396,590318
0x0B2c2BAD715b981D050872A7805013b0Abe7b694,590318
0x0B33e11CbFAeCd591890678aF03BacD0Cc5bbDc9,590318
0x0B358EA845eBa737100181A4607a74923ba771B8,590318
0x0B3a59559DC5fAA3da5d0943171910eDBc6E1C7e,590318
0x0B41ca9Dd8Cf98910C6dc48bFc8AF924c4F1268D,590318
0x0B431F91c54C303AE29E4023A70da6caDEB0D387,590318
0x0B44768b83203a617A4767AC99f982aC73073729,590318
0x0B48b17D7e3E71f81568c25c6229119bCCefe9CE,590318
0x0B4B6570b4737F40852B7442dFd96eFA961b4369,590318
0x0B4F85B173FA22f69308fFDD00bc556E987002df,590318
0x0B4be839007769F61f7D4Be9fcf23BD1cc2F9b37,590318
0x0B4f5FB3e9c109A202F3B5fE3D6c722095EDCF6f,590318
0x0B5943294f11599e2BD0728659D1cDD69704E0EC,590318
0x0B75B7f58593789D9f8455E0f10b41702a7b870a,590318
0x0B787ecCe1850790F77690760aAFDc904BB82555,590318
0x0B7A4f98e533258CC957f0baF454053ECc6EbdAA,590318
0x0B7e8d91589E19417000d11fF0B6255695D674bb,590318
0x0B840C41A99Df10314F2fC78549099457e858846,590318
0x0B8AD7ABAFcf8027565654063CA54B1d4C89e300,590318
0x0B8B58b8D93d2397fFEDd76998cA249a2F168C8F,590318
0x0B977acAb5D9B8F654f48090955f5E00973BE0fE,590318
0x0BB3dB6ee4Ac0914867Ae6AEBe00D4E156bC3793,590318
0x0BB82B4C6D07dd76EDECf24D78AfbA56e7B453E5,590318
0x0BD982BAF0599Dd9572154D042E8Cf3DB33736BD,590318
0x0BE2b012D7e15E3D0f2775dd77FDA95Bee3c825f,590318
0x0BFc6C8a8C97aB0126e08CeE5064F95Cf4Ccad37,590318
0x0Bb17735E2C42906b3623c18De787Aa281b71289,590318
0x0Bb3643aBB6594c2C8E0eeC8BaEc80Bcc31F0d42,590318
0x0Bb7A0194D4bD767EA78Aa5B6C0bA1CA1DD7ffF0,590318
0x0Bb83df0A0CC4A8B782642dBB49f620027B63Bf0,590318
0x0Bd8D027939e7de2334f0AbCB653B172b88b7FCb,590318
0x0BeDC3BF8a1dA3F18b3617D91766eE5a461f4D0f,590318
0x0Bff926237388495E68d58C1616F3D147Ff33dbD,590318
0x0BffF40545a2250c3f11993e7B75dbbcB11e36ac,590318
0x0C01372fCe657474B35f14e4e95e3DA6c007553C,590318
0x0C03f04ae013e0f685e2BDfE370Be81CD49fE885,590318
0x0C0dFCC5Bd85b52F463BB0D172F94765A173DdC5,590318
0x0C148c98727223897A3df7d8f9668F8596E501af,590318
0x0C14Af29CDe64f47AfD6DE1DDdC2Ca3Fb62C9A93,590318
0x0C23666acAE2A77C4e02Fc4893cf5af40F13DF15,590318
0x0C321d645E921F7Efc8229C0dB4827c674B6E3e8,590318
0x0C32CE5347c2714994d92a3c07B1a3F5F1C7aD32,590318
0x0C3305c6940Ae629AB23e50e33b10DcA06D0c605,590318
0x0C33e1bEfd14a3A7d5a0D429CEe67878297e97ff,590318
0x0C4BEf84b07dc0D84ebC414b24cF7Acce24261BA,590318
0x0C4aD05b3Aba7b3AEdB4Aa52Fd29f4709967F7e2,590318
0x0C4f393E6Ba87B9eF7C2aAC02E1652e420C8DB81,590318
0x0C50044e3F7b1D2dC2fa78056b3f46E39eb01202,590318
0x0C5a2C72C009252f0E7312f5a1Ab87de02be6FBE,590318
0x0C614ac6Ef915b0024A4849E5A7Bef941e457B03,590318
0x0C617f867405a4683A95b571b5C1fCbc8B68eeF3,590318
0x0C6488350088791FF6CF04C19C9Ed8839EFc7B2C,590318
0x0C6F30A5F1Bd6a91AAcf553e2164cfCb3061f9B4,590318
0x0C7BD69A0b075D407D103B58ae870ABD1d1D78ab,590318
0x0C81AD097dB0A529bfE5b6e2253E59Bc4b9660A8,590318
0x0C92715C47883D057CE2B095Fbaac2b983Bc5cDC,590318
0x0C941F3e9480462C7EBf343F1970a5f4e12442e7,590318
0x0C953Ea99B746A9Ec05fE39C4f6A09e2c04bA18F,590318
0x0C9d9fc0227ad6f571e208923414F0413f360C04,590318
0x0CA03053f859f8199Cd1E4005b54fde8A88051ad,590318
0x0CA9f7d2Ad6F8d8cb6A46A2a7Cc7eF1D7C996EEd,590318
0x0CEE326a78131213EfFC90E8ed57653B0D670110,590318
0x0CF30daf2Fb962Ed1d5D19C97F5f6651F3b691c1,590318
0x0CF829181fbD107C4B424221D0Aa4daAC324ba4A,590318
0x0CF97e9C28C5b45C9Dc20Dd8c9d683E0265190CB,590318
0x0Ca33562F73b9623E49bC8370641165B38254349,590318
0x0Cac96D29d0CCb64043DDF86A7caB8BF251d5403,590318
0x0Cc762dA4B93E26099105Ce84d2307601665ec54,590318
0x0Cd4f5acba038cfBf100E9863be88fbD552756B9,590318
0x0D00965150989b266076BCf6ECFDc27cf56E865d,590318
0x0D020047A9E8Fd69BBd45672BE6f07c538c64C30,590318
0x0D0265fC919161eb0571dCB19c27789cb0931Eff,590318
0x0D03fbA6202749aDf4Fa5502387f454b84124fad,590318
0x0D0619CE282d8B6b7bCf527F5e8A8EE32a1c58D0,590318
0x0D2C4E2f5b77aaec365CCEa015dC1BC2904b0699,590318
0x0D4991FD13Fc3BaBFc00665f5c498B887FcF843A,590318
0x0D52dc4683020b8E5F30f17323a1d00735509fA8,590318
0x0D56F152eaCdd92cEe3314e5D857c8234Fb0c98D,590318
0x0D5F4C0B4c4Be71b6FDFE9388D9d63280D5e55D4,590318
0x0D669021e3B07fD8D8181aeA23D6a12F9Bb664De,590318
0x0D7502bbfaC5EF62CdB7e40092758a49EA33b6E9,590318
0x0D7661A7B7a89b40b6db128900557e4F1D1b3789,590318
0x0D802e9683E513CA97e14d0e3b906a6e07D375C9,590318
0x0D905dfC607ED70C93DAb5E16F4B0EF8396b2608,590318
0x0DBC1Ab27FE991e142Ce3Ada26518CccE1dAaEc2,590318
0x0DC825282d60cEB87c87A58AB1B1d47384ae9Aa5,590318
0x0DF3b4bFF96DDaB1265DE7a6E0BD0cDdCE7555e1,590318
0x0DF5Ba52e8C055950AaAf5fcFE829020e898ee60,590318
0x0Dd01F9361908f4aBd04E41EeF62e48f07715f6c,590318
0x0Dd2Ff08A1D4ccd1C41d41F091Ae6f673738037f,590318
0x0Dd64BCAD684b951189A474Dc5d48BF37193B9BC,590318
0x0Dd8582E7cE5a271492c7e54e9aB7BFF4d0be4ef,590318
0x0Df8ff67cb7b6C54ddE92E3dc273F500Ec9140B3,590318
0x0E043e0A3aF440B6C76915F41a3f62E0DB9BFab5,590318
0x0E0d1F05908234D53DBbEFED3cE249783552e635,590318
0x0E10D510B1E627e75Dfb37FC49Ac9e7684A8bfa6,590318
0x0E1663bCfc23516f1f210f9B9e413f4A6b59F621,590318
0x0E25dFF76aB5e0caDB69EeF99b600baC12D725cf,590318
0x0E2c9C2FD5f06093627a901A649Ce3D2254A6957,590318
0x0E3442D1c54cEea954c44E1E84cEde794911E7F3,590318
0x0E4564EABE0BC40EfC11065C7d8e9359893205bb,590318
0x0E46e7cab54f62faCAcAFD6C7851A6D3cD92Ab04,590318
0x0E4F9dc77c5AB084f7745fcC2C68F331559a957d,590318
0x0E5d4c1F7C731db614c65f7C215f86cDa766e5E7,590318
0x0E61A8fb14f6AC999646212D30b2192cd02080Dd,590318
0x0E6bCc2B0E25Af3232ECc9A48A22D62a55BD0E48,590318
0x0E72ef091b087e4547B58bC47795E2655701A7b8,590318
0x0E76E58D07957EBbC57179F8EecA6f8533633F11,590318
0x0E8c5C91e830B764922Db0daA85cdDFe47339c54,590318
0x0E9dc7ae047854E1dfbc152844B133c0E7D1D9cc,590318
0x0EA6c9C2Be2a6D538CC9C970cD6449BCc2461cAb,590318
0x0EB78d4BeF139cf140Ed30B7AF13a9b2fEeCb5c4,590318
0x0EBFD279895EAe9F1B16A92C07A11fb39AD959D7,590318
0x0EBc6482ab5A198E442b7D448c6f0fa9EF71AA1F,590318
0x0ECFee9Aea74bA8c777cE820E3D8C573BA9179Db,590318
0x0ED4CEe3132d67EB3349eF725357aDBCd2429283,590318
0x0ED6Cec17F860fb54E21D154b49DAEFd9Ca04106,590318
0x0ED7643fb4EDA6a98Da2A942DA73132ad03581Ea,590318
0x0EDd803f28F0656750289E9dd80e9eED1b663D06,590318
0x0EE2A50c1D78ABE0eC52CaDc9418Ef28d4b4b731,590318
0x0EFcd0773330a483e2f456d25d69311dDe65E3A7,590318
0x0EccD4a657607f2C5D5273Ab61EC9696a6246541,590318
0x0Ed1f91769D6add12f3AcA1229F96eeA198ac0Ed,590318
0x0Ed2cC2a14DF153149b7A18e0055FAf5ebD0e273,590318
0x0Ee82F703FD475204784ACE6742a287e3F70CbAA,590318
0x0EfD092817EDF0D1e2848423E71Cf7F5CbBD3083,590318
0x0F05D48088E2C2B0C499A3Fb39790643DB776e06,590318
0x0F09D66dc29FDf479a3BB6ac7affeCb221817806,590318
0x0F0D2cBE4cd3FE0E899b1c28eB1F85caB10aA292,590318
0x0F25c6df7af5f106E233c2DCdfCA403Fabe4f8Cc,590318
0x0F2a3ecDdc7B80ff77139BFBd889BC516eC35881,590318
0x0F2eC25bB00e16Bb9572dA85693e43a513d5630f,590318
0x0F303Ee26B55204c85C1D8948142469577D4652d,590318
0x0F341830a6fcdFAD3EfC6f95d30d87F2b20a86ad,590318
0x0F3f647e19ddf45D1a963527Db2Af07c8175Db20,590318
0x0F412aE8fba26181E25D4FfDFBC14A37587AB7Bb,590318
0x0F46456F2D00d6a6F10FB18f6c36C0f03129C979,590318
0x0F485d1768A42096372071501FbE779923fb54cA,590318
0x0F552Bd6548a0df43cFD9520E70eC03FFcdE8834,590318
0x0F77A6d69C518B221483f1Af9573295641F7F2ca,590318
0x0F7a5aC69921E92a408d4bd03c53F56cDD503eAF,590318
0x0F9afb656C8e9b0c1421a8Cbf42fc32035524223,590318
0x0FAcaC3bd128fe6d799898A059d3634B877c7A0A,590318
0x0FC10501D037B4ea6610360a69BC997CDD24537A,590318
0x0FC8d603bF823693caCff6040DfC51624C6BbA08,590318
0x0FCf9F7e1974acb95386a5CA9f1594908B449264,590318
0x0FD2e81b9B23349Dbcfb652158a6234c0Ba8934e,590318
0x0FD4304048dE86D3ff1086863AEfE9A1a7f0ead4,590318
0x0FE2D60C63DBCC370dB161eFCa18d0707821Ffa7,590318
0x0Fa5CDfC65aCe3D6DA3Cb4dd81e26E03D4eDD021,590318
0x0Fc0F78fc939606db65F5BBF2F3715262C0b2F6E,590318
0x0Fc7308E2Ab03CE36c344258ccabc4CaF5C9b7F0,590318
0x0Fc9285A7214EfEf554de921Db7b3E86FD53D7AE,590318
0x0Fd956593C0beE36C79e25d2552C87C79327b35a,590318
0x0FeDB145A3ddC48Efbed1f9f19CF4404bEC7d522,590318
0x0Ff01F45D1182d0bbEd1cDeCa3D2fa04A418b9F0,590318
0x0Ff7F5043DD39186c2DF04F81cfa95672B8A3994,590318
0x0a01A6423D6bF683F53BFd8C18bF8375E1aA50BC,590318
0x0a023141B584413D533c36C1872F7193066dA60c,590318
0x0a03eA1C32a0298a451AE4d652f38bFD97DeE0fa,590318
0x0a05c538dA9e321AD07F6F18424fae7fC4fA25DB,590318
0x0a1aCBab77467c2eb9C286b3C6BA1660A8b91Ab7,590318
0x0a2116eF728378A7992CB4983f1c1Ae71d6AaB88,590318
0x0a288920be4fCD86E04Ba2296B7379cf989185F4,590318
0x0a2Fe51c84DA1c46ac239eaE8b16E499E057a81c,590318
0x0a2a2e7ea4f94174deca55808895e3bd6450b029,8000000
0x0a31665CBdc34ae5A5CCDf59E71a447b9584a318,590318
0x0a38C3a976B169574bD16412b654c1Ee0DB92e1B,590318
0x0a3AbF3B1677B4C9d846c79E738074AB45A532AF,590318
0x0a3b151beeb0ACb8a16CDaD2E186bc6685b821B0,590318
0x0a471798F7f609A0B7fAC97051E57Be1c434FdeF,590318
0x0a4b7BE2524E45dC0C0552111517471959a8bD96,590318
0x0a518ce5317d0ea9ced1ec1936d871c08eac6337,2666666
0x0a51B06f17125581ce08db0A8fab80453061cadA,590318
0x0a5D7C86C6bC7cEA7ef713BF2f10E9C21110C08B,590318
0x0a5c096d36ef9b9b6653c935a90aa30b07aacea5,23036649
0x0a630c7f6c7f36ed8a43cea88b699482f17f0324,2666666
0x0a68aEc925A67890E1cDD06988dd290494453cC5,590318
0x0a68e7c2099e6024104463cd00717fbe1177dd74,23036649
0x0a690B298f84D12414F5c8dB7de1EcE5a4605877,590318
0x0a6d6f90a76929b7b807c72067863b380d1fe9e0,31036649
0x0a72c5C7CA7117b38d2070dfC873ce25d9D191a0,590318
0x0a772ea79a931a7c4bc8a75978ccfa5d8c9912e3,2666666
0x0a7825c4f97f7385da2de63cbeaa7f293d306182,23036649
0x0a792BD8d6a3ca109a78299b6c7C00DCC8a53448,590318
0x0a7a29432241895997ce9ba9E450d68d971f77F9,590318
0x0a828b08F9A5F3Cd7E46A19Fcf20967Aaf796690,590318
0x0a8432695B89Ddb94632b51740585427fC144880,590318
0x0a87350fc2728a88c8f9693803bd98a199438f51,23036649
0x0a8f76c91e7e100400dd92ae1d938b8e1b158329,23036649
0x0a9C0cd710b2cD8E0D5a4179FeFa133A4619A750,590318
0x0a9DCdA70f52599036c7e9eb455F61541fDd7A52,590318
0x0aA0C3aC0151C42537FDB3cb6a2F37b9251A6C6C,590318
0x0aB4b2f1a5cf3D72206Cc1415b8e88eF9c698423,590318
0x0aC1C1c174C0177bD7ec4b1067a2fc4563d39854,590318
0x0aC858Adb61eE1F5e9a7B99807956feBA771DCF1,590318
0x0aCEea7577fdCEDFa1d60588Db15e18B8d763F3F,590318
0x0aD02bDE60FA40fd64F288670ccc09579B69e7BD,590318
0x0aD500d23A43ae9B26a570cFB02b68C48a866565,590318
0x0aD78f4E937d9C76787F2F033F0CBFa7981849b1,590318
0x0ab5d47c8edbebcfeef2e394a105c50e2bb78760,2666666
0x0abf7aa84ff9d1ed67bca53693c6f9b27a0913f2,2666666
0x0abf9fbb8af0c7c65d86de81e898dc113048dc80,23036649
0x0ad8dDB82caC5530Bd359A514B38A21B36a882Bd,590318
0x0adc2CD1e9DEA094b3D5d739739de86244A020f6,590318
0x0adcfcdb8f7ece1ae0445a7479d6dc07cc65cf15,2666666
0x0adfb1c92f4b55a93ed410b679702c48bf788d83,2666666
0x0afF81c1E0A2692706Bc361B0ba6Bc5B72b2c2E8,590318
0x0afd842916A8708c0e7E03B24C78A91548A29973,590318
0x0b0b4475De99Fef437b486178E38d9E7a09f5b12,590318
0x0b14e4fcc10bd0da224b823b6d783f10f7a75634,8000000
0x0b16Ac7189986344acde47D225BC9172ff53B15b,590318
0x0b1EEBDbFc9961DD63d7818bE91C8060afdB46a0,590318
0x0b1d8afec97485938714d88f2a3ebadf5c10fae1,23036649
0x0b205720af318cc4248266291a911bfcf02b617d,2666666
0x0b23c71C37350BE486096C8D6F55C8C765565f4B,590318
0x0b27466eBf9ae0F39ff4c68309E6950d1a22C2AE,590318
0x0b30C7a872070afca630248152Cdc2663F987b49,590318
0x0b355a57678df29e982ab02aa6ef1d2282416d2e,2666666
0x0b47d6aF8a146b4Cb939437e762B5f6B1a770cD0,590318
0x0b47e88b40cc78e6c91abfca937420877f6b00ca,2666666
0x0b493Af26Fa61E5FF84290cA934b7c85E3195505,590318
0x0b4ccf98fd95074bd2169c3f1aa2e63a67fb4e21,8000000
0x0b573cf1dEE23578cF167b933cf7a065506438A4,590318
0x0b598c08F0ff34AfA51e3526De240c71e494c923,590318
0x0b5EAe68c36d9D4dab38E4cDf3Aaa6651a80595D,590318
0x0b720CBFFE03c2A35306Da98B6746e04706732b3,590318
0x0b7B98ceb350a9C2c3b21df35D861Be3B0B724ec,590318
0x0b7F37C772E18c911355fb75b212d71E16B3C971,590318
0x0b7bf195cbea00696849b9051b97faad3a2fbf66,2666666
0x0b9a03A70E64340DEbe13E5f020dbeaE408a69B5,590318
0x0b9c65143230Ab80DDbbf3bE89879AA21CB9d5EC,590318
0x0b9e00fc2ee33884c323c2a7a6ff1df2486cb6cf,2666666
0x0b9ebb5ade5318a3c745a7391442a0901ecf0c7b,23036649
0x0bD1a8C5cF225b48299857947DB0dfd0d9C7cdD2,590318
0x0bE3CD5d210612D9992310200C6fa21F3823D297,590318
0x0bEA98FF113280d4Fae37bFEbE67040A894DA0c5,590318
0x0bF5178295b5194F58946233B5F6D9A26f74C2a9,590318
0x0bFd7184618B06f220C3E2f74838bE51a83d97b2,590318
0x0bb2552000FCb42A87a58d5b5cB8dc8ac7b3C476,590318
0x0bb82b4c6d07dd76edecf24d78afba56e7b453e5,2666666
0x0bc3E69Ced2358a60FefeA9A6Dd0E11efF6a0d4A,590318
0x0bce84865b0ed98cb3dae5465e425620b18694b1,23036649
0x0be9f8dA1489DB28F5d772aEf37cF4b1C6bff7d1,590318
0x0bea4dBBB144b533713Ed61a55E6b86CE3b4668d,590318
0x0bff6544ACe82a93E36CDB65A8E31a3bbC13Fb9f,590318
0x0c03765E29222B3Cbf0131eB77048653564EC0B7,590318
0x0c0D60fbb545Fe827A781dD128A8bd3c7EF9eFC8,590318
0x0c0ddf798769f23cbd82684bc407303cb543c210,2666666
0x0c12522fCDa861460BF1BC223eCa108144EE5Df4,590318
0x0c12c95d1ee8f365e8c4f029d1571629bc684fce,8000000
0x0c156975b3E10CccbB041d35DC14b0A10649f55a,590318
0x0c1944D73C002B75f5CAf51e80ffB8d52218189a,590318
0x0c1ba6778f93D12E2bF06481167BDb367FcC448c,590318
0x0c1d1159b70adb6cd15e57c59bbe595e13657a9a,23036649
0x0c1d1b33A9e8c9Ff5184ce155014131BEe29a979,590318
0x0c276449c1CE3b16D4516527594cAc0778595E65,590318
0x0c349d9b92FbD172Bbb5a17a9db0A673A6a10ad3,590318
0x0c34f771FF60c9f293C3802a5442F1BE9B497049,590318
0x0c37ac7bf413bb315107c5ec95554f3021802ae7,2666666
0x0c45a25D72d71BF323F5FDbf33c9069394eFb2b7,590318
0x0c51cc28917ab984d91dd27539b921809a337d1F,590318
0x0c5C5499cb76d195D1A722A900833329c263b18a,590318
0x0c5d5cCC32435737579669A7E5168293608E3c3D,590318
0x0c652a9a034c5c03952d74f40b94569ba33c0be8,25703315
0x0c69c424AA3996C37Eaf8C0578e33E459DEf629f,590318
0x0c716bc2B9e7d1F2A97C746Bb8a0E8662B115442,590318
0x0c79e3d069a9603d3c0aeb861ea97a541df3a171,2666666
0x0c828adE485e1d842a19e326D70c48D4fB816654,590318
0x0c84f027fc6de601883d6fb979947eaa5242caf9,8000000
0x0c8FA6113F4A1b7AaA03F58b60184613A8D5DB0b,590318
0x0c8FF0d45B1398A0074508d16e349Fe7aDc2f9FC,590318
0x0c99FD25E449F3C18f6Cf8735E3a9f5D6f7e659e,590318
0x0c9dadc6Ab09F4360C61AD1a1d3907De2869fdfc,590318
0x0c9e25F360807DA04549a69baEC94c9fda1D41a7,590318
0x0c9fedc48Fc471Ff5c64dc5FbAF6595627DBA6e2,590318
0x0cB1bc9C2a357ffC3627FA8E1cD7cF6fF74f6EdB,590318
0x0cC63f8AA7fCb15759cfB805b7676Dda694f782C,590318
0x0cC7CEdb0935ceaB0B4A6B38eE7dcfd403b19A7b,590318
0x0cC98441c0c94578815b5A3cf7FB0D6b7ab1a54d,590318
0x0cD54EE4df8c74C72434C407E6ddEAff80B482Ff,590318
0x0cE98350b9Dea81fe0b47DBC4787a1E9f8F1D7ff,590318
0x0ca00c51C4dd202f549c631Ca33B34a54F3b5D5D,590318
0x0caec74e1f0bfecdb6b2b33f7aabc27bc225e99c,25703315
0x0cb0d9c21B11A0c4610b6894F2CA18De38674b64,590318
0x0cb884ad98bb802c50a2532ddfcde53a9e8ff622,23036649
0x0cc65d3ee30608d8e8d2d3fae35aa3c47cef1b6f,2666666
0x0cc77fdb9c1875cbf28c6c81096ae6e064f70672,2666666
0x0cd414224183997e5cab4440a4cbbe022ad54019,2666666
0x0cd6f7c1a07bf4dead9bb1cc26f6e1ff90c9b35b,23036649
0x0cdBD3c78615D7F9F94dB33BD9A435b42e92a721,590318
0x0ce28e74EeDf57ad3c37e8010a21C306748EFA4A,590318
0x0ceEBB7ae8f698D6F98C0C3feDC1935653868ae8,590318
0x0cfDba71D4C28a1e34da96Eca54662984b9ceF80,590318
0x0d01FFcd7c1a17eb87718470ca2F227097234cD5,590318
0x0d09298f24817c88D7CaC3CC5A309CA02b866003,590318
0x0d09C114372D7cA221A004C4dFFC6999ddDEeb49,590318
0x0d0B51370bEF941d5c665171e75066a3cB4b6c2E,590318
0x0d101B2A648D32d4EB17F2185FFE8cEebc395234,590318
0x0d108c7d04018862beb6f4a1a689742d3278010e,23036649
0x0d10dd4a79d77693f9f70e3cbaa2b14486d6af42,23036649
0x0d12067c60749d37CDEE78F626FF94c8Eabc0Da2,590318
0x0d1331aF19dF0110826aaEc6f6EF7debf85Bf107,590318
0x0d142E01F547a9E67b869e426fE56e456982f3a2,590318
0x0d1a2A57fd70f268bd317A910B46A1b8B8Dfe48f,590318
0x0d2637F4b304E4D2A86078eeF60EfcF4DAF1168d,590318
0x0d30ca8Dc55d1b5EF9Cba4fA504dA8341e252CeC,590318
0x0d3b3041B77d6fb8F876C4ff8419543d7F2a032F,590318
0x0d46dc4f79a5b5df4175200f80125e7311d2ef99,23036649
0x0d543001ACA10A7d296BcfBe6CEa0F38684D4131,590318
0x0d54944137A8b215dcA46d47684C90f964746C46,590318
0x0d589fe6064956D49f0F9ec4Fc89dbdf36Db9362,590318
0x0d63A83C5dfc9BcF743Ad0AC528FB1eb522eF382,590318
0x0d6a680Bd51bDD39CDd7CbD25929a353FA842A7a,590318
0x0d7760d7E42B80B5ACde0fDdcFa338B3C849a472,590318
0x0d82f4A1ebCCffBc9aB44Dac81B62fbECa78cC23,590318
0x0d8c9Ad8eebB6879fefA218f0799219BcAAbE999,590318
0x0d950586CB18AB0fD6AeDCE6a93372B3436BD07e,590318
0x0d95d8C4497B0EF2C460D929d57425A474339879,590318
0x0d9fba8504146e962672d83608cec70ebb508995,8000000
0x0dB31bce0ADc4C7285029499FCfc5762bd222d03,590318
0x0dCC6A7141d31f33b3172d000B10f6602A9072C5,590318
0x0dDD6F882941C790a40360e80d5ec54f6390b65D,590318
0x0dF974D638F2B4a6f9071F787B87eC1633D2561B,590318
0x0dFDD261B35D3270ddD13C77fD677CCbA9B91514,590318
0x0da0b09f4FDB937468A9444458ce57BE8f7C2EC5,590318
0x0da745F2Bd7655E4c70D6b02695ca772c8D2f69E,590318
0x0da745f2bd7655e4c70d6b02695ca772c8d2f69e,8000000
0x0dacD75C48de7da7F24A801c23112aEcac14287C,590318
0x0db53E6790e1dB33df446896dDae484629C45f5f,590318
0x0db991e75337208eeca5be74516426f4c78ae0c3,2666666
0x0dc442f7daf0d98a184b23a5b22d412f40ee9faf,2666666
0x0ddeAe6739354f403003110831C6Fd1766899301,590318
0x0de9518e2c9c57651a5b8302db07571a1ab41208,2666666
0x0e07348b8a423d05b02c2d36df8602a8daef7e69,2666666
0x0e09B56ef137f417E424f1265425e93bFff77e17,590318
0x0e0aa243121c8c29936A0588bd2bf60AFab7Cbf5,590318
0x0e0bf22e3595687A8756E1e9862a20944d0bE57E,590318
0x0e108906ac1a950f69a807e1a82995A040Ca86A7,590318
0x0e209215de15c4c82577680E755AC3E9F870a0a1,590318
0x0e24D281364BBF1eE6d98D93d744Ded873117efe,590318
0x0e274893a525b36d397d6415c65863f20643dab4,2666666
0x0e3F53df11321D652694c3cE5fc0dcf578fF49ee,590318
0x0e42d7887e4Dfd681Fe295BeC85729C0420E0ae0,590318
0x0e44d5738005d44c2c80122647320547a0e415ec,2666666
0x0e467A0288A439BA2678eb7d3B0B64b01e2bBBfC,590318
0x0e4f140d385CD7AB99301a32dF6EA767023607fD,590318
0x0e56cecb37509f3a58aa27da9aee61050bf2cf05,8000000
0x0e6181f1271e8c54a2df9da44fd46ee006054446,23036649
0x0e6398533b291e6aea66ca9245d506ae9c72332c,8000000
0x0e67d51dd9B34BfE45a96686B983C20864D05F62,590318
0x0e71d6c7316C06C5bA720CfFdb2a427f7bb1114E,590318
0x0e85C17d24B6BF78562A3738224f0Ed057f344B9,590318
0x0e870eD9F4e752dBc1854F63705F587791d318Da,590318
0x0e88AC34917a6BF5E36bFdc2C6C658E58078A1e6,590318
0x0e8f411c558e311714a6227ecBE27DE83b80BBD5,590318
0x0e9175c11519439c231ae6d1592D15d02E28b598,590318
0x0e9D0EED46fE6C32a5b11b382A5eFC9952f3F47f,590318
0x0e9beee0eebd1e1b1e49e2d6011cfd0b59bb79c3,2666666
0x0eAE89aa72E4BC042Ec64CaEC887329aE5241eB6,590318
0x0eC4dc0491386f535C3dd108DC6fCC932DCD489a,590318
0x0eC55a2C4E1731bd631992852af24997ee45eCB9,590318
0x0eCddcF41754360AB129d7Ca4c8ABf220F9c32BD,590318
0x0eD29D98eBdB37eAe3F4C4dc95937b66c3b802bB,590318
0x0eD75Bf10cA4C7F07AB01cDe9D191728762A91bB,590318
0x0eEda6176f600799f1108e9886325Fb2e70bBeE7,590318
0x0ea30b804dCD588E26c62a9bd19Ff4571c96B7Ad,590318
0x0eb447bFB29c54E929F5301B83689bD054922c25,590318
0x0eb78d70ba9ec6044bce96f83cddd7ebf1c1d18c,2666666
0x0eb80B0C7B2F909b1e425178F13F10801a48F9FC,590318
0x0eb9a7ff5cBf719251989CAf1599c1270Eafb531,590318
0x0ebbAC9817029d4b302734b15B97bE1A02EB9B60,590318
0x0ec41e3c07dc84249242e1041d7d25ff9b10ff01,8000000
0x0ec644c5fbc63Fea1c8f8DB194Af6dc2D2fD8De6,590318
0x0ecF05Ae2F95E6ceC99ea0db5Edee2A31d7aDCDD,590318
0x0ed75bf10ca4c7f07ab01cde9d191728762a91bb,8000000
0x0eeafB25FADe0e545adc4140180b8E4c533553EB,590318
0x0eec70678a2e67a0aECacBEA56d2426713C78562,590318
0x0ef4b73a3da7b0b590bea91311510b66ef40e432,2666666
0x0ef5096e02f03532A7753abcDC1f84Fd21309684,590318
0x0ef7f8ca7235bba3e8e4ed5916983e2130d9ae59,2666666
0x0efbe8893b4a6104e950d953b253daf854138dd2,8000000
0x0f0c2E99cb5098654aB1B8f9b8B26D4bd0f7F82d,590318
0x0f1025f754b3eb32ab3105127b563084BFa03A6F,590318
0x0f14588c202d216EE5731de905390516F5714E95,590318
0x0f1Df9fb5Ac25bC57f08d0e7c7B04Bf9476d33bb,590318
0x0f1dd3307d548aab0f482ed99eeb0ea35741153d,2666666
0x0f1eff07403e726399aa426a8a95b9a8fa3bd688,31036649
0x0f1f2921526EAF833bA7136c894e1492d7e8A4ab,590318
0x0f1fffE801cf5E037fae3b6AB6C3B9a4Db6fC003,590318
0x0f22073d5c83994a0daf3a72306498450f21b605,2666666
0x0f26Fd18e49d96560D56f198B0D61157240Db6F7,590318
0x0f26fd18e49d96560d56f198b0d61157240db6f7,8000000
0x0f4D29fD353BA7a307a6396289271882c569C853,590318
0x0f520187b5189d524a057d6b024507c352d57f85,23036649
0x0f537090d83108f81B0559FC7835A1d5AF5C5e5C,590318
0x0f5670E0F73D6a7c299e1D1B893ec01F14c2b465,590318
0x0f5AE5e252C4134e75e0De2FC5b785235e0a14c0,590318
0x0f5FB5A809C65f12CEf6bdc246B0e3C8C3cAc229,590318
0x0f61b2aa9294b99656dd6d0d3193d75939398be4,2666666
0x0f650ffa377d3e62a04a199424f99a7896355822,23036649
0x0f683BcD924ef1463dcF3F8b469727f3642d96db,590318
0x0f6C199B1470c5D80Fb7Aa758EfbD305188054CC,590318
0x0f717e2B34E1eBf185804e7FD1d9834D7B7AF316,590318
0x0f730A8474f9171a0fE1b1cC58Fae23d74B8EbF1,590318
0x0f7981ae60708d4d64040999E463F106B13F07C5,590318
0x0f8576aDedD05430F924980B9456e218E17fFD11,590318
0x0f87CC84E875D296fD3d0ff922B740a29Ed66747,590318
0x0f8B05cf562C24314481e2Ae087ADAf8ec7329BE,590318
0x0f95f22afb3eb7bbcabb80af2c9140b9b60e4156,2666666
0x0f98490ED481611Ae1945C62274a20480c8cdC40,590318
0x0f9b1b68f848Cb65F532BC12825357201726d3d2,590318
0x0fA2C1BB56F8cb423D56c0ba2e54596E8dD6305f,590318
0x0fD3Eb3eD8Bd9710787744242A54a3d1149d3926,590318
0x0fD8303064837286154212c7264B054FF633b686,590318
0x0fE1287c91cb85F26304C92153B7d5E5E63c796E,590318
0x0fE40F41BA02F882dFAf89836eAeE8E7Fcd8cFF8,590318
0x0fEcef59947fa6401FeA1ba10b3aa173dAbe2412,590318
0x0fd2aBD4bCd06E1879fB88fC83123BDc777AE700,590318
0x0fe240a875d41949e10a3a9b35bff251bcccaa77,23036649
0x0fe26b1F1687D6c3cAD190dBca685e1fDdd263c4,590318
0x0fea9d1FE4daabd49927766130739E9eeDCa5a5e,590318
0x0fefeD77Bb715E96f1c35c1a4E0D349563d6f6c0,590318
0x0fffAB764a78D2Cf36A9f6079ad0e8361fA2Eb94,590318
0x10009d8aadB09C628aFeD76F5BC88297B0Ded4D7,590318
0x1001A5759B7828A219502694DAF6BdE5e16dE365,590318
0x1005f1a93d7a1a96453e546507f0415cc9af91b5,8000000
0x1007A39088C22A4dfe54032F08fC47A7303603Df,590318
0x100Be4019855ff03F0974b68bFC1a31b45a61378,590318
0x100bdf05f9c8f7b5c6b98519bd0f5071870e2538,23036649
0x100f4a6D8713e0df271f25323F9D9399496ff179,590318
0x1019236722517506732D92DAc0f7b9B4ed993D8d,590318
0x101EA90e1EFF243CEBA7e872BFFA137CCB241D0a,590318
0x102046d600d64b6cB6f5487D3d779054469d9ee4,590318
0x102933fa3F5962240Ee14ef891c4044B1344320b,590318
0x1030Df584df2057Ec48b65993b17405C1d2A649C,590318
0x10320ba6987230f72095826C4cf9497c093580b9,590318
0x1032135aA1539330698B5b10Da3dD0f62606F704,590318
0x10324535c8f40591c24cd8748c582ecaad028c70,2666666
0x10366dc9cF940Af98C5b15958869a88f7F425606,590318
0x1037f320ae004c53fd0c37faa1c042a3ece77ee1,23036649
0x103F6ccDAb3a330e876C23e61A8bCB489A2c9C69,590318
0x103ae49d9BfcEFfd18Fd9566a4b61e059A73Ad62,590318
0x103b1840CDF5024f13E7D134Be00F9dF2e7303E5,590318
0x104430cA78e6D9810bFa18E58DC0bE3B6e88705E,590318
0x1044566e87C868cF9a642eB9809d70a0fc0aF997,590318
0x10463798B04Ad75E0D98f97665F5bB11cE8eda63,590318
0x10490B4560d6c6956510842C0312fB6C9543fD09,590318
0x10552b20b7a2bf9777af2425188e64bc29fb6bbf,23036649
0x10567FEDE070bBE31A8000c2C4bc69406Deffad1,590318
0x105d0894950E1186e27C5D096AA9806E98424975,590318
0x105f83C74aD66776e317ABa4AeC1FB392cCa7c37,590318
0x1062939297536E21b7E7eECC5ADC376faDd28972,590318
0x1064aA646A7Aedbd40816Fc0C35E044D0244a764,590318
0x106740F07be0d76af4cf99B445409b41fcbe151f,590318
0x1075afE82Fd2C635839D885Cdb44935CF31a268f,590318
0x107816b1459F1E04b27901B2004E4FC88ED80cBB,590318
0x107D40C797BE43c5C3bb5f77Aed030b3D2849966,590318
0x10816cF4b6990928831aA6eBF0A88fcfB6403113,590318
0x108B6f82f205550A6dDe148C4A8c999f9604BE6A,590318
0x108E1076ddbbF1aC98DA202A2d2292e5Da7986DA,590318
0x1092681f7d6da53664fe7e4d8fbd59cc2d18c685,2666666
0x1093A7394Afb514646Bb4866a414df304c39945e,590318
0x10991af33f44e88d74bf9db1b2274d153c439abc,23036649
0x10994710B7F951a336C4d0008B0F0057Eb999008,590318
0x109DcCC4B8B99790d13C80AA41b17d749AA1882A,590318
0x109Fc786211141C0809fB7f7167ED95Aff63FA48,590318
0x10A072DA417eC73664d657125B40078d8874De99,590318
0x10B26700B0a2d3F5eF12fA250aba818eE3b43bf4,590318
0x10B2E5DF4F5ffaB4f98BD625933185e455Ddd1C9,590318
0x10B9d114aB5Af48389bB06E4f106506D93e36087,590318
0x10BB07DC8E29940B24959BeA415680F4F8E8cA1f,590318
0x10C0014602516A154f8883aE4CBF09322d84cb81,590318
0x10C3a9115622EeA61E3F0e696AB89A6EaD82b7cb,590318
0x10C7Cd6128A2A5E801b6B5b521ef7Eb7d33D2103,590318
0x10D622D398DaD25Dc569BAC9dFD7FFA54339Ddf7,590318
0x10DcD3F6586B0F4b6A0eE8dBe7eed68fa33dE49b,590318
0x10E01d4B9f1650eD2B97ea7f32364f97fBE1aE42,590318
0x10E40D38083c4ddf745a46b523d39071aD89F675,590318
0x10F1399F4d205641C8a4871689fde78b0d5d4e8f,590318
0x10F9ec8E7967Ba8c391830374Ad6eE51De6c3ca3,590318
0x10a2624fD3bB4cB580C9Ee697ab652987F2f8053,590318
0x10a665d1A7B63C6f0babE0ae3a3CF78799F53288,590318
0x10aacceb721067b80da16b8e0725f459cdd07b45,8000000
0x10aad23a0b5893c42e74b2087f7ac0398990425c,23036649
0x10ac471D47046B964AC5e467fD5Bf9ac582421A7,590318
0x10ad9491c8b165eef003ddb9708d673938e55abf,2666666
0x10b40Faf136573179dc5Ec8C2EC0CD63F4dbfC79,590318
0x10b8d562abae452c4815d9c3B43917b140Cd419c,590318
0x10beefd08d5093194d968af616008fecac847bcb,2666666
0x10c6ed1bab67c0ce9b6e98563f94a3e909cfebac,23036649
0x10cF9c93EE02aF65aEBD774680B0b7fdd7C4d584,590318
0x10d4b0A84c386a0736f3D4f4DC4e5C64c50F5E55,590318
0x10d5D32E60ed0617dDBd1D85692EAC2d19033637,590318
0x10d89a0B7e0f30E8Cc20e1B69cdDFf3BCeCb8CA0,590318
0x10e978bA1aCCA998543aEdeB5F15D0d3481B9053,590318
0x10eefa09fe5ea24bb32f31f335ada275d48f68eb,25703315
0x10fCF01e5c4cDf897198AAF3920285cB758Ede2c,590318
0x1100725EcE34028F082197d07339756AdF2f1E09,590318
0x11099aC9Cc097d0C9759635b8e16c6a91ECC43dA,590318
0x110a6A8Bce52db8609DEb181c1d7Ff644a903958,590318
0x110efF3e99E36E6989aD44B2C980Bc06Ce56a99B,590318
0x110efd5f95c753b5ab44cf1f1b07f25ef0ea14d4,23036649
0x111111123a125C288b24f89BE1223b0ab2f1aB8d,590318
0x1119C4ce8F56d96a51b5A38260Fede037C7126F5,590318
0x1124165e69FbcF418c4b6791f8c3D1bE90B23b6E,590318
0x112522725ac1e2385192ce5B9036B8eF12196882,590318
0x11294bf53abC6A6D6a8Ef5B475b85167B6705235,590318
0x112CE18dF2be3Ab1cd86c121B1426Ee13c6F46Dd,590318
0x112eA4e60F11f447CA482803A89311261C3885D3,590318
0x11346Aa19b6553DC3508F04015B4c2c749380D50,590318
0x11356147119Ac90CD9e5a4316fe1088fd53616BA,590318
0x11360F0c5552443b33720a44408aba01a809905e,590318
0x1143B3b079C4e052fcF048266994d551DA6E43a4,590318
0x1143aC2a6B8BC0e4082b2ffecA0eFAFD2662104E,590318
0x11456707148Bd304DD25238f4666Ac13B959ff39,590318
0x11491c969377922B3fAA88aeCEC100C2d9192c7f,590318
0x114B242D931B47D5cDcEe7AF065856f70ee278C4,590318
0x11511eBaC76c84F21337945C1c4e84449c160cDb,590318
0x115695A048b5C62d8b6D323DdbB0D00f5Af2C500,590318
0x1158a43de1e0d655bb485e0311e4af1112c29421,2666666
0x115F9735ecf5E9E5a3792958188e50CDA73b72B1,590318
0x115dB9A94996d8d653c8faA1356bb2E5Aa533348,590318
0x116701c6Aa317956FA03Dd9dFaf46373c2cE44db,590318
0x11671152FABC4fa1e18DB10748e766CF355B4aaF,590318
0x1167Cf8147c3B411632D322a2277f12b2439E4a1,590318
0x116D89fF7B2f969DEb5C76b7Fc211d95F9df32ED,590318
0x116Efe697cefb8a9DFCBAEe93287df171487fE88,590318
0x11777856Db33319d55bb065C24A46024d8Ecde91,590318
0x1177F583Ef048da95D7099c784D77F7C060898B8,590318
0x1177f27113BEB0Ffab8d915C18627e43d331236D,590318
0x117C88869B26Bdb459E28f24195Dd262839858b3,590318
0x117fe92b1dc807a28866277e28f92ef0d4f3b879,8000000
0x11802Ea465e45eE8901080E0ac44ee56DD7Da7C2,590318
0x11882CA26d94275436A3Da07250eB0F0D6e9e52d,590318
0x1188BC55c6bc64A149E646a1689937ABD74b2f07,590318
0x1189d6f3aAB3F4a031Bc0E0cB027493396A1928A,590318
0x118C069265DDe365AE5d109C115693F6182D4387,590318
0x118bfddea62c864542f19aa0f06890a64516d9d8,2666666
0x118dc9fa5f57775ce8fb2607b6ec7b8f3b7fc385,2666666
0x119391768d96DB29B9e44fc5b52c0FF0dA45e664,590318
0x1198Cc7E9941Be63704EDfd3f59dC2BC990Cd850,590318
0x1199b12E918dA8ae7a74AcC51A8353f1E4183954,590318
0x119B4976Ca5d34a7ED501B8Fba9f629aD58a4435,590318
0x119d35ffa672F20Bca502c9C1f1903B6B1eDD9b7,590318
0x11A8a48795b01f828116062E72a663Ca69b71C31,590318
0x11AB8022B24951A90befa2885130eF2361DD61e5,590318
0x11AF83c24EbFC0c1Dd8120287ec2Cb2C74Ed8AfD,590318
0x11Ab3e67Cc9F07000F208dBF29e15D801Fb65C4d,590318
0x11B1d744C1dFb0B848D806c15a710d39Ae1DBcf6,590318
0x11B9161D34BC99aa35D04BBd42c76635f1DC1F86,590318
0x11C2Ef30A30C2BC303F8E457b9c85d27CBC29CD6,590318
0x11D37e3187C119Aa05F3a5bDa2b62A973e000c42,590318
0x11DB39e6ef94381105244409efaeF50A3C402692,590318
0x11E145d11145793FC99697612Ab4e7CdcFE9C5fB,590318
0x11E89e20716eC67EaD15b832FaE0F1bCe439E0de,590318
0x11F2Bc753C722033FCF911674bd80f460cd99Fa2,590318
0x11F597947A35A186404c7E309776cd6ffBc65472,590318
0x11a36403b3cb385147e5396fe11241593d1db130,2666666
0x11afc17fa2283aae52af68df6c72ad301c6fa47b,8000000
0x11b0D2b19fC80f331418b4F5D61E38Ed5Bc7E517,590318
0x11b1703D1e71DB6e76Fb9BdE132F1184E41b567b,590318
0x11b3f61a9051cf64d6bfc2399fe355c2c7eabe6d,2666666
0x11b4FB343AD313c7E2a7D2686A932d60C20DcA7c,590318
0x11b4c2E327FC401a7acD2176E2E898D03086112d,590318
0x11b702087cde1594890dbcae5a70e5cabe07aef8,8000000
0x11bAbF56b0E50771aA6D94f971FBEe24813Fb0bA,590318
0x11bD813a921ab32b16d785122c36a775CCce5616,590318
0x11d67Fa925877813B744aBC0917900c2b1D6Eb81,590318
0x11d91151f54d4Edc390BA4Fc650aFdaEf4b676EE,590318
0x11f89BF5d17De297d7F1c3b6ec79022EF5936755,590318
0x11feeDE6cD30b6cbbC8e624249fA9EA40a74002f,590318
0x1202fBA35cc425c07202BAA4b17fA9a37D2dBeBb,590318
0x12064BA6B6F57B71F0776EAbF98d45A9Db34D649,590318
0x1206F65d405e50BaA309Baf70102079331517A21,590318
0x12072dCdFdB1dd4D692C1f16bE0b8A57c9C0236f,590318
0x1208c52237A89a9081F7f96820773c66a28dc27E,590318
0x120F8d691e359561ABc080C2A9C98a1DE7a9Fd08,590318
0x120d62DCa25b815B5681D88D4C8f06ff5dC220DF,590318
0x1216083Be36842278fb3cf9c3F56B7792eCc359b,590318
0x121854cca631cDcA774CafE52D75157EE3Dc447A,590318
0x121880c0dce978cb61d6e33e5bf2549331a862d2,8000000
0x1219B612B0fFB947e2Fe883f73187962c41eA771,590318
0x121b63242842a6794B2BAf5DB586E9436B3C4ce2,590318
0x121f19d4A43d4F9E1D0aDEbB4411f236A7aF021E,590318
0x121f672A3F405983f9fc92a3017B0A54e5d6DBB6,590318
0x12227C372B13502d1fb168288d2856853fF0407d,590318
0x12296a67F2d264edD30EddF6A23A497a1CEAA851,590318
0x122E8Ac3aDF4c916B43416461E1eEfdDE256D6E5,590318
0x122b5f9ff0cbb978baa576fd6987f180a2a22b3b,2666666
0x122c19cEB4eeBE43dedCD10821fb27590370abCc,590318
0x122ccfd4e766654e38e53b9bc8a8a22a779c5cb9,8000000
0x123351252dc98c289bdd77e919356645d2c1fafa,2666666
0x123769E70A653c5EC005Bb242a7EAB28Ad565754,590318
0x123E20e5a62A0797AAeAe169d3Ba2911cA888888,590318
0x123b583c96f410c6d97C34aFE5A1765bd70f8247,590318
0x1247620AE3681c4038EFeDb17D4517E889860ceD,590318
0x124d05e1cF1316141463224e3b9a9592044eE325,590318
0x1252bf1BEeA27b001d2e324069e92d83722Cd40F,590318
0x125DaDB11BB7d0C6e947bDC67292dE4d032A30a5,590318
0x125F6FA72155c5e3FC1D3A790e40514ddce5F267,590318
0x125f7e558E7C3DdB16CB913c11db97C6d4D6C870,590318
0x1264bd6f7c51070b90b828ef310c99d6dd71173f,2666666
0x126559f9B39461B22D63aeDE18bB858075ff5509,590318
0x126564cdfef76898bB39d26C59bCC77545E0e34a,590318
0x126657dadd29c549d0f601bfd706ad9ab00de8f1,8000000
0x1267a61729027011a96913770469260016b06681,590318
0x126D2cEbD1ff6da07ccBC905fd6e0ee97ca265Ad,590318
0x126dD0701Be160319EC3eda6C5289810b7550B48,590318
0x1271c08Aa9eCc61E4Fb8e21d7D5Be2F397A42551,590318
0x1272D0C5B846DC0C11bF643749195D406F0AB0c6,590318
0x1277659C93F9b7Cb5A4713550E83e9dA59192A47,590318
0x127D0889DF6B274142837C3DaD8A78E07CdbaCdf,590318
0x127bBc2904Dbb53Cf601782fC12fa4fD633394E4,590318
0x127e8d8C3bbCdE01987051A79dEbdDb64ef77978,590318
0x1282f34438cB205D201DD357398b85E7729Dd3a2,590318
0x1285831A263Dc8c144299f09A2EbfE5c37132C18,590318
0x128e465575C3F9B946A7dd155F015AAD50600301,590318
0x128eB8CCd11e49d6cd4f713A66f92f919cf30131,590318
0x12909009D651D40D6ae00B150db3107BC5654603,590318
0x129E241023aD77C61Bee2d72cf1831FDB1152836,590318
0x129EEEB04964BC6E04862018a2886a0f31a3718C,590318
0x129Fa1Db52686Dc6CEB73D966128447408e360FD,590318
0x129eC16093dBC59D5aaca0dA8D8302868d5ebA5b,590318
0x12BE0D94B4Ac654970723e58b50AA06d4F5BA247,590318
0x12C5AEfb87E13F49cD294B2f2568fb8d6727F4e7,590318
0x12Ca9E1CAB50EF450438141777883c3a6fe789B9,590318
0x12D0ced4220F5AcD0B0749bDa0747A2051fBB280,590318
0x12E10101bcaa74543bE2F1eF7E466e2C21C557b5,590318
0x12a101b3c28b0d4E611061980C8645C459663Bf8,590318
0x12aAf83a5Fbf1ED8eeD623d77c46772b3A04450C,590318
0x12b99636c41faeFd3A06ae1961b62e05468e5a67,590318
0x12ba6d7C2e4157835B8c17070Cad80E86Fd766F3,590318
0x12bcbDf12c08827CC8076665921631263348e52A,590318
0x12d3ad22a82cae662875ef8ee0d4333cba9795f0,8000000
0x12dc2be7AAA18F7bc5B5e94614f10de21d9DBca3,590318
0x12df91f13F7a2b6a250983495c18420bBf50fB1e,590318
0x12e2c83756EB0842bcBd1e9DB08D0d51fA1B8dFd,590318
0x12e8987C762701d60f0FcfeE687Bb8E4c07555aa,590318
0x12e9988e694accc66ec0ba6bd10f3bfe27d09b1a,2666666
0x12f068c54c47d007ee1f126a19e007d78f7ca91f,8000000
0x12f787d5833b8B65F9637A5d4bbb163b7db531e1,590318
0x12f7dAB1dFD40C435d3F9544F1fF6303A1Be8465,590318
0x1303278CA542Fd46422990e1A7AB7cB9101a226b,590318
0x1307D05C42aE2592A46f2C211E39d137f7986936,590318
0x130cE963C2034A3BF21646916B40712eFE1950c7,590318
0x1312F754694B34BF3BBc7B13E5F3B2927A364c0F,590318
0x13134ee296dc1ab67db4edcea595400d05a65ba8,23036649
0x131A2771E909845C7166d909a2A8cA8b2eF46b7c,590318
0x131dDb9F0a96249789A5cE4859D2BFbcA427Fe3B,590318
0x1326865d2e63128d82aa8ce395e8ef5ee43cdbc1,2666666
0x1329D762e5e34e53A6C5e24bd15fA032482eB0F9,590318
0x132D4D019DabEe4F9B1a162a44A2907125717aa2,590318
0x133368Ec49f855a7EF91CF51f236A7F491b4f06d,590318
0x1337452eC787611f40588885c01f4F0D3FFAB101,590318
0x1338f38f5b22b25fabdad84db649857387d12c24,2666666
0x133a80a7f94ab1792ae41e41ebf3d8b164458e8d,8000000
0x133d29CB46EfdC8Fd27de5b37dCF9CE142327EDb,590318
0x134215819032c6d9Eec2D386FFC01e50E26E1dAd,590318
0x1342585832dEd6035BD72B0FB2923dd1386F6811,590318
0x134575ff75F9882ca905EE1D78C9340C091d6056,590318
0x134A8cf663A8ca0eFBe0d2A24C4915216D5a3a68,590318
0x13513fc656bab781a2016a761f163a325846ce2a,2666666
0x1358155a15930f89eBc787a34Eb4ccfd9720bC62,590318
0x13631534b977de7dabcc7a90262c02224e0d2b71,2666666
0x1364C3b9F12DD330d0fDa7e779e2a1C5ac1654F0,590318
0x1367df28c0681431B8A8f3D887576A1cAD85560e,590318
0x136Bbfe37988f82F8585ED155615b75371489d45,590318
0x136e409d3C13DbF044d8eCa5e6c22cb0a7915500,590318
0x137560B3f2063dcbFF7c55b7e7E5149751Aa04B5,590318
0x1378C663f8d3528C3CdB956d3DDBC5847A09fff1,590318
0x137A2948e48e2CE729A374344c4AB4cABd63ef1a,590318
0x137D5B29b526a8B9aD96Eab3FA0E1998A1E64605,590318
0x138308323652eDd886A1418A80ee5e74A1bc1503,590318
0x138687a2D84052526a316ec439aB2b61DD5c89CA,590318
0x138B23ea0132b1Ab86D1Fb12339460179c4D6173,590318
0x1391179fE009f6A07f047603dCb3E88BFDb2E16f,590318
0x13937d2C1D4b3d96aDA88E265e6CE73Eeb691869,590318
0x1393ac32121DF00CF4A6EDF86d6B66f5AE09005d,590318
0x13955e73a36e6Dd58D6388BA590E14224512830d,590318
0x13975117e55160D6b30C34f02aE8D338FC4F951F,590318
0x139c459539792B9519bac66FC4C93D6fE53B6708,590318
0x13B304B028C08A86951007d7a449cC2d709A6C8e,590318
0x13B517eFF6282F6dDff6D37bdC1b7c9F53754F12,590318
0x13B9DC5251d686D547306201709F5D0616C9686a,590318
0x13C4fF56bf4a4C66BeA7879d48ceFB9Efc95d6ef,590318
0x13E135598a709849E905F12357F572D8c93af1c1,590318
0x13F210c8bAf5f5DBAFf3E917E2e5A49E73BBAF12,590318
0x13F2F2e45a27aDB2c6617Bdc60eb48417323b4c4,590318
0x13a4E41cd7642b84538C052101a3B959c69955b9,590318
0x13a5e7BdE7477616C953ac4d4a1A82F751053efb,590318
0x13a71Ca4F593811D8b1614F9a822904c9eceD080,590318
0x13a887de1ead947607b355d8f00a808b6d28cacd,23036649
0x13b4FFd03e9093465C9dfed09227b6232a823a9b,590318
0x13b5BCE73DA6ADDD62dB72EaCe18656608c50292,590318
0x13bFE28699a7536EDacc80E1959208022B146971,590318
0x13bdd5dc5cfc2de3a9c1ed1556dd8b3f90df9379,2666666
0x13c21531BF97Aa3ECbc57eF10eA5b1472C5E2ac8,590318
0x13c77dd1d6cf10f0a1214676b3762b957e0db94f,23036649
0x13c8397F2544349Aac7214f3988C9c92d03F3175,590318
0x13d0B1430af762333E56292a24EAA72B98d7df26,590318
0x13d54Ba99232bDdCb5BB819Bd0759cD9bdd082cd,590318
0x13dDc0b65374373b3599c26442575Fec0218B97d,590318
0x13daF15E66E6214A1645413f3d858D3947F5900A,590318
0x13eE5d4FaA44cCe20b2E5DcaC76483Ea26c2A4c7,590318
0x13ed7C39b96A1C348E0F5673d666Cb092da0caBF,590318
0x13f680AE3B68d0f75573BA5C5474C118a5b48cda,590318
0x13fb50d884a89D7234F869ee8c86fb8970000002,590318
0x14004B68355bCF0ba67C912739830de51d271300,590318
0x14055466efa7bb8519a1187bcd867f0a8feaeabd,23036649
0x14058948dbc76e2ba8b05841e7ddc504fc3e145a,2666666
0x1407C9d09d1603A9A5b806A0C00f4D3734df15E0,590318
0x140C495b9a227eDDe1Fe80B311e3687EAf80B6AB,590318
0x140d9Fb266aA0C399e2E4b89545b2d80720d7e79,590318
0x14167bB3a62EFd2a1965ac49d3234E45E1E6b194,590318
0x14185559Bc21C98B9Dec8bAe14cE3Db172B506Af,590318
0x141A21FE14D9dEf059fd5a6FF19f0F2F0144f3b9,590318
0x141d3349cCe50Fae7cdE432457A9b791975CaDDd,590318
0x1420AB41C394fAfb265b45E9D3B3Bc9176aEdf5A,590318
0x142207058b22fed0d7c208522c1a32134ba91015,8000000
0x1425C88ce0780E5bcE5f405333C81f9336dC52eA,590318
0x1425c02dE87a22144eD39C9aC1f36Be8aeFeE81A,590318
0x14273493f5E508FF7c002e532aa7C4829660E18C,590318
0x142cD25F8672B4F42AfeFE17780e28F5361E65dA,590318
0x142e6129fA9Da80aba64f1A1Ed12D157A0cFa3AF,590318
0x142e95b03593ddd89998723c62ef308a3bae1388,2666666
0x14353E7F7fd8A91e9eBdEea7962eC2C29848b218,590318
0x1438d88B50CAffa35Ef888ce5DdDc55F09a67Bab,590318
0x1439b4d5a72343b68F12398C649dF99d76b2AF53,590318
0x1442059d5e3af94519fC867fF32d8C3702fD3A3c,590318
0x14477894e3a908c4ff400DE1223834B3e82b08Af,590318
0x144B6f97Eb30529F76DAd0F1E2ce938B4BA9432f,590318
0x144ab0421Cd187EC156A78a1E50d3B28c188b2EC,590318
0x1457abAD1Fca4F3218bc900f5Fe9fD8b2D4EB5dE,590318
0x145E334DbfAD8aDE401aaf74AE7F56cB990AFA77,590318
0x145E5520c18F213592E59E78e6eD1CB6Bab02E04,590318
0x145fc72bf90133188f61f168D85D74bEf8519fcd,590318
0x1464e796a9220a688a618600b42511baE566d2Ae,590318
0x1465D3D5af2A367F3cA19092EC29aB7B392A732A,590318
0x14667f68f53492e2Aac05EdD3bB611F971FD5089,590318
0x1466F5596c439142B6f39723eEd27c117A97f8ED,590318
0x146DDF539fC5004CBB3C738d412574fdC49C1a3a,590318
0x146aab310d7c9aeb091659e2666a2fdfee85c871,23036649
0x1472C11B501B40bc6d120e2BD8f55EF5a22779EE,590318
0x1472c1D20E474aA29cD9408C21d8F1429F395A17,590318
0x147A689478Cdd24B5452271972e18EEF05eF359B,590318
0x1484dc1131899900ff2b6a75d02aee4441609c76,2666666
0x1485f85A69f7A825b8f6CB9E1c7c4049163D8F2F,590318
0x14881B6863386e33579bb5FeA6aB2483Cb11Eba1,590318
0x148E55aE98356FA657cb78FAC5cB19353F25c2Cf,590318
0x148e2ED011A9EAAa200795F62889D68153EEacdE,590318
0x149037378545cCADb2309476Ba01210eafbf011F,590318
0x14958AC39d6A79F1Fb21e759aa69D4C68596869E,590318
0x149FFd8C3E6224D3Ad1C89e66ca3281E9a3A60F9,590318
0x149ef402eac96caf879fb33c9e562538fdd4184e,2666666
0x14A4E6848A2e758558DaC44D3306B5a636C18B58,590318
0x14A5BCE3B0Ef46a4a4A42A2Ea0d661137d73E0A2,590318
0x14AB63073381bdEbc7d22eb9Bfc72fC674ae2e8A,590318
0x14B44b350d3ae3147937Cc7689404E00dBc1DDdF,590318
0x14B4875120989543e7627866b8bDA50940f72624,590318
0x14B5a58dd98fACEA003421fB91c7EcD7f3741ff0,590318
0x14B76966DD9b45fd20E42f6E60384733184C2712,590318
0x14B872E46c955b2B13b9C895d5ced192c1CE1bf9,590318
0x14BDC20c3686C0B6535a397BF3212597aF2508E6,590318
0x14C126E685eD150fbeA53faa14929D2380C4c81E,590318
0x14C49B8faE6F8375c776269308c9dd0De101f676,590318
0x14CCF11beB8A6754B4cCe94020d9d6AD1590546D,590318
0x14D6799E8Ab01417929fB7D3452C3fB40E446E95,590318
0x14D92832265eeAFDEF9e526356FEfc90105966c3,590318
0x14E8873480A1A0c366C097F9ad1bA0CB85DF0FA3,590318
0x14FAa112a14b70328D2cA17102aAfE398F0c369c,590318
0x14Ff0Bc9417B6796f79768729002A793b51205B8,590318
0x14Ff0a5A17C5282Ec9fc1c3c910f6F70Db543C98,590318
0x14a0567B9096E08aC7d7440eE5ce6e8C4Ae7fD4F,590318
0x14a3b9b3cC0Eb128d6d9A95dB42DA2de8693e26E,590318
0x14a8ac6dba338d1e501bf426caff32e2552cfd55,23036649
0x14aE735337252fa9dCf36081147a5B31f7409D13,590318
0x14ac36E6D2c09d904Be60138a42628a584153C55,590318
0x14b081C3f6860c5709FC82C32c07Cdc179598D41,590318
0x14b57f1A68B646749942d0d20132eb13016166Fe,590318
0x14b889B25e70f60D8Dc0aa5F10c83680add61351,590318
0x14baFeAC8358d7DF9D8972d365d5c9270D176Fd5,590318
0x14bdc51661a8285e8b4fe1e6145649ad3ad00ae7,2666666
0x14ccf11beb8a6754b4cce94020d9d6ad1590546d,2666666
0x14d495dCF5C7CfaD3544e75c259782b6d6D4E0e7,590318
0x14dd6f5801f03197DBF5F06f12B624b296E6fe6D,590318
0x14e85c5ead1349879b0c54745e561228fe13037f,23036649
0x14eF352DA43e29c48cD337677794eF4D5004B368,590318
0x14f22a3202fa7a9e869dc4f69dbf244aaf0d6cb5,2666666
0x14f2389b991810ae9e289177a3cefa659ebb952a,2666666
0x14fC88Ee1Bf3Ab73AF7de48F318AE43f97f3f4c0,590318
0x14fe21f94665F173d99503d254bEa54B5081d49D,590318
0x1501906a12AF81405F3D3F7c523c3a299f576aC0,590318
0x1501943D0223Db29690323B99a86A6e3CeFa1AbC,590318
0x1501e2772A67A4aF1Bc4139ad280A29a864cb0C3,590318
0x150433F0D9d031f48EC13596758DDf74bcb85159,590318
0x150751baca3B90354c8bCd056aA1d826F365C68C,590318
0x150765A99c5e0Cf58e56ea41E92d110e2747002c,590318
0x150E90bC93E1527B6d45dF5b802D83D575b76126,590318
0x150EB15A58aC2aD571900A6E41bCA2B61301dD03,590318
0x1511e7Fe2e06BBc75Eb4CeeE7c7dC5f9af6bb781,590318
0x1511f0477a8d8372ade831c92aba0a9273322ee9,2666666
0x1514DAC80F5feA24bb4A0F1D5509906A104090b0,590318
0x1518b126fC0ac13c17675e1501629F9887e39514,590318
0x15207dF580808f59E8Bc1196eE26177B2C004F85,590318
0x15220c045b4f003b6665a56547045a29342653fd,2666666
0x15271757B398cD1D3D7CCa05c4f7B0C159afA7c2,590318
0x152d3B224a74A43EbC9DdABDcBe9F192D75B1cD5,590318
0x15310B9E697484C5992b948F54237604376A5c5c,590318
0x153499196f95829fB4bD67fB24F6073585531db4,590318
0x15358112e89393AD708462Aa787918DeAb0017A7,590318
0x1538525545bc29eee36a9b637d3143fa9b111a11,2666666
0x153bc189cAf78dBEf66f1Ab395ade252c9e657BB,590318
0x154DB26C46B35002f5EbD7b4A5D18B3290411B70,590318
0x154d0D4CfDa835d53C4e5B959ea08fDF3B81B12b,590318
0x154ddeAd10D5d6026f048f469171D801aEb58779,590318
0x155097d75db95fef61c46a111d4af573c5b02264,2666666
0x155313f50C5ba3FD0988f6818B17F6A163C987F1,590318
0x1553a737c431fb8107F6ac48FfD59038ced78fE2,590318
0x156668D884ea434CDc13c96B2C5B80d9f59FFdd5,590318
0x1567720c494f67D05F550E1B530dA7893f50A572,590318
0x1575C75C115928E040336DD7d96ad77c29c90600,590318
0x15760d21e3142D2E7fd8f4358E38650ece33fc72,590318
0x1576c7a084d120f69ebbea8fdb5286b284130d17,2666666
0x1580c6f73c93ea83674c00da2acbfbea935a4740,2666666
0x1580c8b0625c179Cb861a8164dc5E0852aD3950c,590318
0x158169a722f85e8Dd64FA4692af4Ba0Ee3aC3F1F,590318
0x158456a0de34493a55cb75b3781979130EbAAb03,590318
0x1589b11D5A4cAb2E8b2c322f82708f4c2fD8f5cE,590318
0x158E5aE870c64C0B48Dd062c62D160aBF13391b6,590318
0x158d161992ce52066f801f61664d4e259a697337,2666666
0x158e74a889CE95788870c561973Eacd717D8801a,590318
0x15948209Fb8F0946B9feb72Ea509760A3Ae23cb1,590318
0x15948209fb8f0946b9feb72ea509760a3ae23cb1,8000000
0x1597E4B7cF6D2877A1d690b6088668afDb045763,590318
0x159F3E8225f45Cd2D834FD88eC1d8630838b5a8D,590318
0x159FC9252BeFF9d1d0640989E897c4C86E3E2ffC,590318
0x15A21c77310DdF123298d03B62A92dc8c3606E7E,590318
0x15B3cb5Aa50b20Fd7182f020426ca380B820e20E,590318
0x15D3435f25eB464EA86853037Da94137BD76eF70,590318
0x15DB49e63cBc2e32894A410f33f3A5Dd7000E505,590318
0x15DD5A8760CF1a0d2c64ADDFA18647482c5e43AD,590318
0x15E1aAD22203CA5BCAd6e36Bfe8EB36f926e652f,590318
0x15E8109a71e9e4a1B256bbB397E04aF0d866BEa9,590318
0x15EA610646D7E69f79c4Eb96F97A0759fD3394fA,590318
0x15F970a5fa4791dBe4fC3Adea6D41e87E5fAc6fF,590318
0x15FCa867b0521995Dba0525cb3Ec8E281B9A5807,590318
0x15FbCB4b6acC04E0918E79D62d6c767410C0Aac0,590318
0x15a33C828260A634602b4B8DCa730de0Edc1BB59,590318
0x15a69A9e55b691a11F3d341e3d086746c47a09B7,590318
0x15be5c3955f710AfF492a61EA17b68a31AE3EE92,590318
0x15beF4AcE62E77C052bA0Db20533a84C1e68C5F8,590318
0x15c56556d5Dd5C4bdB1f8D68d1bA87f2Dc295107,590318
0x15c6E23110513Ab0843Fdf06288736cEDc9aE222,590318
0x15d1B6966B8c590B5503C55D94F75532127b486D,590318
0x15d763c0a0d039cfbd3ca5199a535719f01d110f,23036649
0x15dF49F74171Cd2157c89084f63e15fBD12C6Ca1,590318
0x15f44b89eEFE8887B1f2Dc39cd19e639EB7cd07A,590318
0x16018935c56654225f398dCBFE8B88BC28fAc629,590318
0x1602f7c1B76E09239AF329DEb5Ea15Daf5Cc1e24,590318
0x160372d2966C793Df52CEC2AE29F2a4A3F72974d,590318
0x1604EfA11c5b7392BFd161f6194EB7d636e01C31,590318
0x1607265A81A3E35Ab5058afBfA261534a72a062A,590318
0x1608df755F24558293d099096580E4D551FBFC31,590318
0x160ecbF90Fb892D4A1B3fe70c58764b945857792,590318
0x16115040cfc2cec560b03188d9f23b6badd0c916,2666666
0x1614eD82Ce9BAce82d8Be3f15daCdAf65f0A2845,590318
0x161619839EBbADa5d3C279E1A79C50F7fc4274D6,590318
0x1617a78C3E45d6E4221b76C3DC1a4471274788b7,590318
0x162010Df1a1DEF2DE83312d6a096D172761d5D4c,590318
0x162207beF2f0b3f9BCfaA757E3F62B92a710425e,590318
0x1628C22d246Ca2D669F0E573c2bBE096370e7Cf0,590318
0x162AF4FD4D2F2d3a721AeeE22e3Cbb640F23735a,590318
0x162F95a9364c891028d255467F616902A479681a,590318
0x162cc7c861Ebd0c06b3d72319201150482518185,590318
0x162ee2116e86E06a36be273b3a1bDdF9835d3E40,590318
0x1630Ab46DAafD79deab5F914607046e5c7c514A3,590318
0x1634e735ffcd7e8538c2937d656205e8da1c6cd2,2666666
0x1635640020bBe31eC105545d9b78E33A3da806a0,590318
0x16394713e291D10515e7d88EeDc9EbCC3F6509e0,590318
0x163ba28c4A7180949C111228613cb09E8FF5Fb5A,590318
0x163c0cCa6214c705889F628028387A22ac38C02A,590318
0x163dff14d91F3a3E8FFdD5633d9f8788954cC37E,590318
0x16418216f5e32cbbd14ca502e839095b89a4a9a5,2666666
0x1642e9a33d18746319B68AbF376FDE43286DE66a,590318
0x1643aFbc2157370DeeA453eF48b487557d220C8B,590318
0x16470a77ceDAB0d2d6682a9b9D787f3317E3bBF4,590318
0x164FaCb357e846420179a87AF37f5A44F413444f,590318
0x164b01A035C1Aa2CF9C80b6fAD461F9c777cD5Cb,590318
0x164f04f4f4e6e28803ed3503ffcfe72b7d8a6b26,2666666
0x165197CE18028CE6Bfa455E37836A4628BAb9470,590318
0x165bA5f0160DC28F27F140DF205B87b07A9646E3,590318
0x1664eafc12cf3b2991fee868460a4de72ffe5816,23036649
0x1666f68D4DD3cEDa87F2a0a238a0A159cdEc2247,590318
0x1668c9725e27Bf5943bBD43886E1Fb5AFe75c46C,590318
0x166ed9f7A56053c7c4E77CB0C91a9E46bbC5e8b0,590318
0x1671ae55C676Cc50f3f7aE87fC3D037eAc59C670,590318
0x1675E60b87EfCd688dE3E00e79739be750330067,590318
0x1678b5AcaFf76C85E5992807fa441020D15Ca21B,590318
0x167B3ce093C21C1907C0151EF3fe80c8e6Ad8EcC,590318
0x167f0c8d9b295c6ecd851a7562f39a4b0f7bcdbf,2666666
0x1680779cfd4e3779fe5339DaA863439215C9e4e4,590318
0x168127998c7849D4fc4122996cf4aA1C0Cff907e,590318
0x1681E33e272f6DadBa05985e57e275b37Cf90eA5,590318
0x1684427375f4b67a03b15721F9269D3A79217e96,590318
0x1684f6FE4F8CD07D8cFE72adE63Dc85Ec7bDd7b3,590318
0x16884A4C09185f81440AD6CC8B8850f6871fb5fd,590318
0x1688D83d9AD92d1a46386101ECeC87ee3A78de86,590318
0x1688d83d9ad92d1a46386101ecec87ee3a78de86,2666666
0x169204C4150Eb9De65E54E68E11122A346354643,590318
0x16924a853b6D0A5dD1071c644cc4372e9e3ec8aD,590318
0x169272354b748334CE4C4Bb11b4BA90a57CCa95E,590318
0x1699BCd70390D2FB4E17a118c5f6F7e50fA4ed4C,590318
0x169c962a47a426F6b9D80EE1c5f7E692301c8143,590318
0x169d16e66eD73E4f73FB9288541BDc08Ec9bdd58,590318
0x16AC7b1598329D95e6C6C6372B12b6E0FB51c96c,590318
0x16Ce6c6662510faF7C34bb1406fd8c20641db9E3,590318
0x16D2AD8Cc04888b537bB7B631715335a901B57cA,590318
0x16D475E61136D3A342318193C98e67Bd0f52e8db,590318
0x16EdE0207Ce9AB28192aeF2c26e18692F80D0Cb4,590318
0x16F2faF44529f22205F2800436CFa16789C76e2c,590318
0x16F5EF133d0D15B196A778d22BF1ec56f8f37C05,590318
0x16FA0c0c2F384c8389C16c4C4f05D9a2d119E8D9,590318
0x16aD4E68C2E1D312C01098d3E1Cfc633B90dFF46,590318
0x16b5cCd9af915E8edc3565bDc6DA4CA258A448dC,590318
0x16b8Cc5B1558b365D9844385425b13Bde0ceaa49,590318
0x16b91ed2caa005db311b274a0a9198e84c8fada4,23036649
0x16befd64b49d6e9da7dfd8493b92a3c5aab042bd,2666666
0x16c8BBC43B84Bde6140618B776C754152CfFC761,590318
0x16c99faff6782151e1f98ef2bce41bd1100370e7,2666666
0x16d8C9780EF8a997e125C9fdC91AACB360f7769A,590318
0x16dAFBd15B1118C5e774f4D5862Efc846d12AaB7,590318
0x16dE92Aaac3C5919559b97d33629d6A4D954526d,590318
0x16dafbd15b1118c5e774f4d5862efc846d12aab7,25703315
0x16e1f6797aadf9a7840ae5577f04369c4bd19c51,8000000
0x16f037a3dDf53dA1b047A926E1833219F0a8E1FC,590318
0x16fADf48c4625810Ea2774eA556eC9200F1D15d0,590318
0x16fCd6c04351881b9dc526bBF09BE442E1c19E6C,590318
0x16fE571c1620a66048CF852F57d5329C71a543C2,590318
0x16fadf48c4625810ea2774ea556ec9200f1d15d0,2666666
0x1701435C2FC28B6ca35A715e446C46D2C7C23D5C,590318
0x1701435c2fc28b6ca35a715e446c46d2c7c23d5c,2666666
0x17068861FAbfC42d738d290c7430dBDf786Cc131,590318
0x1707A2ADA439BeBca39E5936cF3c87056D28e27A,590318
0x17080B589CdCbd10EBeaa24cB0096f4BB29eB52B,590318
0x1708e90D01562b493958808E188bd2c58805D981,590318
0x170F6054EE619033d0C847bf1E4B27829076952e,590318
0x170b4E107FbcA475344a49D6150C147dD1ea4D46,590318
0x170e47B365FEe43BD9107a351b4AcFef080A4e3e,590318
0x1718CBBB004D7eFCb7855b0DA7Bb9e3d4C999566,590318
0x171939e86646319C7dcd4e894FEFe07dFAF71184,590318
0x171C4c003d9a53578A83702DA4b558A288CDe60c,590318
0x171cafe9ff18331e56b1531f9715444a55586650,25703315
0x171edb4b09c3a20d6a2901f43b4fac94698c7532,2666666
0x17222DdfB9f84212468e404523a8A68AD7393ccE,590318
0x173216D1fD08e76FD4f25710d2849091cE2fb026,590318
0x1732951b80C737dBb8F367e83E530623bB612E54,590318
0x173637cD495256Ff9FC6DEA390cc18957eaCF609,590318
0x173A9521A5A41E9bDf17820E53C19499574BDb6A,590318
0x173A982ba725580ff53F6A51572339CA46558ED7,590318
0x173BB032b219A211A30030132a92fd5469A8ddC8,590318
0x17450e42b89d6b5eb81cd7ad61244fc494b604e9,2666666
0x1746258666Dc4284D5a8907319b83E500262Ff87,590318
0x174E02265Cb9f03dC26CEC9a045913fd84e7f387,590318
0x174e1cf2C6F1B061E7B787726DD84db40e005281,590318
0x17507072c2eE8bD8F6debD38D048c8a1887b39d4,590318
0x1755eF281344688cbf86874a995201149a08c667,590318
0x175D2172dC70848fEaFB06be7535e440F3Fa2384,590318
0x176119dfdbb3258539c723327a723ad4830ce806,2666666
0x176d1eb70cF5bd68114b5173c59EBD1D25daF898,590318
0x1770776deB0A5CA58439759FAdb5cAA014501241,590318
0x17739f8f7bCAeF15624163bcA0F580bFc20795E7,590318
0x1773Be3a0Be0629E81F993Fe7D78b14b4b1BD864,590318
0x1777C3D04aE91BC87A7545462fb10B66a5872041,590318
0x1779080aC105DBD75Ab7698F61067aA129a8d661,590318
0x177F994565d8bbA819D45b5a32C962ED091B9dA5,590318
0x1781abEc2c4C3F53daB80Adc3445472a57Cc5655,590318
0x17857dAd727A50Dd2024722DAa411538071b83dD,590318
0x1790096B653e35202f68dC98137f9a80dA2e2d2d,590318
0x179341E689Fc378F045b6461b381E794f3796e1a,590318
0x17952f6d0dd480b7b913b7500bdcb46383e03fab,8000000
0x179A862703a4adfb29896552DF9e307980D19285,590318
0x17A4ce9320BEC0Ac79420F0AF19848044A469d8D,590318
0x17A9664077a3B50682d5C12415c3e88C23377708,590318
0x17B9d36b148Af8f6e647c76A6285E2D844DB743C,590318
0x17CED2D8d8d5E223A175D24916093aCaFE416877,590318
0x17CceD124A29162bFaBE6e90F0775eb5F3eE53cA,590318
0x17D74B774f0b2bdCd74FFFDB567fDbfb6016Aa7b,590318
0x17E738D9056cf0926fFDB0fF15dA4FE64661c867,590318
0x17F7d0fC56749AD6A6BF94BC6f701436e8CD28Aa,590318
0x17F916ae86b926CB26522d979cBF14cC54ec7927,590318
0x17FD03969575d46238Cdd3A039A7793731545642,590318
0x17a157Bbb0101d079f3ef8F2d7BD817f2D9338dC,590318
0x17a8C04D861810AC8B78f5EA3daecFCDA01edcC5,590318
0x17aD76129c1290b9974615876B4Ce725B69F5055,590318
0x17ae0a6BE2e97b384165626dB2569729d5006640,590318
0x17b745CC78B5C3b403454D8B2389497fc3Cc875c,590318
0x17b7B3870cf599CadDF68539159120C4A9Dbc890,590318
0x17bB6b65B7B5BD3651782CCF2e01c2c9c34ea0Fb,590318
0x17ba6be3fe3fb7c7fe1dbcda6e0a3ef93aaca4d0,8000000
0x17c3C8FdBcB7D1B240CE08965E09B1fC91CBa868,590318
0x17c41659Cbd3C2e18aC15D8278c937464Da45f8f,590318
0x17cCdDa3914aB73f480FEEa2eCA6381C2cE6D4b9,590318
0x17cbD516166720b8c75fE75235Ed0218d9CFDFbe,590318
0x17cd072cBd45031EFc21Da538c783E0ed3b25DCc,590318
0x17cfd7f0df17ffca51800b8e28fd3b8252dd3208,8000000
0x17d1f7DbE8E4DcA27C259f9062aBeC9261d857f4,590318
0x17e566d94b9E9471eaAA1fd48fEd92666Fe0e6c0,590318
0x17eAB65fEc9F1CEf1aEF36b9892C180367dfAAF4,590318
0x17f4633bD4217F8b2fF81Ca062f32ED5B98EFc37,590318
0x17f658bdfae32122cb4b86792f87d08ac8df1798,2666666
0x17f78277056D6B86619CD7807A17585EAe2B7B20,590318
0x1800477E5944545C3946F099E7B179D238606B1E,590318
0x1804a89b24fb9FB845b755069724DB94081e3956,590318
0x1805E1c7683929768C541c142d541224F1076737,590318
0x180DE8e01e86a051e7141420073582d48079528E,590318
0x18134AE5276F2D00E76162020ED297D29c2d2353,590318
0x1813CC31b2842DCaCfd7a8e586c61696f6B25be2,590318
0x18153e3A3BD43a96625e908DD743EFd67B1d48b0,590318
0x18194850b4C0DAC10AF055FB5be772233BE376b0,590318
0x181BE25b516C1e4BCb9a58c7C00623453dA2477f,590318
0x181cB6107adA98e8C364Fc23F647Cc6692af9B07,590318
0x1821BD18CBdD267CE4e389f893dDFe7BEB333aB6,590318
0x182311338A4aeeBa616d10c040C71727a3D0792e,590318
0x1824074ccC39F1EaAC7415b4795cD4f5050d0DF6,590318
0x1824DB66aE6D644F0BE2aEC44eb0638B76e9A6A7,590318
0x182517eDAf31f25c2F4aaDf3dB7Bec1598b37704,590318
0x1828875A45B09718ca512b9979adD5C30138353e,590318
0x18292FED03C3fE962fc580E407e8CCa7793e290D,590318
0x182f37726a0d839216f58f951384ee1366a4d4ed,25703315
0x183063298Bca890634276Ec12D5bE79fB3d47d38,590318
0x183243034257f0130fa76BE9Cd68E95976C864d8,590318
0x1832a700A917F5fC184B5aC2bf47ab836A464B77,590318
0x183Bbd045BA8245e961e673B32bE25b827a9a9F6,590318
0x183D0567c33e7591c22540E45D2F74730b42a0ca,590318
0x18420375bfe559a1d4494f796d6d1bdbbf7070dc,25703315
0x184212252ba305eCE967707B38E6E7Cd892Dad0E,590318
0x184Dd68Db5285DF8391215eA662F5157cb85AAcC,590318
0x184F9db967ce5703617A15D00C5E656C2c28cb0D,590318
0x184cC5908E1a3D29B4D31df67d99622C4Baa7b71,590318
0x184f60d753ebfb44cd3f0b9200b51a05c44d0b34,23036649
0x1858f4e0D86A312864C6623ecf38ef10D6f4631e,590318
0x18627DcC52093428dA5554f6A682c4320041dd05,590318
0x1863616C2F4D5FF827e49b67befcd69127efd86A,590318
0x18693308af12b952dbe75d90cace5c37f728f0a5,2666666
0x1872f3f07B6FBba50c05AC61c907015714d76c5c,590318
0x18848a0238a88DE0836218db09A5491595f60cC8,590318
0x18862DE8c3511641A8Ed875587Fc966bb0f54707,590318
0x188C30E9A6527F5F0c3f7fe59B72ac7253C62F28,590318
0x188c70F04f42855AFfD3f53b4FdC4fbeBBa91211,590318
0x188e98852c470B7dE3f7C2aAA97A4359d8daf8Ae,590318
0x1890426e1FeEC62512d8C62440f1eB4E6f96C531,590318
0x18926Cb29854E6a5Da90fa502277a4CFda60C2bc,590318
0x1893829939c7255278545d8c60Ca2f1FEa49b67D,590318
0x1897f81FEd64a192db9355954179A0958E9Df7Dc,590318
0x189f21AAc36AE239a20c8bf7F99ec9225Da39E1c,590318
0x18A67086EF38708a203FA1fA9F458e32D03690a4,590318
0x18B1390299053b5D9F33AB3Cdbabca8622C4a318,590318
0x18BaACeB2755C6Ac8387e599ac365Bf4ddFD3dCE,590318
0x18Be3712aA6c65b130835a5F1468d0EA69Ce15Ea,590318
0x18Be4b0E7dbD5aB86AC305383072B2b712eC56CE,590318
0x18CD20B6E13ff29EFBA112c0b44E89D371f6290a,590318
0x18D1C5B5e4b793A7bd590643Ae38c730273d49fE,590318
0x18Df29CD35C99464696939c14234b1dCD8a65d5C,590318
0x18E0cAD67a21Ab4d10FEf5e716a876cE3f447c71,590318
0x18E1586034e8C7D0F67374aF1Dd66F15BfBca832,590318
0x18F25d6Cfe172cDfE41D5215db1c1cA81F53fA08,590318
0x18F3437A0014f0bC8ac514973d5BB25672ee93fd,590318
0x18FC3c60A80bA26A076cf633C239dF0e2E80a797,590318
0x18a72746bb64c3083Dec10f167cE88309E6310E8,590318
0x18aD1c9E4309A052061b6e64D9918FB816932AD8,590318
0x18b041292Ec4f92201eD138c24d3f9a96d641E14,590318
0x18b4262Cf6c217595feA931D61107285096C105F,590318
0x18c325F42Ed9F7a7893367969a9003725588A9D4,590318
0x18c90da130322Cf5246CAfC86C156ae373BC931c,590318
0x18d37a7fe2f6b0011d7b2adc2fc5e8be9bc068af,2666666
0x18e41bb2205e0d87cE94474411d49c035c15B062,590318
0x18e4Ad8872b67ff6f48b8E1Fe43B40316314cc81,590318
0x18e5a855230d5adac5b9c08b66fd683791b04d03,23036649
0x18e92FaeAd9e7ba45ca96665033ae5f99dcd82f2,590318
0x18f6cb953fa1c4f65116b17e24fdd67ee2850d82,8000000
0x1901e25239233348BD99B1c799063a6eA4d46BFA,590318
0x1906Bd0244b749381e2974192fc581Fe0DA4D363,590318
0x1906D67E475b8c368C2d9E8Ec281fc18379D48fb,590318
0x1907d6ccc59209088d4fced274ce180d374f6a96,2666666
0x190A33F3370b2Ea46645ba98965e79c2046E7359,590318
0x1935D21d6cd053760CEB3A2265166d64b9B60cE2,590318
0x193BC15E9bedb2Cd24D7a95c9860788257525296,590318
0x193ba0c37d1c7b99eea5df5d8e47b95560cd0432,2666666
0x193c82adf4e514d443735710Fdc79F50DE6f58A0,590318
0x194772668B6d800Ba24d3F910bb004Da1a81CC81,590318
0x1947Af2dB362D17ED88d3F42F30Bf97615263b7d,590318
0x194d98d18113bDD5720A0a89FE2F98C75ECe7344,590318
0x19551D9a1ee5a830e8091901508630517dB29d7d,590318
0x19570deAFd7Cbe25B30A5A72c95A8E7658672436,590318
0x195E61213464C93D91B0f6B91568EE0B06ceA516,590318
0x196A3Dc8446920Cef0f0d1f6Bf7Ba5b40702C79f,590318
0x196f239229AaE65883802B5bB512E17084147Ff6,590318
0x1972560D3C113924DF93dd2ac84BaC702fF5E498,590318
0x1977fabDa467284E3CDf83a2A7eE7C0Fd01B5E61,590318
0x197Ea63D275577321bf1049CA169420234F59415,590318
0x197fB46C047eE19D491f9035CcF0dc264e3fcc24,590318
0x19811e0292a6c818bbdb83bfc897846bf7f39503,2666666
0x1984305458E75621dDF0d0B5247AA753091F359C,590318
0x19847a32B0eB348b006C79c1FB2d3aE1276c6028,590318
0x1985df46791BEBb1e3ed9Ec60417F38CECc1D349,590318
0x198aE4Ca0C6303d73EA3339aB36509179811d871,590318
0x198b6F2515AD7d39543916Ca24C3A1A8bCc282bA,590318
0x1990C1aC65A4a9965F071f42644dB3fcD556E9A2,590318
0x199538dEf890CCCd1DBC8edDcD790Ba2744a46b5,590318
0x199609fe5D2908c1040BE02C6b39dBa226799a50,590318
0x199b7dc72052bae4350da59b179bf634eb4058f6,2666666
0x199bDED7d6ea0EC6f949aBD21128e6f4D82c51c0,590318
0x19A299136e65bFceB28f3B1e03936A38EB155D55,590318
0x19A9cd92b3e6c3921abC4f239f553939984c636F,590318
0x19AA8a1018a8aD2C665Dbcef4eD635c16C1d8ca8,590318
0x19AC21848AA8d3cd0C429836d2Dc2ccBcBd37c3D,590318
0x19B204E4FD12423A0C4319AdC222B7197a13f96B,590318
0x19B2dAA6BE4a03dd3Bae87d673b5D321a6d4C0aA,590318
0x19B5C7aD142472c7B7E7f0E6a6DBAAe4E27A9fec,590318
0x19C538f4dfEddCB7bAb832694E882f6F5f1dDc8a,590318
0x19D8da2674E8A025154153297ea3AB918DebF96d,590318
0x19D994B7af58A7AF244B8eb5FC42d9e426482BEA,590318
0x19Eb7FfDcD670Ca917110Bd032463120a5E58C8E,590318
0x19F15B6A3F3FDb0EF293eC3C169D0C5fa0D74A69,590318
0x19a863aeC37C83C7Cb34548c29f1F7e41BCB51Ca,590318
0x19a8e689a90051e22e7aa3688429f082b0abe745,2666666
0x19b338b1654f778443c27ef689ab5cde5978edae,23036649
0x19c1d7D867307cB17DD5CEfca8C5822eE54dD243,590318
0x19c4401ed064DFEc75141f9117940ef68A889e20,590318
0x19c44EB62cbCAEC8914565bd67BFc839954391e6,590318
0x19ce57B670121E73E43be6c2Fea5C254bb4C8760,590318
0x19d2e56df1133D262D3381d50418Bfc60a86c327,590318
0x19dC51950eeCd6a6b84998dA6C15b92ef7982AcD,590318
0x19dae7035c1BBc00283eaFED3ec9A361c041B91c,590318
0x19df59ebc096874645c68ff3a0f72140f5f52bfc,23036649
0x19e02B992c0295D27eeCfF941D5DBFAF85409D86,590318
0x19e499321EbCE1d56260481148d47C7c9AB09De3,590318
0x19f8a76474EbF9EFFB269ec5C2B935A3611D6779,590318
0x19fEDF69B8AcCDbDDBAb22bfe4Eb64E85FaEAC7A,590318
0x19fd2451506209a3935003893f0fe48659711916,23036649
0x1A07D18196302D1c73711FE4A99C2b2A00234FE1,590318
0x1A09Af175D4df33CECC775401d22EF49a9E0c2C4,590318
0x1A205FA14Dbbca44BE329caf9b6d19067dc44c81,590318
0x1A2F56821298683630f457E932EE3A70e751F6C8,590318
0x1A31395F7ee44b6c5aef70bbD48718aA1b33b789,590318
0x1A3485CdE0fD2325024d82A613C6B10cBeb86f3f,590318
0x1A3DA1C37BfE2E819F1290743b00d38fa72c52B4,590318
0x1A3EC3d610A8725ae46f550D01f077a7798072bF,590318
0x1A3cDE21e27CA9a2670C2c647550D39a72d9637C,590318
0x1A3dc81950Ef91661B2f2A1C48eE261B6cb58a91,590318
0x1A42E22B55cc05BDF712Ea9dD61Bb24a06cfAc30,590318
0x1A567B84377e64bdaB026342C177870cc7410EaD,590318
0x1A5D6D9E717566201469010DC8b572D223aaF83D,590318
0x1A67e81011c31c17B1b0912ee6354cEb6F8d018b,590318
0x1A6C362E07EB2DC3a59913534B221937a8652D2d,590318
0x1A6e8e5Eb4f8091648C38DBFa336858359499048,590318
0x1A6f6B9313a6314d071E502c65a2eBA14e58F3b1,590318
0x1A89DDD357BE863C7F2A869744A7C185320569e4,590318
0x1A8d8Baed2161e145686d20e579775C8ca032216,590318
0x1A93062e4bB2f41e1e7C3eE201eED73AE0859780,590318
0x1A944C47372f52fFA4FeA738aC0cA5BCf7424C15,590318
0x1A96Db12AD7f0c9f91C538d16c39C360b5E8Fb21,590318
0x1A99286a4002eAC17f7698B78E80D3fbE0066A81,590318
0x1A993Ae6EdEb28F16EA29bcA1d7fF1C21c9CD0b4,590318
0x1A9A0B97CE419891f67468F81C91BC82497956E8,590318
0x1A9b762a62Dd15d8E49E950721FA19e67FdB0590,590318
0x1A9cE32b39B92e5E6607B46da918779F8CEfD44C,590318
0x1AA0E6F9358E193734E3481e25b48bAa7844c739,590318
0x1AA564d7a57D5F72F7a5608027a49f1846b7313B,590318
0x1AA780bB10425b86BCf05Ecbb7953F9A93729ed9,590318
0x1AC08405E96E3561893eef86F194acDB9A24D38D,590318
0x1ADC217Ae184dA3920D34850370540640F52D852,590318
0x1AF331dc34dD7C5C62AF28B5685328318b61888a,590318
0x1Aaa7d815B122869796F9db3Dc9f57f3B1275747,590318
0x1Abd35a5183AcA3291F05353a6af3B4409603a8f,590318
0x1Ac53EB09DB2fdB5EA0ACEEf42A5c25E8399aDe7,590318
0x1Ae309a165C462810BeB33552f67aa3BbD1dE2d3,590318
0x1AfD3A258b1A9B397A24A239bb70444b478deeDb,590318
0x1Afa2f54728A78a766EfD8C13f7a70ce5133c226,590318
0x1B0e1A76CF0c2359b15Fa5C297726513C7De3524,590318
0x1B11B544fA42E1709599606bCaA0928fc8B21c06,590318
0x1B13241762787C7b7f0456BDA398AE995BE51869,590318
0x1B1D0B55B7Bb8a9165aDf3BFd65d0F8C600118E2,590318
0x1B1eeD7253D12377e832D2679d416f15887A56E7,590318
0x1B2965dC3B1697DD10b7126EC7393d79cdA2cF91,590318
0x1B310B0C8a4FaA55277214278f72985581769a49,590318
0x1B3348585663bf047E53bba9c1bda441669ef59b,590318
0x1B35b7e9a600aB1D6597e1d2156795C9D2fA4f36,590318
0x1B394344DA437549860964aa1E42AA86f9BCbfc9,590318
0x1B492B0Fef6FcE1ec46F1FE78d9F5A28119f76fB,590318
0x1B50820EAB73Ac964FF8B1D1F49165A4fC142bA1,590318
0x1B5a2F16880d95446138d04ab81A4301B38Fc1be,590318
0x1B78284595eD8468608DA05aA02933b84C6A4183,590318
0x1B785f588b3528Bc4c2714CeEDBCB8f31b7AfA8f,590318
0x1B79502da29927D10c17b5C73a1372CB7794D1D1,590318
0x1B8436713487fb973A69dE77226de67bdD94cD3B,590318
0x1B94075DE36e4CBFdbA7274762A9b9E451c3D5dC,590318
0x1B950E98c668660c554CC86A80D4e22B7F747628,590318
0x1B958A48373109E9146A950a75F5bD25B845143b,590318
0x1B9AD081E4a94fbB566486F3D86F97a1dA1C94B0,590318
0x1B9FBd62e10ee60f41fb637B803bA85c19AABA01,590318
0x1BB767AF58239549acEcC8d1Ea7a66C22e3425c3,590318
0x1BD5e1674812dB11C4431dFcF5044C342aEdeAD8,590318
0x1BDA1797E1839861C1CF539359246e2bb77c8E53,590318
0x1BEc415123333c796008c78EB0B8CC6BdC447D6b,590318
0x1Ba2A537A771AA4EaC2f18427716557e4E744864,590318
0x1Bb3bE1B91d7ec1dE7D82249e2c82ae9E25aB972,590318
0x1Bc11BC37A663bF6E6Acdd901d9815738bF6670B,590318
0x1Bd953b21A0d1ed1A6De09421d99B19372C053B7,590318
0x1BeDF678eA91476731Ee1b32Ff8111bB1e822251,590318
0x1BecDF6300b41Cc87F2cbE7788b0b06CCd099bf6,590318
0x1C0290F43Ee7656819455C1C09b1Cf9D8136992B,590318
0x1C05dEcb151A459E8B045a93f472D1B238204094,590318
0x1C0Aa8cCD568d90d61659F060D1bFb1e6f855A20,590318
0x1C0E292Cc53E5224080cfDf183B40b0Dc6cA019d,590318
0x1C1c270b573D55b68b3d14722b5D5d401511BeD0,590318
0x1C215d9AD714e653f41c63269c5c7ee31f3C1ed6,590318
0x1C24A70Feb7B2250758C2d58bFD63b0d3aAF0288,590318
0x1C27B8772cD1751f4a0f8bDbB04fB154064E19B4,590318
0x1C32720E83B361f30313e923082DEa7701f53d36,590318
0x1C34130c904b8F3D0669e0B351C91C92Edbe55FF,590318
0x1C3a068430F8fE592703D07B9fd063d47BDe8ABa,590318
0x1C41D8667E815451c6EfC242367cd15F0a4564DD,590318
0x1C54F8536006BAbE876bb7bc4ba7903b46b8C5E4,590318
0x1C57Ae6150bB689809A7e408b19DAD3baa5A65B2,590318
0x1C675ecfdB9D4cc0aB83Fd8597C9A974A2268bF2,590318
0x1C67667c0dc15e07d8e075dB61fc3974480cb9ef,590318
0x1C6D419fA8a95f92d29EFB782044719CEd32eEa8,590318
0x1C6f1A832e73949c97FE335a98B6A5Fc3c9C29E9,590318
0x1C7f89Cc2c8AB61f458d0080627576Ee2f3e897F,590318
0x1C99ae71B5cA68B1aF78748D6C617DD0B4644229,590318
0x1C9Cdb3E88c6ce63d28473F0B926Aa4C28066d2E,590318
0x1CAD53845b1f5cc86C539fCB5DB2D1285859BCF8,590318
0x1CADAdF0e884aC5527Ae596A4fc1017a4fFD4e2C,590318
0x1CB81611D2254978A47C4b5d57b21Ab59237Cf86,590318
0x1CBc02c9FE8D0bF32AB5A5006c4305C52F30fE34,590318
0x1CDa3E50C9cF2501369A452Ab4C208F482B71b5B,590318
0x1CE165c5226D6A69E866D46B4dF285309E2FCB9D,590318
0x1CE2304369d957fc1F0Dd32C983F445E449F4C7A,590318
0x1CEe98D3023E592Fef4b14Ff556FB8BE01e0cedd,590318
0x1CEf5A4C899A75A2E56F7F730e8F02d2c9dCf6cE,590318
0x1Ca61E396969838EDf7010d1470288328c62977c,590318
0x1CaDA294fd0535256BC433f15272A8d46DFCe091,590318
0x1CbE16633D716999e4C6aaA573af58B45539F605,590318
0x1Cbe2a0FA44Ad90f7E84FfDb5C02A80b9B36BB93,590318
0x1Cd17b86E2D13e1Ed373805Ff8963De40fa2154f,590318
0x1Ce99932fD278E00911814dC4bd403e1293d8ED2,590318
0x1Cf0868fE708a61fB9B63B77132Ff32C5d5a2623,590318
0x1D04cB16D0cC338d5ec6B5379F67CA1406C96d37,590318
0x1D07F2Ad30B6FCD73d3E478F74232F1CcfBC79d3,590318
0x1D1569E8ECb88C0cb35F8920649f1aa66173A8Bc,590318
0x1D1967ff22Df0354c54dCD81Bd295bF13C03024c,590318
0x1D1b3C7D12952FC047F45BF9e94947E1099A0B36,590318
0x1D2629728451b7BC12Fe54c531d6E9A94A8903CD,590318
0x1D336fcC8AE26F94de01d7d1aD18A30B654dA17D,590318
0x1D34C46a0ed5Aae7834Ca1cbAf97ac453319a2f8,590318
0x1D380b851589438E3627FD85260952cd8498E437,590318
0x1D3b65641c49f1CE98Fb683a049B092744BCa45F,590318
0x1D432F64767E40a9722EA670353181660183862E,590318
0x1D4c8282A408d8fE92496cCcD1EAA4ff0FDD3b97,590318
0x1D786617574bcc8400F9815A3e80a71C1caDaDb9,590318
0x1D7B087234D89510bE132F8835C04d696Be4F43a,590318
0x1D83e26c896de65cD16345778873A5015b5bD914,590318
0x1D93A938203384D61dA544310217e59e60a03Eca,590318
0x1D9c4b32240CDDe5a7FD03cb15F9E221e5C2E114,590318
0x1DAa49b6d043d980005996C5C534AFc4346C250f,590318
0x1DD8Aa97C02dB71FB1d7B408542d7dd2b90d5501,590318
0x1DaD8776FE76780ee5cc816f94628344FadEDC3f,590318
0x1Dbfb8F23649610bC5e3B1ad899C4612BBB94c31,590318
0x1Dc0402602B10EB2d86791EdA203f1A3003488e6,590318
0x1Dd2228c9c3c6Ba280Dc068C28A4b277eb0E849a,590318
0x1DdCeA6983CA6962D876082e3fC09134acF89C54,590318
0x1DdD74Bda852CC447847aD33CEC2DA2Ef465ae83,590318
0x1De58ABF6e5917a598469299A10b6CB5eD668B27,590318
0x1Df8ACdeE8ec275aBE1C25BeCe73B8b310a44C62,590318
0x1E06b49076D7eCc6E93482307d0400BD0700d569,590318
0x1E0c237F46F98Cb551280B9480F01454C9129dFd,590318
0x1E117F2aD2c2f0899856923616fD70283F3d7FdD,590318
0x1E16fA68e50f1b622b43c73a360170135a20B462,590318
0x1E2410217C2071046194372Edfd12540b9308029,590318
0x1E342d8Cd201Ce9D9C14f3a015C8dAe0F41e40fa,590318
0x1E4638de9088E6dCD970538F4C8A4020F36C16de,590318
0x1E59078C552206473E2FE13DAA3bf7699A609F93,590318
0x1E5aeBcfdC780Da4Fb506e93a0b398490fD94864,590318
0x1E5df8F15c16BB2917b9ce5B4673C9223c73dc2a,590318
0x1E771e1b95c86491299D6E2A5C3b3842D03b552E,590318
0x1E7a6840b8193ea781ff58361F449C0CA4E7D99b,590318
0x1E906EDA4208aF558dCc9f43B0CDC29e1eE18909,590318
0x1E92540A49E8cDA718017a7A627B4aC62707C2d4,590318
0x1E9264e33Fa02406E41De611962a72653EE24Bd6,590318
0x1E966ad514F60cdb658E57f05B6A2B8898721ef4,590318
0x1E96aCB71e14C15E942AD4265fE46Be5138b9008,590318
0x1E99d1512f1CE0674C448D55a3EB7C83405cE8D2,590318
0x1E9EdaC80d38F1665f2E05b55fB455f44E4237bc,590318
0x1EA2A806f60d3aBD361B2E9ec992Ba7b85258343,590318
0x1EBC9d59fcA0C4Df29C453AF993Aa8c7C89b09BF,590318
0x1EBe5a5E9b739755b5855f6eE4367EE47127d8c5,590318
0x1EC1807f16960b6c828B7520aA99a58Ae4b6C022,590318
0x1ECe1949ABC23bCB07689029517d6a089c6a4757,590318
0x1EEe60F0d11E97D54ec55af6a39ED470e2AcEc0A,590318
0x1Ec5Cb28238dB16F865a4A4F1c3E5691722d6F46,590318
0x1Ec9307Ebed576F0906A9b87A525f2BceBA30196,590318
0x1EeAA627f5DeC732e1C165088542935D9f4DEB52,590318
0x1Ef6e1e2f713e444c535d8D9e9b84B9ed2a2Ef7b,590318
0x1F02547d36014e6616F691a8BC04FD62Cd2A34E5,590318
0x1F02c57e5E541058c5e02E6EC507E877565fB2c4,590318
0x1F1Bd54eCAE5F400bdDBa27bF079Ed44f181df4a,590318
0x1F2429FB6EA7923d447223cd4177b3be487a7C47,590318
0x1F254841Ff20aE4e0145255E946beBf9B5A09E20,590318
0x1F27af0bAd8A2c7C38E68f548716E4ac003A2F17,590318
0x1F3AB7468F3e51646B3AebBA26c6fb6302A02d55,590318
0x1F3Dc2715AF4612b4834e4663c8381e93EefA3D3,590318
0x1F41b9b0ABD37225D1513a5Ef64060e6A5c1E411,590318
0x1F41d663B8428986F0d0a2147b903C37419de265,590318
0x1F451580f839f6589D4802AF037D715De693120b,590318
0x1F4683148941CEdC01D374fCF592bF707d0d1975,590318
0x1F4b5fbE8411e44Cdc3A1fdD4D204b39320D9C58,590318
0x1F4c19e504D3aFf02a557c15CE349039B051d7fd,590318
0x1F5D295778796a8b9f29600A585Ab73D452AcB1c,590318
0x1F654366D5cA91FA67b153d3D6239916dFBfCcC2,590318
0x1F6648244AaD208591b2bCF5E31dbf5c61639111,590318
0x1F708885BdF5D6E37B175B6b388Ab6Bba193bC0c,590318
0x1F76B5Ce1810E573a0155d4c5695d96B01c000C3,590318
0x1F77dFeb0e6FEd1ecf0b41D4c81330df6a6fb167,590318
0x1F877C9c6DFC3833F05aF3A2Ad2f64562115f824,590318
0x1F9E2d9281E30E607660e5209e6CE0FC2b22C614,590318
0x1FA83251E3773011b4Ede627b1F16824C8fb8F2e,590318
0x1FAbFd128d498fEF7da0190ef416a502375bf59A,590318
0x1FB10E9577f39A283C37413205CBc227f1003640,590318
0x1FBe7279DA134C53Fa521f5EE65891948e775e17,590318
0x1FD2BF8e4c7F92332BCc3c4F0d34C185Dc160BBe,590318
0x1FF125d808990000dc087DB80d06d2383b50C730,590318
0x1Fd4e198bAF6e6d035eB065Ec154c91AC73F5b75,590318
0x1Fdf397dd1E6596cED2f8E630cE222cBa9e5eE1f,590318
0x1Fe549593722D75FAace2378E5Cfbcf1b211b8eB,590318
0x1a02904488757b4c700b2a9Ed27BE82ba05c12BA,590318
0x1a06dc2b72fd95a09fb9ce732bf5ffbc255496de,2666666
0x1a0C96eF4c775697D9ba9A99124dF73536Fd3866,590318
0x1a1073518a076d75096eab010b4a299f7a72b1aa,31036649
0x1a111AA239A00a6209A855FB8dc1d00D7B987e6E,590318
0x1a13Ea2705C5D98518e1a93Bd6d3fF30052ba5B1,590318
0x1a1AE263F4C81814aa270924A217BEB0CC32818D,590318
0x1a1Ce8054976a38dB8027f1e857478eA423a72E7,590318
0x1a1E7e1F8078e445551779a3852Cc756A8C5F9F7,590318
0x1a23f6501c733e1017DE6Bf889216B73F2E609fB,590318
0x1a2A33107f2b52e7C7e1d11D7606a63F6e52eeee,590318
0x1a2CF4c1Bc8c170e288A6E749A9867Ab17FBf7C0,590318
0x1a343eFB966E63bfA25A2b368455448f02466Ffc,590318
0x1a3DB8c9B931643Cc57832DBd9A58B20A0be0a77,590318
0x1a3b0c3739f46608feB3ea6b5a27487B0509eba2,590318
0x1a4261436bc35e8e9343f71856b476d688ae93cd,2666666
0x1a4544FfD9aDCA3F3906b936a67a787DCCb5C010,590318
0x1a4E5A4F2B185eC6c8054c3eFf6824250A0CcfEC,590318
0x1a4Fdf8aE9c82b979a0fED2b9665d1E22A4D71C0,590318
0x1a536e56fb2f40F25896B80B45a8a96A817bDD49,590318
0x1a59A8a8009157eD93B92706E1dbEEfD69e41877,590318
0x1a62e7aF4C95AE14fE60e275Fbf00d30130FE34F,590318
0x1a6693AE4618C5727374275AdD0d663a8e166Ae2,590318
0x1a763d123d2777216ac397b41096de9bc7170866,2666666
0x1a83db176a4738ba33cf0753a6deb7c97acbea1b,2666666
0x1a860412a3ecc2Ad4DbaFc63704292a25FA38506,590318
0x1a8690709573BBBd6D00507D39C259B31628156B,590318
0x1a8BBD640A2424c07C2d4ccEf881a496251Ce971,590318
0x1a8c814579B070394B9094d499c5efA1f0ae2520,590318
0x1a8e62ffff39dd40722dc72f42318ff4811cb637,23036649
0x1a931ecc49df15586A47C6607f0bac9910d8907b,590318
0x1aAd425846af838A9128c1069649FFb3b862A694,590318
0x1aB474033f9E828Ea2574Bb1C8C61d3Cc71A125D,590318
0x1aD100e8be129E5d4c0409EAAe0D4C71c2798d7e,590318
0x1aDcF07389b1F6605C44a7683c50A5243829A92C,590318
0x1aDd41D2e704e835B7269d677C09Ec4D7eC56A5e,590318
0x1aEFFC6752B6fF78ff155EF5658a7449805F3a74,590318
0x1abA00022Df1E1b4a40ff2194ffB6737B7f69AFb,590318
0x1abA3ab0dAbff5619C101066Cd2cF8C7e50993c9,590318
0x1abE718Ef04159b320cc1CA1d87B38fdc1506a82,590318
0x1ac6314A60e12f44E0cb5b2cAF1731a02e2F3936,590318
0x1ad188313fa150c64a5e1d536e0e51e4c32a8beb,2666666
0x1ad7eE2a6B8e743B76D1a0FeE67566B63B7B9db5,590318
0x1adEfe99e75436Ad23E48a42a7BD94Be3A4aa58F,590318
0x1adf866164fE4d99A4B773766c701B91D00d896d,590318
0x1ae6B8D9B1718Ade012B32137D033bC7a56746ba,590318
0x1af78385c7be633c5BD1c981BAf55E19fa4deb98,590318
0x1afde274384b1ada7f9322c914866199ce43ec46,2666666
0x1b00ea832ddcdfaf5cbefa73dc06af9f5e4416d1,2666666
0x1b03c2C4bf7a756c4C95Fe71E639D98661964832,590318
0x1b0Fdd9A7DE2d44323450038b11b29E241FF6ea6,590318
0x1b0ac4e84343d0e1D4ab472daAA09De61a7E9e26,590318
0x1b1223f7c73d5ad639023c0320c8a858c57afb69,2666666
0x1b13cC4c11666a83518Df8DF5AF2976e8bE4d7FA,590318
0x1b13ffed169e74e9129c9163c55d3cfad115992a,23036649
0x1b1840Fc9Ff8FeBa220C9F298dDE4B7f59889b18,590318
0x1b29e91C2F3c4de7fc1c3D82C25c07f98BF7f250,590318
0x1b31a1b23708a06bcf597a0df74f6eb2d47a5674,2666666
0x1b3e317A3Db5578cd63b4Cca1A99fc4652E5b376,590318
0x1b43b9a24c87b449288b40Dac3d709735BF445f1,590318
0x1b4BfB6b8caD21d77Cc55Dd8b87aB91a60D89c0F,590318
0x1b4dc70984f8bd79D2f96ca7eCF6D0ae9df44a6e,590318
0x1b4efef21BAE5166bC9217e13c2Fad9d0d39c856,590318
0x1b565Bef47DaEA44Ce2C850f3D0a7537D18465a9,590318
0x1b5A5Aa8ca1B3f4d55ccAAb0eADab56C52d0374d,590318
0x1b648ade1eF219C87987CD60eBa069A7FAf1621f,590318
0x1b76a891E750bd71C78fC7090fdE41bed983C957,590318
0x1b863A08C2f8D59bD19c0927E8683a9637c323B3,590318
0x1b914bb692d21f2af41cc89f6c5423f2ebaf936d,2666666
0x1b974c1A48DcFEFF736d958562869bbA54d4C348,590318
0x1b9A28a7daAE629eBF3984dd959a825d658FCb22,590318
0x1b9a25fe56fd23f6ee8324319f0c2c4851469adc,2666666
0x1b9a96f6e1290a138290b3b8fe784c999ec02d69,2666666
0x1bAe19AF613BD5Db94bAf043D5817e16a53A4C33,590318
0x1ba657aEcc79EC1f4Cde9B581aDbCc6d4168b813,590318
0x1ba8f94f2d6433ec74816f5528e306239f2c5050,2666666
0x1baBb042DdCCA9064eB01A054BcdbF5ceb102592,590318
0x1bc0f83C8CDBe909eEE511A652DC9Ce06300CAc9,590318
0x1bd6990481d2d06fb59f3f344567a4d36fc368a8,8000000
0x1bda1797e1839861c1cf539359246e2bb77c8e53,2666666
0x1bdb9276e020578bc9d86fa45afa08fbf335a10e,2666666
0x1bdd78fe86158C40bfC0173e3912C3959D9C9Ebc,590318
0x1be45feF92C4E2538fEcd150757Ed62b7B3757D7,590318
0x1beB77BF832F82BE913f7ECE3c913dB104044dB9,590318
0x1bedc53d0e05063a82afb14d90ca3a856e7c9ad3,8000000
0x1c0a09E36bf47a3496Af91890b5D66353F7bD34b,590318
0x1c0eC596303Ce6666f5a4D24c29e78Cf881cb5d3,590318
0x1c159C89044BaFb76Fb98E30eF29043812a9a939,590318
0x1c1d0A4da0B17bb6879e4b4152DC8aE3433cf6eF,590318
0x1c326e7bc62da4355453B7cA03e0A2072aDD198D,590318
0x1c32c58554b50639796777ee29d84fb9b25dadc1,2666666
0x1c36cA5307C64092Fa7aF8a7ad4EB3b0ecf7Eef6,590318
0x1c4aCaB92b89297718e87331499B62ED3899B217,590318
0x1c54158467e1f594171e18741d7ed319112D59f3,590318
0x1c552428512964c18d2df757c6827054e9063973,8000000
0x1c59D25A6fD7fbe8f0b98C3827843b2d6eD7ab48,590318
0x1c6586f4895A569d9EFac5ABd231b79E0D47cAAD,590318
0x1c6b59f45B0656669EBB92C3644Ef0F87A93469b,590318
0x1c7d03A76B2e85707F622aDf57A5126e658370eb,590318
0x1c80bd2b0b911120755ec1b8fd88f6c63f36368e,8000000
0x1c85283E4DC75EB4F57BBd0f00cf6907A88d2Ac5,590318
0x1c883820aF4E18178069258Ea61E1Cd0A6b1De41,590318
0x1c8aEAc5078DA72829b9617719D3Bbd01164f44B,590318
0x1c9085349d59E28342b752B53E889ff4cb7F9643,590318
0x1c9318007c25bC93A6108d9419B8F64d689e3392,590318
0x1c979aEAb3469E6b52C0FCa59aCbDB52630D6521,590318
0x1c97bA3997C34ba30B6ce2e9CFC3EBa0b544D752,590318
0x1c9D540818B79c5C366757eb591E688272D8953b,590318
0x1cAb77ee18847F39f20d99cE998eBBA3Ccd31F0B,590318
0x1cC6335f6dD86733fA316F6569690e338f43b527,590318
0x1cC972Ff969689873f8010bDD0Cf3dC30618397E,590318
0x1cFf5FE5B3bF31d1579ff1f923e2DDa02DfbDB9D,590318
0x1cc2C2B1492dc7d9FB752454612Ab4499e438968,590318
0x1ccb144B700EC726d37Db38c617E154De6d9c0d0,590318
0x1cd846882047E50010A4cB88b6466a51DDDefBEf,590318
0x1cd955de9fc92a995ba5efdc3423f8dae584222a,23036649
0x1ce6E8a1AE0ddb51cBB407510AbBb57207c6b5aa,590318
0x1cef0c3e6f4b06b6f1c68f33f4e8b8286e73b137,8000000
0x1cf16a258c1ed86140de36b1c2910c7517e4ecc2,8000000
0x1cf23b254d3ea59b8dbf2fb6ddca976cd07aff45,2666666
0x1cfb356B92f8c773E585C2660E9757a5689cCd88,590318
0x1cfd56c2d5502b5205d91100f1f928b157e951bc,23036649
0x1d04bd6e2829897994618b910e5804ee631e0509,2666666
0x1d11eb5D0c1E062BfcF0e025083cdE39A32711f2,590318
0x1d13104902fd101a6dc48733bd42e49d65f20d25,23036649
0x1d18952b7c3f950529cd3acfb9ffd9011f53f1a3,2666666
0x1d19986185148A8d72Ff45F8F3c561Ae0DC9A099,590318
0x1d2967af6604d4a4dcdb0442fdcea62a405f40af,23036649
0x1d39a9E30b0C1D2cA23e4FE9f03f75885508eF48,590318
0x1d4692dcc7f819902Fa659286F53907Aca04dbbf,590318
0x1d47f516bf70256c111601653b8ad37925cbbe65,2666666
0x1d4B9b250B1Bd41DAA35d94BF9204Ec1b0494eE3,590318
0x1d50C97Cc53564Cf8af00163F10860246E737bEB,590318
0x1d530b969ccce52fc18680b52f3a93671125f9c2,2666666
0x1d54cD3AB1b1A37eEE51C2Ae8680a3EC4f31f54b,590318
0x1d60C34f508BbBd7f1cb50b375c4CdD25e718D1c,590318
0x1d671d1B191323A38490972D58354971E5c1cd2A,590318
0x1d6DdD2EcAE516655634176C6a49789EE412673b,590318
0x1d7724444b5250BA0c30AbBBB1235a0511C6e209,590318
0x1d7aB46326c0A2be38c09e2966DaC93F25a29e18,590318
0x1d878f6fd609907e022c49bc31c2bf5e145446ed,2666666
0x1d8E86079c7d63b46650c8564c3e19150cDD17fE,590318
0x1d945e9eA2DA9CB9A36B3E53e78B5e22BEa1e3D9,590318
0x1dBAF5afdD389D34c2AaDeAa94C256994e7331B0,590318
0x1dD0D653A3D3bC741d5532696F8721CD1DeA3ACC,590318
0x1dD26e0967b00D9CceE2299466874fc72180235c,590318
0x1dD882200CC37da7774f1998564241C80fBFCB6E,590318
0x1dDc50A8b8ef07c654B4ace65070B0E7acfF622B,590318
0x1dE17B6c736bcd00895655a177535c2a33C6febA,590318
0x1dE4a25c124F9D173C9B2FB05e5329B2098657AF,590318
0x1dE8356F7747fD4aA8BaB4976DC1bE873CCda18E,590318
0x1dF726d865122eCE3743136407B7446eC7E0F5CD,590318
0x1dFcE08D01B8CbbefcD8e0A9370bcD6Fcfb207F8,590318
0x1da5735648D5c6f8a0C164bd2D18eF13699A8E99,590318
0x1da9Ba68B2F99429f7651370A2996e9A4e0C8A45,590318
0x1daf54a496E79c21C181C1d6a812D1B9A145e38C,590318
0x1db5d01bfe2c8f7d2fc6295962768329326fcfaf,2666666
0x1dbf65c47804C8D44Cd972BaD846651ff4Afb6eA,590318
0x1dce25415D54E6bc694aaFa6cd5e650d28Bb786A,590318
0x1dd78371bab2b2183D45Daac82492430a213527a,590318
0x1de73e74f37b508bb940c3a67085c1bf3f088e28,2666666
0x1df72ea3306b8351522aa0c5e128825970cbe952,23036649
0x1e05670cfBf61878290841d5F61e8f16d7C72f53,590318
0x1e074cf6023ed1532882b63919e8c60190b686ce,2666666
0x1e07c233341012327Ba02455a1DEDC45f2B499D6,590318
0x1e0a36e8a5a86e32249ebC7328E2254f0C699944,590318
0x1e0cd9f11612083b600202061fbf416df41ccef4,23036649
0x1e12A0799003Dcb2f001F9996FBFB0fd2d739393,590318
0x1e17A75616cd74f5846B1b71622Aa8e10ea26Cc0,590318
0x1e209A79C44e6B38dF11E560f454C3572E7345AA,590318
0x1e2235fC6b984D9061d90a622b9Ca6a4802696c6,590318
0x1e25c2827C34616E20AAf67e71A0B47BdbcaFFa9,590318
0x1e2a000bfa0d7712c41c8208f19f10dcb896ead8,2666666
0x1e2f00a5a0dd0006875f3e6b6e04b9e1ca832e1c,2666666
0x1e34b42F23871aaF6a8bFF113d7241aD6b936eE7,590318
0x1e55E5B95AC4D7E1f299A250af9f666e6B810110,590318
0x1e5758292CC40a94cc281D9836969f0AfeDc8F98,590318
0x1e5c797a569276bDa2EE21750186000e01D2bB5B,590318
0x1e5d13496de4A81225454aFc9d0fa06F6BD97421,590318
0x1e614294a89090c1AC1ca8E769848447f786b425,590318
0x1e6EC0adB8d5B769C7b94Ee74B1011cF60A54008,590318
0x1e6ae0134b057d0B220958Eb5AE679EA3ac2F40f,590318
0x1e6ec95bb32367e2cf0042a6d491ed478c127db6,2666666
0x1e77a5623da4203a569bebe51a2e7835a66ba123,2666666
0x1e799BdC292C86312c79d4FeCd5B8439aDf1Cc71,590318
0x1e799aA1C7F1394e6eea67f907Ec559a051320fb,590318
0x1e7FB63823D5B2F5acb1690738dc34E2eA74e6be,590318
0x1e84af022fbed7c6adf645ef225ad77c52ff76c0,2666666
0x1e84dD420D15d5E0Fd7AE2BE897e6512dDf25d71,590318
0x1e84ea52aA7C7384FECb2646cA55751c4F88D842,590318
0x1e8DEA537FB0533e2E77d495f82bDf968C2B6041,590318
0x1e8E749b2B578E181Ca01962e9448006772b24a2,590318
0x1e9039bB329a45Ae56Ff7Be9b364a6c121449704,590318
0x1e92C7B70Bb5F0298f7CEb32a7B9C72A4dcB69FB,590318
0x1e9bdc74a70909ca922a7857cdcf7091de2ce5a0,2666666
0x1eF3953f52aA5324650ac4ac09a655b3094D226F,590318
0x1eF9Ac99A86B72355f3ce2afaB82630E7B7497B9,590318
0x1ea478C2d53917f803Cb9914b0B230aD06800064,590318
0x1ea9b0b231c7bb31056b99f06c081f8816045a73,2666666
0x1eab996fd5df759325a40aec2e785754a09cc8a5,23036649
0x1eb322c016815EE5b29c071586C1B75Be5934576,590318
0x1ecA2B2bC6C662BDc3FB3F46Fb99400A9F12121f,590318
0x1ed0694035805fc016586190a86cb8e8d5dd0579,2666666
0x1ed2584074B802929c7D94Ca43459AC9b074141d,590318
0x1ee006327487533c426c5271ddb99ed89a23608c,23036649
0x1ee529514546D7Aa11572656f9f7a790dD830831,590318
0x1f0592e04a4790B943CBaAF39b2dAC2B9914Ea8E,590318
0x1f05Eb9F0948420c3D4044e87DF42a2434c422Bc,590318
0x1f101873f110d4cf0562d7b60bbb616154a89738,23036649
0x1f17057933cBDdD134AD5ABa4E42803eaFD303aA,590318
0x1f17e50937Ef768f9f8e8D1E114dc5626B299c05,590318
0x1f1dd9c30181e8e49D5537Bc3E81c33896e778Bd,590318
0x1f2230DBfDfBb0CFE5e73fd51B015283D86c628b,590318
0x1f36Fe3742Bf1146b319B9B3Fa67f4dd2cf3512E,590318
0x1f43C4731E913B906f4ddA4061E819E975917Ff0,590318
0x1f54f7a0c64d4ad8de1ed32ddfbd4d62d0e0acdb,2666666
0x1f55C11e273154a57A82d22124DBEbD310A68591,590318
0x1f5CC824b53333DFFB709338db4bBb154EF2d849,590318
0x1f6066F4C9054c5f9cF6363c7695C5d733aE6B71,590318
0x1f6519b5de14389cfeee61038a01903d39aed93a,2666666
0x1f6A9c70c5b2db626c4d3EFf216a9CA528232fb0,590318
0x1f6E3B7192CE678075237531849185510Cf88fD3,590318
0x1f6b3531a1E149967F9dD811E14e3f87e1382112,590318
0x1f7689E867e14731AbE2B4B1E0B79b70cB4a0E29,590318
0x1f77d34deFF2B72B0A0258603eFFE72704742EBB,590318
0x1f82e538c515A23416De3684de7Fd849e81e0e77,590318
0x1f831fAAb717433BC18f472cc652538E293B46D6,590318
0x1f8B22A4d0f9ce7639c2F9085381Ad34E02537a0,590318
0x1f916bBF39aB189A9E3d9E1823a7b1A8e9e5f204,590318
0x1f970616145b70f2bdaa7bc2697abc7e8989c08a,8000000
0x1f9c32d261d9ce980980c739a2f4c3f528a5a7b1,2666666
0x1fA432536d2000f1CBD6732fb6f96A2938D916b3,590318
0x1fB7375A0D08e3FbFEB0D06c3033e9EF5B7E0B49,590318
0x1fC18f965F60625f895434FC536Fa50c705F860c,590318
0x1fC98993e706f29CB8A21A405C3a228EE14ae071,590318
0x1fCB80677Fc6201e798a2AcBCa9233e2aa138048,590318
0x1fD63F507d86CB618c5eFf92f087C0D726b7B6F8,590318
0x1fD7F37282205e4f34a9F5ECFE5ED55690627b59,590318
0x1fDbFfD0d8e237E64E68A904c2a6F447a1aD5C90,590318
0x1fEd64F9aa33eb67866AA01676468E201FDB232f,590318
0x1fFeaaF5C69Dc4E2D960C5AC6Ad51dbec288003e,590318
0x1fa8e36376106a0a6b7ab29022482348e3ede294,2666666
0x1fadbd47787d0365a8092de54c5f3cbd10e49fc1,2666666
0x1fafa96b0cf24858ff06842ac09b4c2460b08dd3,2666666
0x1fbE7b6152843F072daaec35DB10C28BEc8a6dCC,590318
0x1fbF4789Ac39De79936cCC29FA6789Db6848a275,590318
0x1fcD2c121AFc6FA94C3CcBC7Da4D7506Cb9312CB,590318
0x1fcbbB304625DCb5F18b9df516019a82D262Ea9c,590318
0x1fd230423888473d1bd2047d0d330f785228cFcD,590318
0x1ff090db5f55b743e403955508d4bd1c85f68610,2666666
0x2001c3b84979CFDCC968883D5Af1F54E9fE0A931,590318
0x20088B4532e8F5Bd2Cf4998834500f0B27cdE529,590318
0x2008b74DC86026190acaD3884302f1101733C7fc,590318
0x20107ad0b70366e6af88ca97ab7a8bb5138d5ea5,2666666
0x2011B7F92B62a2108E45e59C8D2C74AdFDd3aa7c,590318
0x201278868e42be094a49d6dbf9b060848b1116ef,8000000
0x2012d43b033bf7c4eeb9e84c72925d6bddcc98ca,2666666
0x201496A68F06Ad7A5e45B4E58269A815813AFB47,590318
0x20180Cf1D4B140d04B4D04B4DABdad302c44E682,590318
0x20198167Ac9361e167ad911E26c7D3AB5c5B78a3,590318
0x201F0DdA75617b4c96209c213C50d6E69c978f32,590318
0x201a9a2c6D00C3df14Dc33De877dEF5E8A5692Ab,590318
0x201cdCBeb9989e6b1B336727E56E656f3227fBb8,590318
0x2025137a136BeA7446DEba681CBFc7Cf1970840e,590318
0x202775efd53c2979b9069e61b3b76f6bf9e028f9,2666666
0x202B8F7a072a17C37f261D5e9cC695dB90928294,590318
0x202b5C010E4e77A115A97EB87B8b4a926b76BaC1,590318
0x202b81dfb606bb93136366a7d6c673a30777c278,2666666
0x202c1a9cec810de3c0d21de3b4be6c307f4c6c75,2666666
0x202cB0495806a6bAdf4598134F84f634dD3bCe4B,590318
0x203313D7A38D3573373eEaA9B31dBE07ea7e02B3,590318
0x2036D00CcA07C7cD34ffdf05bDC4d8dB94C97c84,590318
0x2049D98e33Fed6EfbdFaA56446e5a9dC4cfE96B4,590318
0x20510e7f22e4b1ba3662e0a32463f2c2bf7bec2a,2666666
0x2055217043aC828eACe0e35F711017e9f9792A83,590318
0x2055FCee933cc6b0fce7878EF0AEcc9A3f977645,590318
0x20574ed74d52bb3d436b1844660c110c48883215,8000000
0x20578212fe81de3225794177aB51625E37b58133,590318
0x20590Da96e09477c1F2dC9DD2fe3BC5e99bf902e,590318
0x2059a96525c364560A806Ca035a40C9F379eBcA9,590318
0x2068D14Ee50772DD6e89c6F64F32Adad0Cc936Ef,590318
0x2068aBf875f9C96e48A6955A233fC256846170bc,590318
0x206b28f1ea79bCBdf7129d2961C1D8eaF59Fef35,590318
0x206d7dfcc1a4c01e58ad55d6c481489c68d6770d,2666666
0x206eEe77456933161403a4d04d39eFF994aBAa0b,590318
0x2070277F91D9F8383E450AEd81BE5347f5f9ea34,590318
0x2072e2cd81Ae6a6F1F5Cc555dFd61c59FA8b6A3D,590318
0x2079C29Be9c8095042edB95f293B5b510203d6cE,590318
0x2079afacbcdcefd9a19b11195b5ac2bcc9ab9bfb,8000000
0x20851bF7cC4c4310957B4c85631E40735263692e,590318
0x20858B3F1E6Bb2fE530A20C938A3feCf615563Ff,590318
0x2086F7d2Be85286FaB963e7E9B0d9Bb4198091E7,590318
0x2087A7143D36F5214B2852e16B903F9516328F33,590318
0x2087fF4b2192FE1C8e503B85B384CD562C42a6e5,590318
0x20899696BCb449f50bC6fa1F9fC4ed2ba29f5afe,590318
0x208f7f2d53cace7c0da45a8e8951c7c57e6df831,25703315
0x20950E7bab64458B525626Bd52709577Cd37de77,590318
0x20964d7e3efF14e97eDFdE7c06752cA78c2c9175,590318
0x2097c62C7CFe5d00E5b322386fa2d3585a9c7Bf7,590318
0x20A7a1De8C072CB843bb15354F096753976e2503,590318
0x20C2d95a3Dfdca9e9AD12794D5fa6FaD99dA44f5,590318
0x20C7D9bD64Ff51F6F2969479524e820592050862,590318
0x20E2BF0d9389104afd1F3D1C9B8f6A4466C7698C,590318
0x20E6ADB8e3Ed5a40c18829b5a1F2B9caEE1A158E,590318
0x20EADfcaf91BD98674FF8fc341D148E1731576A4,590318
0x20Ee31efB8e96d346CeB065b993494D136368E96,590318
0x20a0fb5D77461Cbcd42A6d0b3efAfFB9509D692E,590318
0x20a32E9265Dd44A3899F1FaDE6166E5F5c93Fd0b,590318
0x20a58D7C7D50E6e2926321b3939D88C169aEd351,590318
0x20a6fcc6e46f378f8a91c1c6e66b28169b097d1f,2666666
0x20b7807939C774A152B396beB704AcAc68fa10Fe,590318
0x20ce27b140a0eeeccef880e01d2082558400fdd6,2666666
0x20e92345c64ec9835ae50718d32391fc5597188e,2666666
0x20e9f0c7C59dED2167680B491f5ae61E2407a8aF,590318
0x20eC02894D748C59c01B6bF08FE283D7bB75A5d2,590318
0x20eC8bD3b5a323f321c480cfbB441C388Fc81fA3,590318
0x20f37BC56227085c019e550D2c94e45d03c5967d,590318
0x20f93ad48A478A35d7115896Df65290FCf7adeA2,590318
0x2102eADCBA107f9f27792afc454AefF8A874A033,590318
0x210db36cbe2a8869e75e60bc30d5df9c80ace5b9,2666666
0x210f6dea23a3dff510bd83c091f3f8dd5347e1ff,2666666
0x2110B6698384e7F4296A3553fCB8B2f52436495c,590318
0x2115B435A741CFf8580BD2A9c852a7A737B1bd4e,590318
0x2117b802b52aaf769f1eaaa62151d512a4b0d8a3,23036649
0x2117bf88b4Cb0186eaA87500A045fc998290E42a,590318
0x211C823f439250718C442Cd683251f3958bda459,590318
0x211a42CE37b688B50dC1a7E91Cf321970274A50f,590318
0x21219d6Ad756984A323AfbE8e5baF49A9152c997,590318
0x21258055dfd7a287DCC224E3586210F1864c1996,590318
0x2127833402462D8144F83e508c1648F76236B85F,590318
0x212F56877D60D8d422d1F7926D374298Ee9E2Dc3,590318
0x212d0945FAbe82A312f0eA6c61A50b4d66897029,590318
0x2130Ce15b5cfEEBCCFbc93560eF9C0D6bD1a9C2d,590318
0x213353191b05eC4138E92fF0BE81C65352967933,590318
0x21392d8cbc0b60369dba7145ddf16dacdb587ed2,2666666
0x213CA4e76E2cDF56dd80C7D78B47b4F6bbd14fcf,590318
0x213F377C6ed4E2DF4171Bc5696340434b26013B2,590318
0x2140d6ddE28F66e09E39d68345797bD4C3457537,590318
0x2142A5674477c81D1f170F44B13Cb167eCF4b626,590318
0x214D1894b725369E84BdE3aB09397913e89188ab,590318
0x21550c0d8D8E8982cb4702949887A14F66243D0D,590318
0x2155422D571EE78F3bab97D8dddf15a6d9157aCf,590318
0x21554272F6dE3a3ce6B20bC5Bd29a87c6658D21f,590318
0x215BEcb5995C80DF61F1Add4B562A762A071ec4e,590318
0x216539a4773D6E555442EF4810bD2FD079203d5e,590318
0x21664F720b4e1D7D273843597c633E21ED0c1AA4,590318
0x21668704CC931DEA881540CF9f20a3240Aa4a6B6,590318
0x21703671eac57fa3a3d78501d4da93bd8339a165,8000000
0x2170432B0f3d5700c3b76179A0156d9CCCFc2d1c,590318
0x21759f92F4315eE3D26AcdADD55d24B4507566c1,590318
0x2175CE7c56BAa22874Eeb021c1270E6198059Cda,590318
0x217681391417df2d067285d53148dc20bd132195,8000000
0x21813dD67FECB6Dffb3F74BB35c13336BC99a519,590318
0x218389A7757466E123FD2E664BC7B7bc676E1030,590318
0x21844bbde4F6161c3B81da2053Ca554aC6684bCE,590318
0x21888290AA51D3c213F993f1d30e5b306Bb5F3d6,590318
0x218C25095F31D8761b3f24bCA58e13FC1ce52fd8,590318
0x218b77c6b6d66e56fafa490116957e498a0ff234,2666666
0x218ea78d591d135be052f37d0a5ebdA7040D7856,590318
0x21AC039B71eA70Ebd2A09dB8f6b4f1F3fc3B8c37,590318
0x21B52E209280807d4E83DDA8405d8F597305d3e9,590318
0x21BbA021C6E5Fe06C45cA39A48e5aB368c76636E,590318
0x21C417C4f24984C447c913F350C66C0DA263Fbff,590318
0x21C8dc59f2E9A11c4C1a0C310641968132c6b1Be,590318
0x21C9cE0611541099583E4249bfB583606715a796,590318
0x21D90E6F18f3848d9e45F34BdB4dfdde3FA09D1a,590318
0x21De7C9970500B1d0D0Be623f109199de8aA880A,590318
0x21E9b085C60FF5d8729eD67eAE9ECAe864B1e257,590318
0x21F1C21738801CcFD10a297D19649BA448767829,590318
0x21F73F625A4D829F0bbd0B982Da564b60Db980dd,590318
0x21Fd8cF5c9FD50dF425076561313941BDa9DFD5e,590318
0x21a182aA7d10b6152d5a4829973049D0Aa039dF5,590318
0x21aaa6c835ca9c606d444fd5787ffbefc88c1c20,2666666
0x21b52Dc829fE0a43F223BD51637e9698856752e6,590318
0x21b5a65053f87Fec9044CA67d8DB3E1A598000Dd,590318
0x21cbDCf9aDb6CC55e33b15f99e096E16cf27FCEB,590318
0x21dCcF33A7c79e349786Cb9E9E51eC828557269f,590318
0x21de9B8DaD6f2abBEFeD899eD51766c54d86E12D,590318
0x21f3424de43881ec9e37972753e0ec0ff4326d87,2666666
0x21f7d4D90C6Af7Ae53F731C6B6B86484d89501F2,590318
0x21fA7f8238A84565dAFc7681edA644009Ca15AE7,590318
0x21fba5456cd1f1304642c25293dc58976fdc4059,2666666
0x2202156f94a8c2e5cc9f61fa4629df4bfb410d12,8000000
0x220b522979B9F2Ca0F83663fcfF2ee2426aa449C,590318
0x221208Ba3781c1AAAEb5E31F1670d42ec3550020,590318
0x221320D34800760E06B206aCd01e626e463eB03E,590318
0x2216c931a40cb1318e725ee6a9e0e9931c2281b7,8000000
0x2217ac877d9C57Dd1202047EB3F5A9BAF87b87a3,590318
0x2217f4773599e3bfF0369D22eE0dA14755cB4AA4,590318
0x2218cd12c0402e3fd3693148DE476B299f658675,590318
0x221ad7b0A9eAf723571645847db0E763Da9e4546,590318
0x221af0862c52062475c69BF512e2FDBbd2cC1Ce8,590318
0x222107a1a23A80f59C8D37d42B16E4491600f3bA,590318
0x2228f31a110e9f0CC630b6e47fe9eA5457eebE37,590318
0x222CF246A3D56D61030ca49F5e6FFd6c20c3DC4f,590318
0x223363b848DA0272a08781d08F7678530D7238db,590318
0x2236946E0DF3D2ae0B79F464742FC9e8d7bc53B1,590318
0x2239B88Aec6b3874A601171f7d41cC55bE1B3d0c,590318
0x223F57f9C67f7cE52576Ca45273104392a90d184,590318
0x223F6B0e03d1e78e8750122053b508E50426eCFc,590318
0x2241c03cc052511a6301f9b98ac08f649e38b457,23036649
0x224455b6afa55a9e3c630e687e5c3a6891eeb01e,2666666
0x22480a8c29ba2d92643dcfde2c6a9ad1339f08a2,2666666
0x224B1F69f1dcF8B3671d3760F37BdD115e4696c4,590318
0x224D898b1A9C42B8757B28d14248CF4127dAf3f5,590318
0x224DDd777Ed1e1C2EC759B5D4D743A49FdBC4FE0,590318
0x224d53d79B78e5CFfF5Dd90b702d02010fc166eb,590318
0x224e44c4863E2EC6C62f6828B7C89B9B2C8Cad9E,590318
0x224f17BB6610c833c89B63754e6454a605df48B5,590318
0x2251297c18Fa7D083896e1162b08d08892dC2D77,590318
0x22520A61130F554614D5287F7beDaAC481AB0088,590318
0x2256197f36a56976a4219D654aB346ecDea60Cca,590318
0x225864AD63BA66272cD6bE3E65476A2EBA48c215,590318
0x225a0779F0Eb7D91b9DCB3b3bFE6432289274160,590318
0x225b1aA72e0290A8a8461267270Fd2Ac7414E275,590318
0x2264885fabe3bdbc1b66eecbf94a05301e60795d,31036649
0x2275B8be039e99F88835CE49B16285aD0e61d485,590318
0x2275ea0946601F48c0449944C33D348f6A00B5A6,590318
0x2277400f84A464F624b1EAbf9283B01736Fb9490,590318
0x227B6008ae04718Aa821E57d04D8337799cdfdb2,590318
0x227aAA37eeb595b2beFe1f1e735B6D80b8ef8484,590318
0x227f37df186abcee4c052bc42731014679c6a496,2666666
0x2282fD253d80D43D04353c93B0115855E06f4bf5,590318
0x2289518bb45bb7ca4baceee333d93001c38de6f6,2666666
0x228Aee5a5f94AA90238864C2776aC625b1676Ef1,590318
0x228E89cf1eb2017960dcC364aE1cdA9fEcf5A136,590318
0x228ED7bff391E92BA3DDCbcda8dB7a0134Ef2587,590318
0x228e67b1318C3Cf5304210dd368CCC8fF1019887,590318
0x2293104F5C39fcbC7E14afb5869AE2BCe03170A3,590318
0x2293b526825176ff039543b3b8088c8a72bab3ab,8000000
0x22963f931baA98D5CE2A43AB7681a638a693F560,590318
0x22967a7A617F101CD56b502a9374a849C1F8585F,590318
0x22A3210eDCd1674a56c263cf841726B8ab943e02,590318
0x22A382Aa53aF8D58B50c2fd81aD544c2e8A6218A,590318
0x22A676B52392591bC6c7caf51c14b38f5e0F3716,590318
0x22B134103e7DC77F8661173cCbaC054b4324917c,590318
0x22C9eA67ecaE68EF7b123b8617dcbbe64a6cE017,590318
0x22D4ED912622a039E229C948811DDe9b09E2962d,590318
0x22DfF0d966698Bc537f9838f0067934785edAA58,590318
0x22E0eda44aD917E216e5d0cBa56494238E5d54a8,590318
0x22E261a09B4397D09788350B6BDFC6B82f8B8D06,590318
0x22EE3632b8eEdb14802eECff0931Cf1Ed791cFE5,590318
0x22F1D0cF45Ec89F7213d32FdE5b9Abb76CbF8498,590318
0x22FF22BA5210764c301f2E270d5316ef295a6eb7,590318
0x22a001Eb8434Dfe92C22Af924A9A0a6ddA82B5e8,590318
0x22a709eECE6eE82293e5FcDeEA7ceeFdEfD499cD,590318
0x22aA1F4173b826451763EbfCE22cf54A0603163c,590318
0x22ac837221B3AfF90Fc27B1Bb1ab95523A849305,590318
0x22ac837221b3aff90fc27b1bb1ab95523a849305,2666666
0x22b224e74Bc42e9D70106604C2c73c6c944C963D,590318
0x22b2cCb53963Da600c83191db1cE3f61f92DCf45,590318
0x22b54d93cA02bc46c23B04F8Ac59594a2ddF1677,590318
0x22bCdbF9910135F38Dbb401e5c6c6927303B4043,590318
0x22c85fc66e391ef21a2fa69fffc03d3966b2780f,25703315
0x22dA1B702832f5B0b5890d19c98E67bc48ce5cCC,590318
0x22dDB0f4D80152f8e6FAdfa8fbE0D6e3a61C99f9,590318
0x22e52b6b611d1a52983fdf1b1e8d8f20346dbfef,2666666
0x22eDc38749B59C31c9319eae7FC62143AC2fcC6C,590318
0x22efec9Fee90555FB9D0791c631cBB1212AB2F70,590318
0x22f169058ba2c565ad82ae54dcd3339c5cf11c61,2666666
0x22f923fc106fc913b9e68437986e0b9d19d6a038,23036649
0x230015a72dc9bd292a56dfba08bb39fa08840473,2666666
0x2302e8505354918b9693cf3722B18ECc17910039,590318
0x230Ac958abDCCa5264EC092561d92D6e82bEfF88,590318
0x230d31EEC85F4063a405B0F95bdE509C0d0A8b5D,590318
0x230d54dbC8DC74309276111836D5710d0C2D748f,590318
0x2312171890250347dbf1b082bdf7950504909E92,590318
0x23128c8Ac0a480dE1b294acb19cc4415A576fD32,590318
0x2318737Fd975Adb88209DC1c04b66bF2520fA3F1,590318
0x231887e9382a866623a7af7ae9ad80be2b9109b5,23036649
0x231B405c333DB6D81ADEAadF4c6FF3940Ea5dB21,590318
0x231B922737B803805ef882D036708081932D6161,590318
0x23218f4A284814DA40bcA5B7c39F82865167597c,590318
0x23231b9AFD97Ea0c7806545c1CEc7573032f2720,590318
0x2326aD5530C12Cf9f0b32415FC53dBdFe6459Cbf,590318
0x23299ecE3EE6FAC3Ca70b801bF9Fbe3FD7e0b89c,590318
0x232F9B36Fb579a71034dc21A467c921eec01FAA9,590318
0x232e6C4eb0882Fcf92865Dc1de98BcE2A56b6553,590318
0x2331553888d01a8728C447D242378250d7a8B3D4,590318
0x233383DB3dC5b784f76C709eC15F148DA8229d82,590318
0x2333EE2a08D06c78D1D6B75D3611C30334401FBb,590318
0x233730fd2550e802c9aa79160b3a6e004489fa35,23036649
0x233A65c06d47ED15Bc8bEA18A436F318261991C7,590318
0x233C09204a9BD98D2a80C3bf91a0fb37E9A96b16,590318
0x233D4961dBb19fD000094a7B7cb6845f88BE10a6,590318
0x2341fd93c23E0DA55Eb71CBeaF4A4Ec8D3533c94,590318
0x234373F0B563DEe0BfF1c14756237c6ebC264D58,590318
0x2344173f1910f39427e4746acfc3845a2350909b,2666666
0x2349290b86d72cc884f9ce928ce3303008c6c1d0,2666666
0x234c441Bb307eB1c67D593c165e3319FEd49ECf9,590318
0x23560BFcA91821200a1D7087F762FAAa0025d918,590318
0x2357feAad45a61Ee4f663c203F660580430E75C6,590318
0x235987B53ED16a5F331c3648F78cBc148A877D27,590318
0x235a1B276C4C788Ac81474104E4748fC14263AD8,590318
0x2365295ef0F0C74edDeB062C05871668622F1f87,590318
0x236BBe34186DC5859C4986BfF69DE07464b15C18,590318
0x2378E8eC683a1a866012ae3EA90c90c7E44f9eC2,590318
0x237FA59E5cf91E0A942d43837E5eB5CfeB9D468D,590318
0x237a5b28521fc4FA75Cce502eAA3981D7F2c342a,590318
0x238d23c4f656bCC52f836f9a687D168b09710862,590318
0x238eBB4C987e693Ac6C2E8959b61faD2DbE7D3f6,590318
0x23955821F26CD775155A4033c3d3aE5c9Fa24779,590318
0x239670644c0886ec7c057D16ab5Fc022Ec769801,590318
0x239B88b1bE00F539C8200C571D82ca13c661Faf3,590318
0x239b445eac142410f3511ca239452b2fb275ee04,31036649
0x23A6e048884E5a746A58418F05eac4bB2C55a788,590318
0x23B78Cc16f4c68C091077e25EEea24D23e0b07ae,590318
0x23B7Ba121eD18E143Aa4FdEC6A092677C96B8259,590318
0x23BE5FbA1BA9c07Ee676250040DB99474Da72997,590318
0x23C5b47e858c03ef6905803ceBfe47B38054063e,590318
0x23CF9129d4739cDeB3ff0113fce8e7490AB2DbBc,590318
0x23CfA48f8f658680883A767b11cEc02C41454a6A,590318
0x23E2f3C97536363f49a24735F032db65A13d087C,590318
0x23E69BF1ADA63B7EF0d7F453Fa64c61a257b72F1,590318
0x23E93121beaF08D0AFbc39f351095605Da8CF732,590318
0x23F97986B80bb63f665baa0e370562d88b21ffE3,590318
0x23FFb772549707622A4F360eAB73D583D7924f25,590318
0x23FcF8D02b1B515ca40EC908463626C1759c2756,590318
0x23a0d2db9321f4934509ab8af69d9e5ea2024254,8000000
0x23a27357284a33d617fec849adbb350a26534639,25703315
0x23b02cF3615C3327c97a7f4af5e6196d78f9fDCb,590318
0x23b921B4E3993c492b35ea463C47ee251bc6B1c8,590318
0x23c30a1d16b462044472643a9f232f33553cea01,2666666
0x23ca65eb2589065eA2360cdE41d0C773Ad824BB4,590318
0x23d0f8944468F79FB06850c136a0E6B3Ee4a450F,590318
0x23d2deEB7Eb41609aCE88836358ffE4015fBa0A3,590318
0x23dDFe708e80B05D4796BDb121e3e2787A11F8F6,590318
0x23da856b31F486A6c39DA1E12c3CB49dC33231B7,590318
0x23e050d8D294A5741FDB9DC5b19CB7D1B20Ef6CB,590318
0x23f4aF81Be5FBAb3CCd036508e61fE7d087eECa1,590318
0x240252996a37d270Dc8Df6B1a84d78C58bcE5583,590318
0x2408E3aCCd020A11a8Ceb0802C8060FE9983fb15,590318
0x240cd5a21bd9df69a2ad8f8d718e571ecb322010,2666666
0x2419E03De4aFed3Fa348504DF83cc30B2DD1632E,590318
0x241F3B4A903f1eDA104508A6bfABcF732eaAb516,590318
0x241b565905e6FBE0441A30eac12292c5C795FAB0,590318
0x241e25c9d15b5E7FB007B5E028C4ce8694893870,590318
0x2423c84b9a47232453461ae944E06FF9F878DB69,590318
0x2424618d727E17A38cad7D531dfC90540DCDB566,590318
0x24318B38e9e5747DB50f871B7f49c685DdaeA830,590318
0x2434639CE4214990F95abf501B40f53840025C4b,590318
0x24350fcb281623e3179352ff1fe7cb8b132f0744,2666666
0x2437329cc4153d275e19E11417f1C8d0A238495b,590318
0x243A193fd446a6a4cD9932EF84727DC670cB5E04,590318
0x243A78f442150FF46906D54652e96f297DD9013A,590318
0x2452827b658232aF269d886174D7aaC4340AD840,590318
0x24548ce576B6F7aD0222C44BD113B5D196B46B2C,590318
0x2456bd7F6baF756276A1bab548988B8089f2E8B4,590318
0x2458f163c231BeaA673C903894060430cCA101be,590318
0x2459D139CCF770a1585981AB6B2453Dd5Da30b42,590318
0x2467A37D14c975a9eA2e26b83561125fAD8C761F,590318
0x24681273026c6c9F9938CdeF111B7397DE750b81,590318
0x246Ba8A0d1Ba0f1870ab7433f8Ec1cBeD2F3C06E,590318
0x246d10037052ce40aefdb88b3453eb9fca52c563,2666666
0x246f68C12e86e527828f1C266A3e6e6ACC3F77Df,590318
0x24711B71430d520F8A7C4279A650FeF5112D9E85,590318
0x2471F2922CC6AEbeCa5825f7217CcA8e027cbe77,590318
0x247365011e55A517682CE8eb755B36999997258d,590318
0x24771d515380f6212938b47326D9980595D284dE,590318
0x24771d515380f6212938b47326d9980595d284de,31036649
0x247A5c5cD6b0A7bc09850c5f5221CCA9b8327eBc,590318
0x247B124cE634ce1A95D9b01962007f907050B37F,590318
0x2482e633ab14c32ef2c9c1edc8ee4e1171d08adb,8000000
0x2483208d39B9051754e427c5588d35782d021548,590318
0x2487E611fF876C101DD2B31758102953F4760Af5,590318
0x248933c42cb3104690dfb4860f7fd9d273f47d06,2666666
0x248c28bDBe3A882B9B74774d0CA637AAA1d1E694,590318
0x248ce79789cf5245050ae399ed5534ab2f89d115,2666666
0x24909563e36e21f4bcbDdF898fd54c1F1f420F7B,590318
0x2491DbD3C7B198bafbbc3520D048460dF9a61426,590318
0x249328F19Ec5a3bb37E9A80eDd5986AAe12b0e54,590318
0x24950cD6BFcE23FCCdE57a65bbcE663962A20C82,590318
0x24962D83f3eB5F18f159A24e4354078780314729,590318
0x2499bdF18e33Eb830bCF0D1C1E47b7e0cCa07071,590318
0x249A85E0B0B7ACA392fb1B15D13962a9150F7353,590318
0x249F68FBB88d4D720C8C3362ef5E917c36051A31,590318
0x249a43156c3D6baF11347252a0b968fF53855007,590318
0x249c90E06941F22b5746fE235126df75870738BC,590318
0x249fd346423a8b7cB052aeBA819ee03031E4DA27,590318
0x24Aaf201e7d75797C5F1DfeE9E961724b056C777,590318
0x24B1a09e5B779D605e347bbbe872E0F8c48dF64D,590318
0x24C341eE91cAC17100d30d718bdd74eC150dBfeB,590318
0x24C7151D37f4321763BC045Cd965dD2FeA2fA64c,590318
0x24C9f2e15c572670934460250f015b3D430d707F,590318
0x24CF21F0E65785e16813B729A06aDfdc2be75a53,590318
0x24E15b8E1BB65b02b35C2A3978a6B1269c369F83,590318
0x24F14a7F1e635ab0deF8Ae410832eD0275928857,590318
0x24F44ccfCB6591239c33A53f07fCebc6D402F2fc,590318
0x24F5eE0991f95328Bf74b682F6faD54CFF9C832A,590318
0x24FB6523036EBCb3cc51DEFF138066DCcf6Bed0f,590318
0x24Fb1E1D7BFC29EaC3Da1164Cb8CC04Abe8212f1,590318
0x24aF08E12D65F02431bC0930C5B14d29dEDc8Ffe,590318
0x24ad961d1e16bdd5bbef0a2a68e3e8a4b197547e,2666666
0x24bF6580ED276b6ff33269DD361eE00FE3a2c912,590318
0x24ba0262d327085a1dc5c13ec0b9c9682f503108,2666666
0x24bab31A918E3D07f96Ba9C6c36cFb248d267B3a,590318
0x24bf8786A44e3b6084395F1eAC09171D3F93212D,590318
0x24c098E495dC3C1Ee7942d68453FC4A833a26b07,590318
0x24c2998f048D60Ea5c4065FCE5732Ae613d5a740,590318
0x24d02e64d4A2580d570666546aC937adaB2b3E08,590318
0x24d20376e1020B8B1a8a9bF71F8d8DCE465dBDf6,590318
0x24d95D982C575ACFDAA449BaFd2a60a62d3752CA,590318
0x24deB9F2D63B1afbB9D31c3566b5fadA79D215a3,590318
0x24e26ab5f0aba0c572d3dcb182eb567d70c5e02e,2666666
0x24e316bB253af88A1427d681322eAE5D000060c3,590318
0x24f55133bb95091330F0B04d742d93Dcb542Fab2,590318
0x24fa5212deecada58afcd70c0f95a01b7247bb82,8000000
0x2502a324ca239deb9a4494f2b056dcad0b7f5055,2666666
0x2504407012559909eB9Ea18273D2617D0c658243,590318
0x250B6caA76Cf8C72B8ecD546D78dC096fa8eB824,590318
0x250E1E7FbF6C40b12b9Ad2ee5f77c0ebC76D2800,590318
0x251384107FCAA63b45e15b08804AF40db90A922e,590318
0x2513dc3ee37a590aa3e546ce3372cefb6c0e02b8,2666666
0x25159e8ed492a7561f05df28a94eae785661955d,8000000
0x25171bD3cD3231c3057c96F38E32E3bA6681497a,590318
0x251857E07702A3c68a7E9f4Db754febcc4F81365,590318
0x251a11a49b45f9ee2320e9cfc978994830b93ded,2666666
0x25226e7fbB29C7f2D32F118641fd326C72759D99,590318
0x2531B2FF6a7f08c6Ab12c29D1b394788F819DeB1,590318
0x25328aa11a922a4Bc491E43B6A0Eb15eF464cA1D,590318
0x2536eE17BF914cd6D72ec9CBf9502dE9F1bbdFDF,590318
0x2537f774F55a4D5AF3ae4b28767715dDe9F4029f,590318
0x253a41571830Dca332724DFF29Afb8960ffcCDf6,590318
0x253e358766524b7C4d8ec6FB0839A79ad15A090a,590318
0x253e8EfDCBc1fc8ACc47366e8bDF45b66954d0d1,590318
0x2543Fa7E0932371B7f723eEDe5B2C1f756d120CD,590318
0x25440Cf20F8Ef4E8f990C5DB1C1E1cF86d5C710D,590318
0x25491de7500F95F8A82c473Fe78453d0F08571dc,590318
0x2552D99753bAb2d17906992Ae58f1AA1d4f9f446,590318
0x25612e8bd7683De22dA45D717D0493B0e96424b4,590318
0x256829971D548c54cbDeCe168dBcC1ee6d4aefFb,590318
0x25683aDFf6e0Ecf26Fd9BB5a66D8Fe2dFFBF5658,590318
0x2568Fd964e7b3270901150C20AB21F01450edCb6,590318
0x25699fD4882257697a36284b5B39c1fc3FFd4212,590318
0x256E91F4BA876724C60Cc223A69747dB8980a7f9,590318
0x2572223F5df9b5889E99554152e91E32C8e8a03B,590318
0x257Cb7bFc267e161E9BE7fe85E710C9647e6123C,590318
0x258119ec7f495248ffadd65041ab63bf64819488,2666666
0x25821B2248D939B95563A1515ee97e45d32b51a8,590318
0x2589322645773d13273d6E3eB875d250f0900C76,590318
0x258C06e9cf67Ab4220089d960c3b94912eE7C13F,590318
0x259478C08bdf4224a87F9420951d20DF731131Cf,590318
0x2594Bcad3314cAc904a79D2A607276910f2b3893,590318
0x25954B95ea02Df586e07688De9543eEa5BaE31d7,590318
0x259b739ba719ed2ba64e1cc761bb94cadb573ce1,2666666
0x259b9c4CFEaDaeF8A5b842710a777364988415B3,590318
0x25A1d2c4FE6e947610fFFF919F4f1ff7734C980e,590318
0x25A34b7f2533761A0EEa417D4613b54861278E79,590318
0x25A862d8513e9d165e4e6C952f5033D9A5b9505c,590318
0x25B0c2C511ee28D4359DcC45979F5BbB456617A3,590318
0x25B60b25729e212c3F37e811E42b9213fE9A3A1A,590318
0x25BF46b820A592cEBAda8e13Db0fb42042610498,590318
0x25C15aA63832bf86542647511347a9753F852722,590318
0x25CC275CFE3Cce1700E816e00d4CD1f60872038A,590318
0x25CD302E37a69D70a6Ef645dAea5A7de38c66E2a,590318
0x25Cf64BEB03949C6283e719a67434ec64a564534,590318
0x25D0afC698950fDb773179Af92beDFd4Cf957e7D,590318
0x25D7472c234111bEBB50B8A987B6316629FC6bf6,590318
0x25DF2F7ee8Eaa5155bEe3E5e92572D0bec4c456B,590318
0x25E58103E3D7C55Fa75A297704eCEe7BF3a4de1C,590318
0x25Ea0aEEfea7EAb97A163382c5B230e2E8dF5E1e,590318
0x25Ef59fc52C7BE6afF54d44cCe1a58c11Ab5f57b,590318
0x25a47aF24E79D8fDCd0f72A73C6440a44166BaCC,590318
0x25ad96d11b60B7c6F0740B8aB88862BD4be69181,590318
0x25b17AF0A6353Bd0EE20e2D8D8249c3De321C3BE,590318
0x25c331938E0D473e9784e63E7e24fb7A3ca5fbEf,590318
0x25c524bb892a7e103dcad69f41f2808da8baee5c,2666666
0x25cB6CEa27B7F3E2AA6E51D711d0bB27aCD753FD,590318
0x25ccCE11917e4c57597972449e7A83FBf3Ce660b,590318
0x25d6FdeC81C2fb89fc4046742075Ea0547eD4881,590318
0x25e683c1203593cb4f0083f395640ec490225fad,2666666
0x25f290C3C43A34c56FeDBe16a29FAFE3b21A1d0B,590318
0x25f58F648De780b25710E90516061D96C175aF9D,590318
0x260257be0617344d76f493af648e7a77502f9609,2666666
0x2604fb7B2c561D6a277a0EC8c2308A26CEe18272,590318
0x26067533D9325259C7B25B1178F3EF78C90081c2,590318
0x2610A6dC27423831489842b0325E1dbcC6142408,590318
0x26126560F6A0cbBAa9bc71BE5180EBD6fC48C511,590318
0x26126560f6a0cbbaa9bc71be5180ebd6fc48c511,2666666
0x2616CDdeD327063250667B970852D941BA94f39b,590318
0x261812F2b755A272d6705f080eD63F02573adEB8,590318
0x2618F54FEE88aDf9bF840A1BB722BE286FBd0f15,590318
0x261aF68F656dc79E88Bd748564C74304bAaB714A,590318
0x261b2bd34dcf5d1ef039eabce575b5d190aecac8,23036649
0x261dA13B0BE750eEfa444D5E6dA384a4021Ff5F5,590318
0x261e5a3dD59C0B0c1db7fe2610ee1F9CC2999e2B,590318
0x263089294187E25ED16BD83653FbBc002efFa59a,590318
0x2631fB25dAe2968Cb0B844F0251e00FDA6ee6a79,590318
0x26322c35585B3c1963c7e6eFf91B9C55D0D99e51,590318
0x2633eD8E4828A253FE478e5C16C602cc7DB36754,590318
0x263B6bB78F0Fb37D1536e1A34ba100dC19fA9607,590318
0x263D98b1d7e85fFDeF2da898fC3e49850B0d5618,590318
0x263FbEEAeD244809eAEaa47395bF8DCFFE9B3EfD,590318
0x263Ff94CDC4913CD36EFda07f153Ce43860873aD,590318
0x2640826db83E38aDCE2083D1F7cCCC5eBBC601F3,590318
0x2648797fBFd53061c48Cb34327164A02BD57666f,590318
0x264E467841f02DC85e60d39E103BF1831243aC06,590318
0x265104bEbAf1F8bAEa11221d7346786dF1062Bd2,590318
0x2654f30f9b0f22fad2b49fdB31cD06a657594777,590318
0x2655EcDb51922489EAD365fdFC90c321A9f7d89E,590318
0x265f1922b6317e3a5353d9be564efa2720578297,23036649
0x265f5A9b3181Ef516D755cb890a24A98e7d641Ce,590318
0x26662f04ED3942a14c71E962a2768128Ee86E263,590318
0x2666b8ae531A1fCe40702Dc823C655a7E070dF67,590318
0x26670becf7e4b886ba8d5621f12ca0246c4e8c8f,2666666
0x266921c2424aAc83244a245Cc714D3D42329Fa10,590318
0x26695262bDeeBd5b9EBceD4813Ab2d5BD4865D73,590318
0x2669e15cEE97C9229E8F1cd3b9F75659a95E5a2b,590318
0x266afDd0b8e89634fa975e6A14D41A166A6Af832,590318
0x266eE152cf011964aa4399bB568709199Da82063,590318
0x2673f45b428Ae1Ce2C8bb63d3F98256C993f5EAf,590318
0x26773472E4440415a5fe4252b671cdC59fcAdbe9,590318
0x2679f66a2ba7C4C0D72b128f2B9E470E5eAe53F7,590318
0x267AEaa0121d368ce3801ab5829Ca353E0A564A6,590318
0x267b89e16737220693f2c7e2bd7347e26bbaa38c,2666666
0x268070d5EEd5b24E34a5F4C17B5482178b18089D,590318
0x26827d711B0fe14BE289De66556f276219E4c53B,590318
0x2682F66c0e4fb3683e45Cce353Bd0E99751e703C,590318
0x26891082077dF90EB941ce7Fc47f07CEF266367F,590318
0x268E8eF615670b275418D2787521aD27A4C9c310,590318
0x268c284a606d3f72B61C8bfc6A932f4F10bDa5E8,590318
0x268fF09c3B0233516CdDAA6761bc3aC27f0F5583,590318
0x2690dBa968960bdafD687e7024540d2499477B71,590318
0x2695A517AF5C53E14ECa032DFa1B777557B42a73,590318
0x2696690b82ce08aa90fda44f0c4b34b9cd36a34f,25703315
0x269D79dE80B80c72c963e110A4Ff156d7D488f3e,590318
0x269b55d10d6ff33a63c4303875090fb8b8188b83,2666666
0x269c2D0badfF4e365AC2a0dA8C8e3F186b6adAbA,590318
0x26A316d025fAc13AD74176a433E32C42Fa5E1298,590318
0x26A4706CB3C469c371d4219f961932068eC30B38,590318
0x26A86EcecFD0FcDbD9049372b410C8d25f4DF207,590318
0x26B3c1823CA47C671f4ABc885c37E3f8668f1b00,590318
0x26B6Dd0eb6365AF5A8bA58C8d46a6c0346c06FFF,590318
0x26B8F277649249fFDA5085334d6418C35318F3eD,590318
0x26BC5Cf2269cAc024B106856aD37a1439CaDd731,590318
0x26Bc8F3375Bd235b229659b894D0E38EA2C3Cdc0,590318
0x26C0dBB9F40CB85dE640Be50A98395B85eF7Ab13,590318
0x26C3F31Dde008D96AeAD10c9897E96753Fa3624d,590318
0x26C76dF2abDC0255b82D3Dd48D2a748Aee81bb9e,590318
0x26D7B4fe67f4601643304b5023b3CAF3A72E8504,590318
0x26EC44fDeC7D0749E5F77446d1F5EF1c7a937957,590318
0x26Ed48fA4b0759Dded38EdC53dBEbEc0a2784013,590318
0x26a555f2E9820916F739a755710d04894BEB1250,590318
0x26a75CcEBfEe5C44207C4F9dD851790d41d5356b,590318
0x26a75ccebfee5c44207c4f9dd851790d41d5356b,2666666
0x26aC35EFf4eCa30333bC2B9AeB86084A25756AF7,590318
0x26c272A347BcC41147B4fB0EcD3E0AC21A2D53b4,590318
0x26c76F9893a74ec994E204cbaD68d2e3d8fad92F,590318
0x26c89ea5ddf4f33e3d79d783895909a1f820ad1a,25703315
0x26c9ED833C7506b59ec77b55B3084195bC277444,590318
0x26d071f6fdb7b90c17d428e7d63dade1b520c3fa,2666666
0x26d46809A92EA3dAcdC2965919E0B91613B39eFE,590318
0x26d527C8a167Ad53333b54559a8a60F4F371214B,590318
0x26dbf16a55DE2A292C66B5417f39e2327380a7fA,590318
0x26e038b10744533735069432Fc0367bDA8003b56,590318
0x26e284d3955F89aBe792B4FDc82340f1481207b0,590318
0x26e483E368e9C08F79121cf6b67dD04528D9Dfc2,590318
0x26eef32Ec18df53Dce73CBDA9b05C910C9c5A1DC,590318
0x26f5D9Bf926BA4f7c7d26Ba5130566e7706bb586,590318
0x26fa2f343fa046dd030b32a3b754ac04aaf4c10e,2666666
0x26faA48d32B42cd8C5974Fdd5888B55B8BE9b7AC,590318
0x2702887853830B59a7Ed3dA30C14e5fE6D343f31,590318
0x27108e953D260F052ea3BE2B37f6198649Cf0D49,590318
0x2715B80459119CCD3ebBEcEFf9e73D29C7849E3f,590318
0x27196eC3ee2c4860bAaA6fF950770f23Ec7E786b,590318
0x271c39C9526e89b5973Dcfda6f81c37FC7243990,590318
0x2721FAE30447Fa05f4654a98DC135E5C9183Edb2,590318
0x2728f9f134a6d3d0085f1a7fa450e6d8270553eb,23036649
0x272c32cb0593e97d8610f6ae6594f21a37b8765d,8000000
0x272f9d9c9b932d8c41d7334d46130650527fde4c,2666666
0x27306A984829900e86103ce24965Bbc85f906426,590318
0x2744FEC1DF92B381458793b50F464a41c2f601cA,590318
0x27503a68de1dfd3dC059fB9468435e4b9C1CaA1b,590318
0x2751251198974E1D24A9A187F40a60f1ba3A6d8A,590318
0x2758f0DEe36006cd71Ca53C5CcaCbC82C2754227,590318
0x275e2f539103Bf35eab993945dfca60BfaC63f76,590318
0x276580a8b179558f9226EB4254C954A62b9D0b1E,590318
0x27658c7cF8381FD94Cad53672922AF4EB7b20FcD,590318
0x276AC398D3d934638D46eeD1c4dFdaa4293D8e55,590318
0x276f02740dbdd1d18b8d116754089562d64e0107,2666666
0x2770cC972a7666C974B1b1269F4F31b97f99f898,590318
0x2772c2b56d91C9718967CB497926D48d67f76A35,590318
0x2773B14868165b02eFC5004a577086942E5AA51D,590318
0x2781DC98c453F4049b7B78351A8Cd95F66ec3D9E,590318
0x278b7f1351d1963ee571c379afc5ecf2f6570476,23036649
0x278bC6B4919eeE6DD1716796B6562c13d815E780,590318
0x278bc6b4919eee6dd1716796b6562c13d815e780,2666666
0x278eeD2156Fe3ADFE4b77aE006d590DC71A5B24d,590318
0x27929aC8b6d3761F86ead55AAFFc199414Bde04B,590318
0x2792fCe55576C1DdE3edCA8a9c243103FB5050d8,590318
0x2795508a84a1f1cbbcfbd33ff1e9e553dd24f088,8000000
0x279818c822E5c6135D989Df50d0bBA96e9564cE5,590318
0x279DbEAae93533a5C4607712B027b04AFF62d625,590318
0x279E6d5ACeF9E26E57dF575740Db72C707f88D99,590318
0x27A47945322aD53263FFF91A41b036dec619730e,590318
0x27A8a946983C39429F0876E30D5518A34818Fbae,590318
0x27B93E9c71C4d2d64Fed0286041bf220902bD7A7,590318
0x27Bba99469653F80eFd8E3D23ba224d8Db1e0851,590318
0x27C295f01FF5d5D3fdeB1aF9115Eb5208404C099,590318
0x27D2F1602989832bF5272fC3D4D1404A04a1FBf9,590318
0x27E98f88d15c5F009a16bE9fbe22cF432F35284a,590318
0x27Ec37f465E1755036cC854aa96Dd304F82213e6,590318
0x27F25774Ef101Bdb47aa33dedDd7F3e1CAC4Cf17,590318
0x27a5c302a1a52a5c5464400e16aec126088e55cc,2666666
0x27b554ea267cab1db845006b2139477aa401f747,2666666
0x27c2a147a8420471C4164D5E8C497e9d937223De,590318
0x27c337b88c7d92a4db9c464d06325efecfdb7c8e,8000000
0x27c53204c81989fd0552c2a254a7ac9f75b093f6,25703315
0x27c9fA86c91b84DDfa15de58c482ff662498d65d,590318
0x27cd29ff42f905d87220a3c8193ebd3e8d7309c8,2666666
0x27ce87b944E744Eb415168D4Da672A2135C4B06e,590318
0x27d3ccC30D486636Ff971A53BcDe9c3430Aca5cF,590318
0x27dEd67D88C0DA8c6b0fB0F7c78D87926D71119a,590318
0x27e2a3aad9159d54a9d369573cf3608184fbebe0,2666666
0x27f5dc07296765ac5e9e69a1dcc72fa25e429e60,25703315
0x27fAa6497818EC151fb1828D68b60fB6966e4063,590318
0x27faa6497818ec151fb1828d68b60fb6966e4063,23036649
0x2807a54fa8aF1454ac6De0Be06349a0bB74eea62,590318
0x2807c205bedc4361d913eabd02d30f4a0d64e559,23036649
0x280d756dD5A5DE79BdA55AA73e8C775389b0089F,590318
0x28135235541742bc1424d10b5dE1963292f0C1E4,590318
0x28135235541742bc1424d10b5de1963292f0c1e4,8000000
0x28177B138fdeC353c1DA1858798c52AC0bE0A0a8,590318
0x281E3622eDFAa95dE273Fc79FFBaAA940fd90867,590318
0x2824bDC3D3e632D5430c5872FacB680a4Ed0E28b,590318
0x282742940eE0b7ed028Bb48052Bb4922282234dA,590318
0x282772f8446ffc632Db09bE463D22c5523BBb96c,590318
0x2829d75963e0f9475c31E8Dd014152b3AD2efC6b,590318
0x2830120271536F5a9A4bEd2F975624b7f4eCf1E4,590318
0x283125B8DBa28469eEb4bAE5E1AcFE44Df9d101a,590318
0x283266045Ab2aB0793a62CADC21D55f685636Ae0,590318
0x2832f4EDa29161b6a5b2Cc5150f1A0f1B2f8D89d,590318
0x283Ec3513Ac175600188d343f0cAA28Bf472d995,590318
0x2840353838957dFa8A0991937A8C059890e38E69,590318
0x2843a5546DA5F49DCda3CEE85A7A5f65b6685068,590318
0x2847bEa4b340d61e4b722e66b48AB3f2120C3108,590318
0x2849B952A142965e86fc3B0eACb4f18346B8a25e,590318
0x284D13df31BB6AdE20EbABA4b42DFfb8C35C730e,590318
0x284d4c40f9668b0d81efb25cc628B7DE9140bc2d,590318
0x284e7fe244FEE59c5C17d8341f917249b792aB33,590318
0x2850E4322359Ea498027973bFeC6d8F92674583F,590318
0x2858A47482092dFCE876E85D8470F5868A4fF32D,590318
0x285BaDF979aBe930414E866ddd578Ef369F7a7A0,590318
0x285F9587B980ecf887d62e53e8513E834Bf87243,590318
0x285b7EEa81a5B66B62e7276a24c1e0F83F7409c1,590318
0x285d692C8B680d986839027B37acd3150105E3f2,590318
0x2863069d92f7970787b22BcF144E3bf0d17E770b,590318
0x28672015d230e554453024e469fBd3BFD26dD2dE,590318
0x28679A1a632125fbBf7A68d850E50623194A709E,590318
0x2868db08578820E1D38ABd70Ff0c08b3D7F3C6d1,590318
0x286EA71ed5EB2525BEA8f68E7361A89DbcfC4b7f,590318
0x287374441026450BEb670b199ed8e4434F4171D2,590318
0x287B63C962ace27b947Dad18978D8A66219CbC2e,590318
0x287Ec081a5BD1A57BB3a78c45580E4ED75C781c9,590318
0x287bDF8c332D44Bb015F8b4dEb6513010c951f39,590318
0x287e2c76Aab4720786076c3DEedD7Dd386092050,590318
0x28839a9Fc4A6465000C5C5775983742545Ce5CA5,590318
0x288Cb1EcB49eeE679d19eB8fBEdab4C7BDeAeaf4,590318
0x288d97abac3d83b0281fab4570503058f9d34aa3,2666666
0x2894F4fE2c4DFc83b20445cF1511D9892Fc7ba73,590318
0x2895C295443a22Fda6bFd964322c99A5ACddA931,590318
0x28996c859a00942De3193F56C5B7D2de709fa616,590318
0x289eD96F523c64cEdB24ac9eB2cEb7C2A0FE6164,590318
0x28A096cE82b7dEd53436C9Fa8584abC40aFEeCF6,590318
0x28B37d7F235FE68cF073BeB87E78978BC38Eecba,590318
0x28B4DE9c45AF6cb1A5a46c19909108f2BB74a2BE,590318
0x28B9c25c97bf1b3D7f5285Ea4c899Ed552328Df8,590318
0x28C01B64F2492D82fd58FEECF8c71603c769BB4A,590318
0x28C5C26440D7ec884547E269883b2e7aDa36AF4d,590318
0x28CdcF3CB15b7da642c918A3f3176C37EaA06AFB,590318
0x28D16c0b387dc7236327E7e3C743f15D9C14699c,590318
0x28D3bDeCE9A0c7F54687F734fA73fBA04ECf5785,590318
0x28D9F73D4Ce4ce594b2B231714b03139ad74F3C1,590318
0x28Da0529AfB5b71672824f1c9026eD5d50DE12f8,590318
0x28De20a3fd97C3B32d461D7Be7C73a8374064069,590318
0x28F3795329CC9F86A0ac7c191B76Dc0C98Faaa3c,590318
0x28a69640810FcDcF6Adb7119edD64eeD4612Fa49,590318
0x28aDB3383593ea4676f6E208fEa659b865C612D7,590318
0x28b4b4f0f7F0EDbe30eB0F5C8642c1506cc741B9,590318
0x28bAf191548b7A7f0CF9a2b7f51925f65B491dc2,590318
0x28bb9c4Ae20304E0798EFf3AC1CF78e9e1485A1D,590318
0x28c7216C4A93165D67E76E4A69b78C6316F9267B,590318
0x28c9c15969097ec5001735ee5D75b6a7B795D33d,590318
0x28cC2f65F596f1c08392a757B21f22d4Ec25A015,590318
0x28cbcd84EFE8F3846611708a948e49196028173e,590318
0x28ce53dbdB72A442D3EC7dEFdD66566C64E3298F,590318
0x28d0F9b8af8752ab927d2D319e2C5827F5B13DAb,590318
0x28d1D4eFb873764C36eD2be7eb26910D0cA7e9B5,590318
0x28d1b73DAcbb68Fe94e7dc766794c7E4aEF28C3a,590318
0x28d43e1180Be426a79746b1c56De7bC29616bD02,590318
0x28d604a4205549Ea2510d03f2aDDc673DEd2187f,590318
0x28dFee2a51DA4512422b8cc30FB47557f5A6266D,590318
0x28e1Dd71BC787F1E2b7e92B022607053D2486864,590318
0x28e6a9214fe91c651ec5968b7062558223bb8a98,2666666
0x28e876B0243F9709Df2136d0e7bce72B255De2Db,590318
0x28f07a28AFB69aA5b81540f49DD3676c11c4AB36,590318
0x28ff8e457feF9870B9d1529FE68Fbb95C3181f64,590318
0x29020c2EF42E15a533585aa7cC53E5855D2cB5b1,590318
0x290799659d0C5F56d3700D0dE334b8A561b09e57,590318
0x29087B378A061A439F874E6FFcb2b29e685eA0d3,590318
0x290FBB1cD8b7369a084f35E509cf9Bc2aD2347CA,590318
0x290ab3128A03835B8383BE688beC64EA993fF539,590318
0x290eF54914D25Ca3D209d2bf3d4E08991068f739,590318
0x29104975057C20062596FB755047c1C9fb59daaE,590318
0x291148eB61c17045Decb6DAeAC5C17034F0F7e6a,590318
0x2913974B8D26d5edd0976E00769746F9F98C6713,590318
0x291570486f990ebc153d946774d1c3df4017e566,2666666
0x291A5e4a1D688a4084409b7dD622e4766c950ddC,590318
0x291D6841C4a8147Cd61dc600Fe1d6B105f040660,590318
0x291f81C1596E9606e92C9AcBeDF6d50369Ecf976,590318
0x2926E02Dde9ECE6218Bf6cf5f63a864f3C05144A,590318
0x29273DbC93cC35b8b0d8Dd94d31bc83Ec0622b93,590318
0x293aB1e8523d352205EAF7d92414af4381b47942,590318
0x29411f0036b7F404c26C55F0215301485E76C1B7,590318
0x29418Fb5c2E54EA1c83dc2f4E2360677Ab637E49,590318
0x2942066Eb1eEf51068e81d1b3E125e4361687408,590318
0x29427136260E20c86a2Cff13486E62FF2F32D582,590318
0x2945722fA8a078202e12EA2892ebcfF9603b843f,590318
0x2949788fA5BB53E617FfA79D93a33054e12cDeE1,590318
0x294B7BFD2cDC6b2Ebeb039BAcC1bd67EB60bE74C,590318
0x294Fd17C700331AAD5cc480400050e1005D2c531,590318
0x294d404b2d2A46DAb65d0256c5ADC34C901A6842,590318
0x2952d89D5859Dee062697Ad0F83CEe81EE90ed25,590318
0x2957b052aAB9A8500FB7216876336565D246B9F9,590318
0x295b4D217F0AC476004Ea862e01A5d88BCe1D70F,590318
0x2967ffc942ab0604f54ae481495dc206633d5bfb,2666666
0x296B15f3cD6356d5eFcc8D514834DE8ac86f0E4c,590318
0x296E0C21DB4061EbF971e55d5db85011E7Ff9797,590318
0x29754d7A9F9F344327158E2D01508EFA415BD558,590318
0x297EF0dd0BD5431Bbe0E664231Ee6b6DC7325e95,590318
0x297c1f9ef8C61CaA02F024110a39b67f436254f8,590318
0x297cD914a32d873E2cd77f491E590f70B161802A,590318
0x297d75735bac51f8d15fb11cd04af19b4a60681f,8000000
0x297e0d24A086C9670CA05ccE154A1C512DFc4F54,590318
0x297fc39c009E4f9D22C791f40aab3e3108A5f907,590318
0x2984794CBc5Ac89DCa755f481D9566A30B0325f9,590318
0x2984Bb4953cfCE2cEc957388BE686D6c38779234,590318
0x2986F241665405f0261Cf5D66Dd308296D7bddCe,590318
0x298B8aA81CCa2847dCaCcDB6Fee0a514fBd4208b,590318
0x29909b9c97845D5eb998B4AA41664a46c5dc35C6,590318
0x29930111Ff12D3C75b5BE8889568C5aD6A9D6CB1,590318
0x2996b2f79Ec09d989f1f3f9D21dAD7A5E7b69800,590318
0x29998eBD5BE758fDAa06F0Ef48d6c890978b65de,590318
0x299e532172cce5230192d413D47C6739DB9338fE,590318
0x29A092d3507F1642170A66da809ECb24e51386dC,590318
0x29A3487124A7f6700b53a1267EcFC8AdAa42842E,590318
0x29A860513d001741f15cDa2A00e8C6EC38A75A84,590318
0x29AdE5C5FaD5219a73e3Bf2B1182BD6bD86cE333,590318
0x29B4002507220fAD2e80A616cA83F28B97fC5738,590318
0x29B653ad9B1be2DB4B1c0fA8EB102E665478DD73,590318
0x29C11855cD520A247AeC6A8ce11cf7E192Cc6724,590318
0x29C33ac6Db1D16fdebe471c652585190905DfD04,590318
0x29C4dbC1a81d06c9AA2fAed93Bb8B4a78F3eabDb,590318
0x29D6b4e23Dd1fbB4Fef9c5d5Da2F5F05694cf3FC,590318
0x29EA412CC10A9cfC08c2298f382b2Fe01e6CA83b,590318
0x29F8eb1d3517b0320FAED276ab9d612F454e0eF4,590318
0x29Fa7F8CC15e50C4Dd86442868f8af1E2939e334,590318
0x29a02d9060a90775985e7ED5870BC49938859b9e,590318
0x29a1283bda21b171b2806a240e0b4df1a884e694,2666666
0x29a27efe52fe2b931f22b1fef9833301b4021d32,25703315
0x29a75626e46b22b2044ba99874f8d0800fb08840,2666666
0x29a9637413ef165234AC61388B327181d145F438,590318
0x29a99F7Fe080F72223dAd48D5E1E86670a984326,590318
0x29aA42CBDc381e369e66acE4DbA46163120220ee,590318
0x29b0726a4d8a145d126f3a65bc6d3b86126d673c,23036649
0x29b0e47b9b0821323f66DD7419ED9798909191fc,590318
0x29b55652131D4DDaAfA13B6222B102B08727e33A,590318
0x29bd9F9bc40Ac39FCa3ec6D3a726C6A18436dbB4,590318
0x29bee0B61306DB9630834EeAC098c1635124A3F1,590318
0x29c0F446B983d002A8D110Aee7E904426Da5327F,590318
0x29cacc19c8e9f0e10de66ea31c348a1e766137ea,8000000
0x29d54F4b4ADb6B39Fa8DA4cFf74Fa5531a36FF5c,590318
0x29e13187F7fa53b125743CAbd9E24c2888F10Df7,590318
0x29e22c303112Efb9d89d59EEbb006d6660Be90ff,590318
0x29e5f0f44b938ed0d752af8e44c5563ea2b57f8f,23036649
0x29e7A8F8FaC7459a245a20e8E00E4DCbf36de34f,590318
0x29e9B352C920e25f5927FA5440629fd7EE98Ca71,590318
0x29ebCefd7baef509bf4aF0AC3143DbdEE7Ac1d29,590318
0x29ec5a528611c1e3c18e4f180d9d04c972d01015,23036649
0x29f1Df8dF319c24743AB7E547F4CCfBd22968c55,590318
0x29f37794dd85ef84d76f3da1366106a9ac7250ce,2666666
0x29f3934c71b5a4771B59c910ffA41287a64C4291,590318
0x29f49B639b705B9AD79C4817d49Dbac5Eb181a2d,590318
0x29f4Fe585bf63254A3694ce916A6aa8e62370fF3,590318
0x29f7c4c0a4d8071fad1fb107501cea850878c4de,2666666
0x29fB2E370504B3727bB16246329F1B8B08eB045A,590318
0x2A0b20c01dF328E9a7Ae37aec00b91f22859c380,590318
0x2A0b4Bdb2492eC4D8eA0015A6784ACC98216c5D2,590318
0x2A155B7a5F48b69D9A498404be13Eb496E60692a,590318
0x2A168c5E0f40Cd7e29D847730E30b65CA93f9295,590318
0x2A1D49bF1CfAD32FcE3D146E4DF9b32D03d5C966,590318
0x2A39FD94E139952C3958E69172bA918D8f533571,590318
0x2A3F7E5170Ea8Ca967f85f091eF84591f639E031,590318
0x2A467B8f134122c8b94035713e0f1160b160C157,590318
0x2A4c42197EE8f2350253dFe34f4fF85617af1b31,590318
0x2A54adC5A26Ce16dF2f654126bd27AcbA050e8Dd,590318
0x2A578A939Bdc5486FA8c4F0eF865b71CcA03ab7a,590318
0x2A5aD14250F9eeB2CD6598C59E2786f70c171b65,590318
0x2A653d7cd89832832829aF1fd2FD943088eB58AA,590318
0x2A6C5c8dA976f2aef2433D5153714cD3C1113Ee4,590318
0x2A6faa40e56e3A2B382d654E2EBaD24333d285df,590318
0x2A821455025B2616E4f28C074a278488C3D940c8,590318
0x2A92Cf5727E575E8954b854aD480BA7bEf1EDaaA,590318
0x2A9C628F9B1b06a881407AE457Ffb0E51FB7E752,590318
0x2AB3C9A333Cc098F158F30D59E5152B5517E47d8,590318
0x2ABA4F5180f49f66cdeec5a3e6563Bf916aBA3aE,590318
0x2AC173713D62e009E28d94d864b5990e79A02057,590318
0x2AC20378f4f9004f0f7DA6eA308efEae956776ea,590318
0x2AC23a6406f4E93Db67844252E6C23b4b891A471,590318
0x2AD7672c2990107b8Fd8130D896D5Bdd2aA4a6b9,590318
0x2ADc8c7fb19cE7A467650190dcA1A7777C68c33c,590318
0x2AF9f6bCc42Ad118Fd86D84B5f5E208264378350,590318
0x2AaF4310bc5D06F51119e1cfB8c6762d07fe8fc3,590318
0x2Ab97866D53Adc3350Eb83B5bCF0f3011E4E4E6f,590318
0x2AbB1144f4F2ff22388f43ce70336eCFc96E3f45,590318
0x2Ac2d4F01a57ebD6234b0A1ADd6Ab5Ff4bb5b013,590318
0x2Acdf6a2f893687CcD341a1Ad7e27102b665d8c4,590318
0x2Af40bC2F3C1A8aCF1a55b5874F9b65055D3e11B,590318
0x2Af7Fc4A90045BdA32b908577d55444b9A6e8901,590318
0x2B1c729E79E76476970f0aFf8Bc9B4258A513f72,590318
0x2B1d964750a6464af34BBa06B70cac24FE7b7391,590318
0x2B2713062620ED369a767E0384a513c5B720B561,590318
0x2B2b2D820ee441BA2EB053Be76DdC8Feb5F4CA52,590318
0x2B3e79326BdF60934659b9fCFfC9Add13618A6f4,590318
0x2B4E3Df272E05b5318C69C95274055973C36fE1D,590318
0x2B5630863A352D720633eF11f095F24072c41760,590318
0x2B58d5beeE9D2f98d8363687402FF4c9a623Df41,590318
0x2B59FD03d176aFC335Fa6D4FBCDf5cF48a6844FB,590318
0x2B626fCDD6b0756c90553D5b2D1E55d9709E9Feb,590318
0x2B65F85E81Eec21EDa840B8f9c4FD657F917B092,590318
0x2B6Fdf405Bb7D9e67D6FBb09Ab02b7e2AfcB688f,590318
0x2B777a23b87831C7ebd788Cf98ba1627AbA78E26,590318
0x2B792B7cE36C862494f9167a50D27Eaa28d248E0,590318
0x2B7fe3b17ad026253760E9D12A40e23d4C9948a8,590318
0x2B84576B754A38A4ac7b4667123b4b8761efb713,590318
0x2B888954421b424C5D3D9Ce9bB67c9bD47537d12,590318
0x2B8E8acC1dD32cD642ebb91014320A6f6A0F9507,590318
0x2B9338F90182daB6D485dC2Ff2E185407F17b442,590318
0x2B94409FEBA5AaFf9CC4Ad04AaFe5932dB6aa24e,590318
0x2B9aae3Bffd4043a6d7C204697865f95e76d5BDF,590318
0x2BC0eb55d9320fb8Fb9B094fF7D9045d4c840078,590318
0x2BCA73f394Feb4a554241F3265951825BAfB4E1f,590318
0x2BCa06dfCd000800906D848e0e796f75DEE2e259,590318
0x2BDd0badE9Ff7831c8CBE496479518A1bCd8fE64,590318
0x2BEc151cd8f261B48f9AB0D384209b7d06821cAF,590318
0x2BEd2710db66f7EeBa79784d66a849C4462A7BaB,590318
0x2BFe66759f0331066F3E7D57b3DC9a96bfC17927,590318
0x2Ba553d9F990a3B66b03b2dC0D030dfC1c061036,590318
0x2Ba7655DBf52e95fff741f6B40F284fe417F5b27,590318
0x2Bc09f016cd08dA38843946C5d247966a5e1bac3,590318
0x2Bc581e7B24F63FD1C1029880De5669B395c6953,590318
0x2Bd31Cc64788eC0943d93001f58Cdb01284178dd,590318
0x2Bd43FAB31dCa10430E13548f96cE2242a36343E,590318
0x2Bda28b8D384597cC5FDfFBF9C3Cb32789f600f8,590318
0x2Bef62377de25eb582fFaD2b3cF88B7f1230b00d,590318
0x2C0502bfca1b96351319d26BB546124Dc2Ec317C,590318
0x2C0fB8cA8A962C770EF07bC2BB804599dA29A3C5,590318
0x2C10c78fDE5837C1beFa6e6e6c6633CD0F1bDA05,590318
0x2C18f2B9Bf1E0D8AE13C5a86Af00B3fd686b9Bd8,590318
0x2C2eCF9D874e6fdc0FD8193327B3F3826c82AB44,590318
0x2C2ee60fec8e8Ed8912Eb67e90F09cB2507b0470,590318
0x2C30C85B9f64bd9C9815423e150d9f49755f6c1b,590318
0x2C5EA6Eb54298666FEc09596b25DE96D41DC320d,590318
0x2C6628D60836Ad7ec2271E2EbD9a40Adc29F1b6a,590318
0x2C6b669879A420322b2936970Bc9Ab54B01639C2,590318
0x2C7Ba77e6F1D25EE8f4905D4cD6934E47ba19BcA,590318
0x2C7b794b15E729B84747A6A45c038d625816345F,590318
0x2C882519A65C5Fb15C677DbAf8877F2357827e07,590318
0x2C893406E0EdEED68669d77A0D69D75C6D3c291c,590318
0x2C941171bD2A7aEda7c2767c438DfF36EAaFdaFc,590318
0x2C9BBE90F95D7bD897141b8Eb0BE0558e7398358,590318
0x2CAc0005D1b09E488f1A872524eacEBba6A2bdd3,590318
0x2CCFF304eF578B238eE82E1D1d53c34e80B48ad6,590318
0x2CDEeff3B28C0eF0580d6bA79bD0d930545c2767,590318
0x2CE2FCaC52E10ECBD36749A20598D908003d73c6,590318
0x2CEa3a8aA881b0467ee8520d8D7b551b3Ce09128,590318
0x2Ca024339A0Af30F5FB03C8d06963fA6c64f8C1C,590318
0x2Cb296048F52424Eb3f5BedFf035f7C4d6Dd9396,590318
0x2Cc957E242BF27379e06F7D322b0025F2A50932E,590318
0x2Ce3294aB5efa702f4C37527cC060bdAd4bdaf37,590318
0x2Cf84928261F655A47d04EC714D3Bedf9375De46,590318
0x2D02Ad955BAa7B191F7A7ECcB8Ae6EAB1Dd8EDAA,590318
0x2D0e90C455D600bfC289BF7A5cB82b379c6Ec97D,590318
0x2D20Cf351ff7e4Ac4C522553F24B9BecA5Fd81f9,590318
0x2D29c09eF733F48fe10074a2Dd7c38b50A9d4D89,590318
0x2D2F5cf479BE7167444A347e9501f2d1CBF0Ed55,590318
0x2D30EA401B594F8d6a36f2A680c75AdA4ADFA274,590318
0x2D30e495a15F2657d57C3E2CaA08b06415c26cbF,590318
0x2D3A100289fc36125E04838B8f7A7eeC20C633E1,590318
0x2D4DBb65bfeb78bF33Db8381B381f7E909A395BE,590318
0x2D4F3a353F75dc9c18b6c11B764426422c5e99d1,590318
0x2D52F7BaE61912f7217351443eA8a226996a3Def,590318
0x2D56AeAC04Bf2Ed584A953d7a34c04acf7748f52,590318
0x2D5777554815d2f8cc49434745AB1B5e88b61244,590318
0x2D5d08D4359C4005Aa3326B49C96fba32dBBBC4e,590318
0x2D6655f1fFA75BAE771B5f55948916fcfA9eFC39,590318
0x2D760D867EBebD7DA5B0bE18fed71B4bcC9610Eb,590318
0x2D778ceA7B9854334D7FF4C13b683358DA5dc8a6,590318
0x2D86499A410a9ac2139833Ba8d6942b8A8700a7B,590318
0x2D876806411a36407350a626BF42D62c82b7D005,590318
0x2D8a2ed2adD882cBE57fC79881Fcbee0Ac57cefF,590318
0x2D901cBA5D7Fa078A28785e52a46346ad7D45B39,590318
0x2D90a9f21fAa49Bd7ea4Cac60aEe16Fb22d44d99,590318
0x2D991698f0Be3fC013Ed4E65a356dbD7B70dF7a8,590318
0x2DAD1d3C0b6C71d138674BF8B4c0b31880598321,590318
0x2DAFb38D61F679254D236B93C86d2CC0065E7cB3,590318
0x2DAFcc36215B481c331f05437959C428562064B6,590318
0x2DCCFA77A1caA502a97860e9b9F351fE3542a78F,590318
0x2DE373887B9742162c9A5885DdB5DebEA8e4486d,590318
0x2DEF87E6AB3c4C343e4F1a1A22d48046e9A44557,590318
0x2DF88b21fcEC840078CF267E63121570F5F94bbF,590318
0x2Da1780DDbfadaA2618Ff7264e936586F554A1aE,590318
0x2Da187CF37B5307c5e08Ffc782208B09337BDD3C,590318
0x2Dba64D9285B302243a2AbD17392659D6F5B63F2,590318
0x2DdA8dc2f67f1eB94b250CaEFAc9De16f70c5A51,590318
0x2E0D14C96779B1300C3f7423a19F6C95C9A7A903,590318
0x2E0D63fFCB08eA20fF3AcDbB72dfEc97343885d2,590318
0x2E0E58E0249b5bFf5A81C5BBA57d4f99CfA1eE95,590318
0x2E1092d32648573DD896DF6a1809F78BcBC1C5d4,590318
0x2E1336f7710B89153aFE979cD14644AfcFb32212,590318
0x2E1b67600be77367a11be967beC1e0f78f00F2D4,590318
0x2E23433769DB1505230A97EF9a7327E0224e480F,590318
0x2E278Cb585FEaDaCBe5B9b59eE994c74D7d824De,590318
0x2E285e94843a620A01a2462ab4b19A17B0847dDf,590318
0x2E2924E772184ae1690F57D61c05FD88bE6c570c,590318
0x2E2Dfc1a77c69d1Afd79B916301726cf4aE4aB2e,590318
0x2E2e2283d33DB9Ff91ec45E3aee480f5690E86aE,590318
0x2E464670992574A613f10F7682D5057fB507Cc21,590318
0x2E560e3882f955596F2388cFeC3ef370b3829625,590318
0x2E6b28fDa29e5328acd9cAdaf6B5900DAF5cb576,590318
0x2E7aC405d3aB5Be61AB2A0997565e55c87832eDE,590318
0x2E7f8BCfd7931C6D4eeF754452B2095D5cd255F0,590318
0x2E8C3d76bb8d74048b5266816F89C2D53ccAB4DD,590318
0x2E8DBF9E97a78b98B8fE75Ba38A637330C6c8BB0,590318
0x2E90a918Ec5224225D7EEeFA2FeEB41dE07cfbc0,590318
0x2E9537B2f05cd23f8d7851816fe5808Cc3FCB139,590318
0x2E9B758E2396402c00e6b88138C0Ca9C9c0A6868,590318
0x2EAb27eaF6d05FCe609EEB291c3295BAa57F0e09,590318
0x2EBecE45605e656d1aC6d360174a7f7c3f246123,590318
0x2EC9203843cdfBFc38770B881aD9D0db5f357cB8,590318
0x2EE54D8eB4F898c285b9fce4320D0bA6725E1704,590318
0x2Eabd7F2C22c730Cb4A1B2511495535Dcef4ef90,590318
0x2Eb5162Af8E14393AD9e277d2234152437F45577,590318
0x2Eb894FA9708692867781d64F36e550849C3A38C,590318
0x2Ec610Bc0E0af1e4ebeEcE276a84d6A1e6Dbfb5C,590318
0x2Ec7b0b01d7c72a31F3834FE4f208C4D04d1CDAC,590318
0x2Ec81a189F7C9Bf97DBB6105Ee4195eF01510766,590318
0x2Ed4bDD3B88D36eb5eC93899FA83aB5d5cd31FbC,590318
0x2Ef0dEaac38E1669c533ED9Bd74B18f3a568115C,590318
0x2Efc14A5276bB2b6E32B913fFa8CEDa02552750F,590318
0x2F0fe0ECdAb53877bF0106bc1534D11012C69018,590318
0x2F1689161eD466eE3a4Acbac68B278c295EAD606,590318
0x2F1D10582f8D3a9158972bE2f6CAe0dE814b4B55,590318
0x2F1E4b9644a9EE9eC5A786D8Aa8E900aD2085058,590318
0x2F20340437ECe2CEdB9c3AFF8F50C0Ce1a7A6Ab2,590318
0x2F23158efc11c579d2bD5b479b84DC5DA1807da5,590318
0x2F39188806Bd5232724a7E48F6e0c0Dd20590275,590318
0x2F3B842Ec7fD86E483A261a637e03e25dc96e3dF,590318
0x2F3F40eB090DF12290C1BCa75359D23747Ba20d5,590318
0x2F429Fe320Dc80416dfd78597344866FB5d0a93d,590318
0x2F4BeA4cB44D0956cE4980E76a20a8928E00399a,590318
0x2F523b2eD461117c2f1125D16eDFAef1446C7D1A,590318
0x2F5B03B22517b7b556fe9499f4294469CA6958D4,590318
0x2F5Bc62f0706b5ab7852b3f7e78F2B7797B20826,590318
0x2F5fc65b9C6d1Fee8BA4ca23Fb2D7c363C95133C,590318
0x2F60D2BB84Eb8df6951F7215ef035eF052BA2725,590318
0x2F65321aa08e38322Fdf3dDc129c8ccca6bAF85D,590318
0x2F747DBC3e7751a8fe98a60Ae0C488609E281DE1,590318
0x2F75097445B5a41FAE715D289ea45904c53199f0,590318
0x2F7816A3714c634635eADE46A9Eb67667e8E9B1d,590318
0x2F848200D1ade8B74B108e4AAA81c85F00C40A97,590318
0x2FA507B6994C3bc307AB4B8C1Bf240c53740Ad67,590318
0x2FA7fD62b410B78dD42Bc5853cb963a3E34e308a,590318
0x2FBCCAfe8c07a46804977C0C5B90be45d5858e9b,590318
0x2FD0AA450Af3421bb778A532CFa63a835f6f1A82,590318
0x2FD73EE94dDd38381E0B30f7E1606a48b7c44c81,590318
0x2FDd5de19946986278005805225B63DCD3d2E05C,590318
0x2FE6A0aB2dcd2Bd752747BD578F1468d7F4e2556,590318
0x2Fb95c6ddC39A9Cb7eaaF43A55C8dEa5fFe04080,590318
0x2Fe67Cd01e3A05f116678c05289cd61d7d484D3d,590318
0x2Ff6a40323D7Ca682d262E2Ae80926C22C659350,590318
0x2a0269aEE5144C2E90DC742c57fa877A388eb674,590318
0x2a030fF3a0a001834eAc35B2fE4bEF3478ED04Bb,590318
0x2a0789eA5db24Bc383c9536BAA7F8cDdF4EBB7A7,590318
0x2a07DE67535852ebe06E653145cf61122836b669,590318
0x2a0E1f2d26c4C233dBC373dDD8b403243F481B02,590318
0x2a138E24CF857F189826600463c05d0cAc5aeeDE,590318
0x2a1BBfA8e95828aE017bdF37f5CED74BE9702BAE,590318
0x2a2073AfFBD5471EeCAFec17094c46C6b546E321,590318
0x2a31887F1b3DC3E7e006B809d6003DEA316BA744,590318
0x2a354B38232C4d567Bf1eb5DA897F5205600e4FD,590318
0x2a3FbcC6baf5744f5E37600c1aEEA0573Eaa0880,590318
0x2a40580e48ff729f7b442288f178e692ebc7565b,23036649
0x2a40F0eB3103e1C8Df3BAfE88Fc4bd1Fa3225Bef,590318
0x2a47b25f4403fdde1f64c1e72cc0c7731e9d2454,8000000
0x2a494c4137db2371c6d9007a40151d49ca3d4c06,2666666
0x2a5296B8Eddc893826eCBF5569F0c0cf3f01665D,590318
0x2a622BEf002c3B0B6a8183F595b92912F30ec40a,590318
0x2a632f56f9BdF7b66BE80768E89631F3FeBeEd24,590318
0x2a7260250eb7470c9b492168da5ae6dd4f90fb60,2666666
0x2a8152CC16A434f5B3B5270c859B6E27FCAb98Cf,590318
0x2a83B3EF9DF7168D149f31a0D10F52E2D41f5B83,590318
0x2a93E999816c9826aDe0B51AAa2d83240d8F4596,590318
0x2a9B8DDFFbBb64b4cD21c7eF958EB20dBf564E15,590318
0x2a9bb7BB4a9038EEf914C172Fcf5a22c0d486457,590318
0x2aB3E3A7452394ec1beD983B01D12d1443788eA0,590318
0x2aCaA6a75B178BC77A908B3B490d5FD353ae34A7,590318
0x2aD9Ba62dF034905B6B5FC708416069FB37deC29,590318
0x2aEBb5F3C0351F7d0A4F15D67457C9c247e50d26,590318
0x2aa8074D598A25E4B3b99C691B99bd5B186cfd52,590318
0x2aab9D90D9438fdcb02Ed419844e96b04eBB876A,590318
0x2ab0503928B9C660106478f33cC1dD47c5A7d8A8,590318
0x2ab53b50387820514eef5ab48a86bd0b8838ea99,23036649
0x2abf5d3D1aEEDc57625C33EDFD8A4623Fd146fee,590318
0x2acee691ECD3A91C36FB5f1523C37F9ACA57A508,590318
0x2ad49f60ce974e494a53bcc7d5ae8b2ebc48a828,8000000
0x2adb9e1aa7e9ba355405c88f92143604d26f7de6,23036649
0x2ae23E56B815B20d2086b491690E9EdD5955B969,590318
0x2ae23e56b815b20d2086b491690e9edd5955b969,2666666
0x2ae2474c1780473a25c803c6bb35d49bd57966cc,23036649
0x2af5a34695C7cF70b875d2D5a76F85c412F97e71,590318
0x2af67664c3fea578fd6566542e5e4781194b99f8,2666666
0x2afB2DFd3Ae7733D3798Aecfa49589c3BD385D29,590318
0x2b02EFBf4fA4585aE3Cc9D81913770e9b12484Db,590318
0x2b0d7bd1eba9b6e90eb628ec2950785129f109c6,23036649
0x2b13f49CD5d56A4fb5Fbd46e3C2a2F9a3C1c71fB,590318
0x2b1E2b0949f90061E09A2E5296d5DE999a8DB545,590318
0x2b1F2854b8fF4eccb691061A2F41b06a5155033b,590318
0x2b1eb5D1FB443d872e7ca3A82E295BC8080cD403,590318
0x2b26dA567C2A8c220daF91be8E37A429D33AEF0B,590318
0x2b40B516E84e2218F98F7e9c0b3Ea2D9FCcD1Eaf,590318
0x2b455E76D96a4143c18d96924fdC030617b73332,590318
0x2b5Af461C328327f1cC15D0cc3917cf45978234C,590318
0x2b5C1E30B84f3D30f7906e0d4523f92B26fc0FB1,590318
0x2b5bd71e000568957fc28D731264ac3E553EEe28,590318
0x2b60edac7a15c21ef5e9767b4fa560698b0e642a,2666666
0x2b655bb224d7Be814e916ac4Fd239F333EEdb28d,590318
0x2b7602B2faB928577016EEF090B0dB044BF59d38,590318
0x2b7Cf8E0a0Afd38f101BCB72Ce6022e7b058F0f8,590318
0x2b8151fE3f4FE70464276850B3bb6437af4A4a77,590318
0x2b8ebe6e711f863f57db6901ffab113907cd350f,2666666
0x2b96b52cbe6c082473373f42521be9ea6da40ff3,8000000
0x2b99b143bEE28489115ddEd55eC7D4A65a3f598E,590318
0x2b9f230031d7cfa3f79e789927e80934c3e4ebc1,8000000
0x2bA16Ac5341b1da2978dD32e39E79DED492a8984,590318
0x2bB68e346Dee9a54651F75798cE4A76F870AD97B,590318
0x2bBa0E0B26C92d3a3Fc043708CA660aC03F2FE08,590318
0x2bC0cC3b1A9D19Ec8cEA4e5aD76A8F553a81e106,590318
0x2bCB0f47734A21d6442074907C9A94826F4358f8,590318
0x2bCd9232aFA3b0F7cAC2f3fAaB6e797b596AC6e6,590318
0x2bD2E3c510072ABbBB3fb21aA013074C79405D0E,590318
0x2bD6c1D43CC900145A29c9287A003CDA299E5f2B,590318
0x2bF8F06adC558fb713fA2CCC221c9BCc72DbF75d,590318
0x2bae1ed0a29b85c59909913a5753ce1d761cab54,23036649
0x2bc9dcc188421875f00038d03086912e6ebda412,2666666
0x2be02a5d1533Ec63D87fF5A74F66B0906B487F5F,590318
0x2be04180Cfe23C603A5B0d51eBD519C385b31F72,590318
0x2be8746b4934b5e4c92fcc65fb01d39831284897,2666666
0x2beDB2f2A44bA3488DC3e94707fCf6B86D8f35b8,590318
0x2bf88Ce74CF654eAbE23DC607b580Ae429fDC0d6,590318
0x2bfb4adb8e39a7097d973dea6ac88315120ae859,2666666
0x2c0Ad3fFb832CA5643983f2e99A7bD85C72C34Ef,590318
0x2c2f4B445731f13425D61B344165557e785686f7,590318
0x2c329cC7Ec6Bf3F3c808fe5Cab11D289CEb9FEc5,590318
0x2c419C8b207b10B39673482d83cAa3e11f3604C5,590318
0x2c4ea02da331b6c3393fa4c326bed3316c22449b,2666666
0x2c6D312D4886a66f52a8C5449100F903fF371431,590318
0x2c84cfb29688af931f1842b68638defde5f39a96,2666666
0x2c8624CbC2E50742ea9800f4D29513715856De18,590318
0x2c870C4b5313935a2d25F77d75c5aB6F4a97Ca32,590318
0x2c87fD92DA54Ab1af3683B5E70E6Dc065F5Df490,590318
0x2c8fa12f45e836c7b2a8991641ab83612ca1f664,23036649
0x2c9020b718513060dbB4125642191dEa728d2277,590318
0x2cBA7fc2043aC878bad6Eb959eA343d82Ed3AC41,590318
0x2cFA080C92f7Bb3512d407b9EC70AaD97FD8Eb1E,590318
0x2cFfee42F4Ddc3D48918d0b60433C15811840939,590318
0x2cad1EB8F08201306cFcdc7F3049c59fce76D908,590318
0x2cae0Ac9a7A7048516868AAd672C49AB632B38c8,590318
0x2cb0d296d5b740ddd67fa5df72ef2fd3a3074374,2666666
0x2cb8fb237ea56786b005caefed0b499eb06920ca,2666666
0x2cc9a259cc1275d5ccdbedfec552df49cb5965d4,8000000
0x2cd9C69F9379170D7afe7cEC85De6E8CB7AeecA3,590318
0x2ce1A66F22A2Dc6E410D9021D57aEB8D13D6bFEF,590318
0x2ce290ad035cba9a7C71fFCeb465a896807d45E2,590318
0x2ce7cb00136323d670a5130dfdcb05a435d9be46,23036649
0x2cf853a8219A7A8683C12F7a55d5204113bb5f02,590318
0x2cfd3efe195eca7393e0a2152cf4bb17a3ae8df5,23036649
0x2d0137CaF396f2999E96880bFe61C3Ec93478b85,590318
0x2d121C3785EE4824E91CFB77eFc466531E53Cfa1,590318
0x2d1F8d848C3A06445c439a367aAc823801363F79,590318
0x2d1dBED33Db71ff2a60D2b499d32667e6071C513,590318
0x2d1f23fdf321a1e9d089d2400e3c550e7c4c5ce5,8000000
0x2d1f24C8837A94e28E0c2A5E723E190A333B00b9,590318
0x2d240C5d58A8445E99dADF3Fd41A492dFeAF7E4C,590318
0x2d37744830278b02729365EEdF672fa4e24Bfbf6,590318
0x2d387ad60632a67fbf795e71c842ecc3cf593835,25703315
0x2d3a100289fc36125e04838b8f7a7eec20c633e1,25703315
0x2d3d64DC14A56B73fE3F08Ca442314e8a0eA7Cb6,590318
0x2d4B2394F099048A2202Db554a1Ca1c28D628acB,590318
0x2d4F4f3bcB052cd96c1BFBD70724457759a27839,590318
0x2d5507736DC622b7ded1BB61cb241da4b7535C11,590318
0x2d579cc4d7d346af1dc8fb78d585b0cfc14601c7,23036649
0x2d57A9FDbbA36aeE5985dc9e61dbf6f91daCa990,590318
0x2d580ce203f8edc09593c1fdd77fe2720927f305,23036649
0x2d62B7B4aB2aeA16f53f78aF3544088300040126,590318
0x2d689d31eC3651716fC7623B15244ddaB0a1cE52,590318
0x2d6EcBd2e7c7E72a81B4fd281904feFa023A7Ad4,590318
0x2d6F48ff8fA77815Ca378FFf72c4f73653fb4017,590318
0x2d7581DCfbC0bcE64e2f45B0cdc601BA9c7AE158,590318
0x2d77ce62dcaff617d87c50971191037c0121ea98,23036649
0x2d798b7e9E3fF83B28b65206Df2C1c442AB25906,590318
0x2d7D5a9AD74F16d310Ab59dC676e9978a1CeDa02,590318
0x2d7D82a942B08644e954CEC051aD3a42f66707c6,590318
0x2d7E8fBdFd886da1448B23e7E4AF757d07615A40,590318
0x2d8cb9a299ffafa64073ab9741153f3c812068e0,8000000
0x2d927AbeDc5aEbB6D48fa7bbDD898670fFA81AA8,590318
0x2d94022e7bA34E81DA155CD83ee8f0Ec363b52f4,590318
0x2dB279e5e8d752dc0FC7de12829aFE4b8cEF4D84,590318
0x2dD11D4656260A52BE4F82d1c7B92DBf8cADB1AD,590318
0x2dD3Ad78bB54A5087C36E72191E1f44D979aC47D,590318
0x2da76b248E174BcD13a53414B84632317aAd4439,590318
0x2da7d8bcc220b0d2df500bae4c089501aaeb5d90,8000000
0x2dad096ad8a0b8151f813a0fa215944ddb2bfecd,25703315
0x2db8da8556122685AbAb933953adcffdc3bdF60d,590318
0x2dba88cB3B435F99a3e58B6E0fE450e8f1a3F20F,590318
0x2dbbecd022ed11a39c29b4e10b9deec7724e8412,2666666
0x2ddaa1b4C0523Ab495067051189C4c349f79F8C7,590318
0x2de14DB256Db2597fe3c8Eed46eF5b20bA390823,590318
0x2de74450Cbec69696ed17Fdf87b611D8D4D7C401,590318
0x2df42E6bdf0A2285E4584737cD2d260A21AcF14b,590318
0x2dffd48bf716c8318850e263ded1488df77cb7bf,23036649
0x2e01Cd4Db62d9cFD7F2C6c3e6674e91Ca2444E97,590318
0x2e04a38D4063eD4c6CE827FBBC33a3a261831F30,590318
0x2e050A0c17818638BD9ABEcdA57EcB47bA31f89b,590318
0x2e10104bD7B3e7C659f6F802166Be3FCdCd0C097,590318
0x2e19b317352D936105F55638A9EB6c1cb723ddE7,590318
0x2e2550dfa61eFA6d928c04dbee6Ea01Ee17170C9,590318
0x2e26E6bA36dF9f980D680B8E18F7c86C20A8B96B,590318
0x2e3223d9F0AB853840cCD7B3FB35E0f0F34AD158,590318
0x2e32935bfD5B2718f99BC8FDf8B37c16811f7D97,590318
0x2e3327d627549e4549B8C43EDA6384Ca906008e9,590318
0x2e3C2c418ac043AE1027a2F1BF8134E36Cf6F94C,590318
0x2e4714aC9a6A8C760a205D9dD55b5ff4f5Cf7583,590318
0x2e47D1c100A69Ae37a42C058Df7c8FD3F66a37A2,590318
0x2e4A4d6736aE0487b85ada66210E3D889b3e02fa,590318
0x2e4D41106B4eD05b626ee304244eBE20AE861FEC,590318
0x2e4FFDBCd982a7538E2b3361bBC589eA54a30A41,590318
0x2e5F41537e4C68088667cD83d00e545e2cF2aB50,590318
0x2e61fd49461453c7F228C340A5e3c860bd38A0e9,590318
0x2e686CF5b0dB7CF1c1FF968122955C344c3F8D26,590318
0x2e6Ea8591deB781A91fB346342DC7276C68033cF,590318
0x2e93A6e3a4e7b3B4cd0C9Fa566E8021538073414,590318
0x2e97778b97DB81b62eb64103813E019F353537cD,590318
0x2e9bc99c9b0ee2a7e832c3fd8b400f05f8214112,25703315
0x2eA7d6636B920232200fF090ef7E56EEAEa72B0B,590318
0x2eC78D4677FBA1b5A589C66e75b0F6e180D8A66f,590318
0x2eD4bb33Aa5078E57169E49bA584556c0c312b32,590318
0x2eFb9FB0a36770417bFeCcFB6Cf8a585D79ef534,590318
0x2ea4815F47D685eD317e8bd243b89bCb26b369Fa,590318
0x2eb0ecD53d562181B005Ff8711152CA3A5Cb8756,590318
0x2eb4755348992db72b6d02e1147f0e827f90b392,2666666
0x2eb8d08ef1a0607edce3e2b48609fad97a7adc05,23036649
0x2ec06084564578c12e318D180D46780ad3C491b1,590318
0x2ec31068d6451510841578981081124a0f75cC64,590318
0x2ec81a189f7c9bf97dbb6105ee4195ef01510766,2666666
0x2ed311589117d192f7d3f2d83f6027b891d22b10,2666666
0x2ed8824a5bdca47fe7d92210247f7317145b99fd,2666666
0x2ed914995Bc496CB139f82822D5077c5d4408Fb1,590318
0x2ee06a682099AC0A19d2A15E87a7c2094D7f39E1,590318
0x2ef1B2567aa33E1ba07f4fbd1A297223DF28bAFa,590318
0x2ef4826763fbcbf9182A874BdB907B866ad18b14,590318
0x2f020DBd3e3786C1EE3E07F2B762bb20EBC2087f,590318
0x2f16501D8924d729124895DFc12F1D932ddA1980,590318
0x2f16c5AE6f07aa2b85c6B71e9179fFCb47045677,590318
0x2f1A10483125C4B355Cf10457bDd579F5b385BC0,590318
0x2f225F8A538e7fD613e8ba79DCDdC7D1422AEd1C,590318
0x2f23158efc11c579d2bd5b479b84dc5da1807da5,8000000
0x2f240D88f0c16c9F4a536b4F2744aDFE1613700B,590318
0x2f2767a98499f21f20ce84f386dce7faea2fee3a,8000000
0x2f3B95cC92E89838245756803F0C2cB440687d20,590318
0x2f3Db2A40C01d1fDd6Fd4ac6040684292B8807e8,590318
0x2f3bE0479453b7D447fD4eC95663E96d8412aEf9,590318
0x2f4e59CBc3339FFf3b54c75016d73102192E2eb7,590318
0x2f4e8c0b62a59edbecb5f510bc50b24f92794128,2666666
0x2f523b2ed461117c2f1125d16edfaef1446c7d1a,8000000
0x2f6772C693eBEa065bA66636A28370432F9162Cc,590318
0x2f6E0da86026Cf16B33D7cb095C4ECE89652731b,590318
0x2f71129b240080C638ac8d993BFF52169E3551c3,590318
0x2f795921b25ba59ab4ee534a5f456c99e82d9fdd,2666666
0x2f8ed453e4fe2495ea05c0af027c49bb0df32a9d,2666666
0x2f9BB8887bC61D60C57f0D983f2732a1deb51C54,590318
0x2f9Cbc733a1F539259Af78b0e533dAa8238E8374,590318
0x2f9f8Bf75b46Aed90047ed84CB3CA28979DD88A5,590318
0x2fAb4A3a4Aa890fd352a48Ba1D46Fd6915974648,590318
0x2fAf034955390a80107BE7E36C9eb68d9a6fbbf8,590318
0x2fDeb4C39FdB7f845bFceD16A69A659dC5F54086,590318
0x2fFC1626681c8e0fE0573017f47bA4bae543844B,590318
0x2fa08fcc7e6faf795417c3a73189939c7a818817,2666666
0x2fa5A4c75d45f6D860E8508187e3EE7791d334E3,590318
0x2fa856d3a79FabFF523344CbE987C9E2ba5f8879,590318
0x2fb3476bddbf508d40058fa7159bb198bd6a30a3,23036649
0x2fbedbca46c5b1cdd2c936402a78fe236d72a009,23036649
0x2fcC020F72E5d2EdD2a24D04f3Dc90D7fDFbD1DD,590318
0x2fca99D3D85885b7dCF9225A29a8cFF1502fD1e0,590318
0x2fd0Bf21d98bd5adE80fEA90480b8F8f571be3d6,590318
0x2fd3D827A4961cA447D086AcCBeA033674ab34FF,590318
0x2fd6c8c3c70fadcdc46d91ee69dd352ce5572f87,2666666
0x2fe91c991e156b386ca77baa93871ab5cc320f73,23036649
0x2feF652Fbf0B160790463D4Aa68c04683cDC41CE,590318
0x2ff5CDf2DFE9A60F650cA13A319A183f77EAcF18,590318
0x30032aD669D37a66f44dE38dBbd6D309770d5b46,590318
0x3003dc8e1191CBAbBD861027267d5274AC62b216,590318
0x30086994F4761c589aAa61Ca18AA42AF467e2C57,590318
0x3009580c628E5d3633e9A692a5BE3AC0A94ea850,590318
0x3009580c628e5d3633e9a692a5be3ac0a94ea850,2666666
0x300E3E52Dd858e970FdF6AE1f6Df787c64f7d2Dd,590318
0x300edb590bae08e94cad061b55849e85531b92c6,8000000
0x301201aDa0d900705666a518C5a9B6a5E189d39F,590318
0x3013CA7164B7eb677C1942Fe79b9Ce12d19456B8,590318
0x30158b3ea2d00af8c28840627ca1e56a97bdd64b,8000000
0x301862E514eE4EB3fd9d045e87D7af4b21687B20,590318
0x301A08f9D0aE76D661C79f0Ec7773A7e4a1ee218,590318
0x302Aa5BAC9dcD40aD57eec04BfedafFaf9FC2866,590318
0x3034EF3F008644B0678A5DB03F4ac502AC419579,590318
0x30391a4f9D2f099D41888f811784281Cba4097f0,590318
0x3039e4a4a540F35ae03A09f3D5A122c49566f919,590318
0x303F2E965Ce9eA5fFB3ffE189706996E9Ce36c95,590318
0x303c36E5c473bF36Bf643DeBEb61C68f780641Aa,590318
0x304856144A8CC390cd59c76F7Df2dcD8174bA549,590318
0x304A97c9A85C92C93Ca24e0A85B69f892B67355E,590318
0x304B4C26571c6Bf02BEbaF961AB1e93988350d4E,590318
0x3052351A3076210AD811560299d408C0e235F2D1,590318
0x3054e1986fe5faa920CFae137f711f66F82cDE07,590318
0x3055Bc8db0a3998500beF8bC0980f03f47f8a3D4,590318
0x305886Fc36A9d03D22af2Ec46084E19315DF943d,590318
0x305E30c4138edAfe666355D68B532C8Ed79EA736,590318
0x3060324cAC577cC0d2cC44B5c829cB89E4ca1dAb,590318
0x306156A40F35E994BB96184508AB59de0303A845,590318
0x30626434FfA2990350D421ADcd69b074cd8762e6,590318
0x3066D9D60Ce11275bd08c2E3E55855339421b0b3,590318
0x3067D001cd1C784872FB850bBA6eE4439CcE661C,590318
0x306fc9E0dcB925Cc6Ef6bE939C805D94698aaD69,590318
0x3070529B0D5e9c33a9a2b1C8d2Bd3d421A46A7e5,590318
0x30713c1a4EDC7fc7079DABdF10dA5dbBF9D92423,590318
0x3073F6Cd5799d754Ea93FcF54c53afd802477983,590318
0x307432DECf73E4f9f9074FFA8DC04b14A6F73410,590318
0x308112D06027Cd838627b94dDFC16ea6B4D90004,590318
0x308eF37144D82F0EAC6ba1df110dF8639889819F,590318
0x308fD47D492cF32D0f504c2a3E82BC25583B455B,590318
0x3096D872E1FCc96e5E55F43411971d49bB137B9B,590318
0x309766C13E57cbD75C4bB27267ACD255096eaD36,590318
0x30A26c2837e9Ad41Ea5955949F00402DbF86f124,590318
0x30A7657535b86afbAc8B1c4D4dB0f2bD6A534b79,590318
0x30B16c4eDC7Bac1f91216f025B88d3C1C3761293,590318
0x30B592475dB7050371c1d9e0a872bE6723C6c906,590318
0x30C07f850c707110af5f8869DcD5e029D5D426E1,590318
0x30C24De6306B1C92f09981A559b1B5B5d055Cd08,590318
0x30C2C8F1DeD4f17873AA625B21Cf1b7F31829cbE,590318
0x30C817E6a639d4Bf5f12AB4BE610aE15A5eAa4CF,590318
0x30CB1d117556CA631b8ac198D287A3c8f33A0c99,590318
0x30DFFE433aB5eE84E4d2a8CCfF4548733bf52Fd1,590318
0x30F5b72b198D61A2a9493d40D0F85cE797b510c4,590318
0x30FE9E89E3C7c5e468CE13A9d608b9b0815fbec4,590318
0x30a4e82c2a496a98b7205eFF588344866c09d540,590318
0x30a808922B1dab487dF96cc33dA7Cfd5EE3BFd09,590318
0x30ae8bDA9Aa6f7B569931b4B16155402759345ca,590318
0x30c623351e73c0fe99e5c313ad1a7b177b8366ee,2666666
0x30dE69aCCCb59E6c6cc3b2748a5f6f9A27217CF2,590318
0x30df3250a301f845c1bb024d2dd1284e9d644552,31036649
0x30e099412F427922a6b379b212dd706600AE8E86,590318
0x30e128ad331ae21d467ba3E710cB686fdDC2eFbF,590318
0x30e28648e903F077f120e48330b005822760ddBB,590318
0x30e36661C83CA0837865Be7460d1b1abf19c97e4,590318
0x30e6714907ba7663a6ef2b24b58d07925b0aa8da,2666666
0x30e9e3415c1cc48352264d721d57920a1696B201,590318
0x30ea685d541f72096dc2b2c9a30eab86ac0afefc,2666666
0x30f48Cdd4325CB707ec7926F22536E6E0dFAe01f,590318
0x31004F28BAbDa1F632Cb445944892b04a411E7f7,590318
0x310Fb8aC2cA4Afb9D4F3cE227DafFB4EecCB0E27,590318
0x311174977e7F5842ADA1D7e097ACddb2c41f731E,590318
0x3113558EA6918c3ae1D9247D1d7a3F9efF5888D8,590318
0x3114b610c4521AF0405F3bcD48F595daD3742484,590318
0x311608C1a92A2ddC57A13A69144C53c670F3fFe5,590318
0x3117A747fDEfc095146Ac4735d0A3e245022ee04,590318
0x3119Ad3FBfd5F645117bA718e55f6Cc9EeFC363F,590318
0x311A9Ef07f16Ad45E6aA6b9787e0e173E3Ce3623,590318
0x311EF08626709a0DE3Aa84d396437773340e022d,590318
0x311ddb1e4B2218a12991283650F831034Ed1E00F,590318
0x3122166b7ceee1071f37749db6a19fafcebf9919,2666666
0x31270810b7A0A76CC4664c76D9CBc48d85bd6505,590318
0x312cC8039A6a1f33704E454500B833b561B3a00B,590318
0x31304cCDd28E62eF552824db08a350D752068c39,590318
0x3130fe5f3005fa7057a8a11a501543c1291a73f9,23036649
0x31333c2ff868163aC54086f4cDcA69a554f6F420,590318
0x3136292a1997cDF8915187F72133a61D629dd88d,590318
0x3139dA44bF3343D080338e5Fa2f37077Eaa02A4E,590318
0x313e2223436e151C6B4167c63a5e0324aC8FbcED,590318
0x3141011f001FB5f1CdE0183ACDdD9434Fa473F70,590318
0x31417D77ec520a08f4E240EA611386B499FEC505,590318
0x314ddbDf32949cB8b158069b01609061d4A2561f,590318
0x315262bb380255baCa17460EfcaA4C194E696127,590318
0x3154B23a71612903B64e64558be7c362eE9E127B,590318
0x315799aDaD5B52B5166FBea7B29aBE4D9B4E6eFb,590318
0x315BD7cA72934502B4a4683D7F6ba9fad1362473,590318
0x31638525eEFC58e7D50CA5986056ac9557C09257,590318
0x316477fd7565a65ee26aa88bdc5928336184b55f,2666666
0x316547d789e4f43a952bf14e3c72cd53bc155208,23036649
0x316651C70CDd8065d662ce4FDfd7634FEE6C1A63,590318
0x31678C42B8f1731DAE8B07fd39644CA9C54fACB8,590318
0x316aA2137AE15558986d649d4AFA8F0F7B43564d,590318
0x316c1B24C8538D62753D499D952b99fDfF879D3d,590318
0x3172D2506B4164844402AD35F14d5a838Ec7783d,590318
0x3176E9401251B81F979d8d969241EfE6116fC478,590318
0x31795fDA1b80F9f7727f5cf25D4f0b198C2d6801,590318
0x3181935a5948c8328405a83e33CD634F43ef5C3A,590318
0x3181bc715458D5828C3D1ab4AD8d82bDBae4a4A2,590318
0x3185b473918ac7f6bf13400489cd696d45f1ec18,2666666
0x31893288411B1E2A4A567954237356E47B011613,590318
0x3192488c26939268Aca998482c3b65B0a2447b09,590318
0x31929e20D3fc56c2Eb70d2089aC48Cd663c71647,590318
0x31938CBeFAf6bB526F98BC6d04695819C0155ddd,590318
0x3194770E03Ec3b0EBEaA7eb93b01290A85AcC905,590318
0x3198c7deacc494f2f4ca8d4a342131e4db8f55c6,2666666
0x319a86fD01ad07F7b9b61Cd6e0964e161C51aAcd,590318
0x319e8A7684223D87B101B5CbAB356CF1Aff1154f,590318
0x31A84803A70273330323fFdE9FD5De95Cb4e9Fcd,590318
0x31AaD227f2ca4E30222FCF93f13aD8f16F1c8638,590318
0x31Aac01Ca971b7df70Cff05c213A6450cA323f80,590318
0x31B3505945E5E4386C7CF955C552fdb2048A5563,590318
0x31C2b71BEf1e3b5a5D6F5226113e97e0fb4EfF5B,590318
0x31C683A67f0e3919a86fead9241d94f34679F11F,590318
0x31D57351C9f697ed99eEBC5aD5F1F4892e5Ece51,590318
0x31E62b2c2e0118F7D16cd1e2ee2127Bb04349E64,590318
0x31F5c3325601025b532c0833Ae1A3ac7832aca71,590318
0x31F83c5F7812cFb925402c74B57687616E09e41b,590318
0x31FB4707FED2E80AAfaEbA3dB937c76f03fC286c,590318
0x31Feab5c6E76f159bBE2F93FDE4A59200813679c,590318
0x31a4D960795e0dd7Ba595F3A7c8D4075791319f7,590318
0x31b3eb9a74e6326767b8bc48649d4e8f1db4790a,23036649
0x31b4B9941a9F041B1Dd8b0d5Eecb768aF8dd1a13,590318
0x31b64C39cdd084E0e62Fc7E0d4d81a7E8d0d404a,590318
0x31bE28Ecc01fb87417484e35F43E03D54f97e2E0,590318
0x31bc77cf67023fe247ea358c6cb82ede533cb394,2666666
0x31c1481c6badd5fa8d707bd48cf323ddd25a86ad,23036649
0x31cbdD7E64453A484eC56F80d0c050F94Ac33611,590318
0x31cd05490C337Ce008E1E0698549BFD5a576a498,590318
0x31d3243CfB54B34Fc9C73e1CB1137124bD6B13E1,590318
0x31d426819aEf6e4F69203BBAc9F5a0e0dc4f39d2,590318
0x31d426819aef6e4f69203bbac9f5a0e0dc4f39d2,23036649
0x31d6bda79b38ab50ea5d6e4c9300d1841671f0f8,2666666
0x31de5bea22589501b9305b815cAdfFAE69d69522,590318
0x31e62308b63764d97Ae9aB0FE562e2e2492D52d2,590318
0x31e6d50d87df291c9d0b30318d65ee3bd9e64934,2666666
0x31e99699bCCde902afc7C4B6b23bB322b8459d22,590318
0x31f1a3782ee8525f56c76666173fda689a928f35,8000000
0x31f293A35e8f1a8ef536fabf104cbB83fC79795a,590318
0x31fD9D9E56Db0686dC8778ba2b065a0A8a1252Ec,590318
0x31fb14cd6421bb45402c9e93abb175419fec7a7c,2666666
0x320109f57871223751948102b158A34Ccc001235,590318
0x320355f2128635A4B6ee7Ba00a251A0e48B637C7,590318
0x320553D2A6F1E47A2cc15B57149AB5d2025FBA1E,590318
0x320a6FD59caf47d4f3B692711BD089fb69b04678,590318
0x320b27c54691dABd170E37591Af5E0643197eEFF,590318
0x320f87f4fdcc3615965b1ac421a6cac95becfd7a,2666666
0x320fB65B349149b22Be26Eb02DF3E06C88d89F8d,590318
0x32100fa895f4197e2586a4c759bed369b6c75fb6,23036649
0x3211d9dc0365424fc64808fecf4df411e07e8415,23036649
0x3212974a4E53E5238f6ea193B36412Db9AD61c26,590318
0x3214732D9d6eddCB9E90dA362D7C45d5caDDBe7e,590318
0x3214EF70Ceaea3c0a5807cBBEC3DbfA9f2683945,590318
0x321F011917E384E43E5E85b8D6f4a56DcDfE31e8,590318
0x321a0868078E3d1B53a92FB272671cCA1f78cAe1,590318
0x321b7Ad21b769F31715eA09e9f5Ef43dccC9b62E,590318
0x321eD5739440bdbd731D54a19aa20B18398d374f,590318
0x321fC96dF952609CF32c8D62df5b41be42c30979,590318
0x3220f62fD566d16e8FB0dC4471d16AA1a40C4926,590318
0x32231957f2276c37d964B8BA187b954055b13866,590318
0x3227629c7D8776C636e594f453d5C44eeBcB8a71,590318
0x32323265D9F3Df331ccaCf7Bd11135aF14776b69,590318
0x32330992E02B93C82E66E2450c01042DcD054305,590318
0x324104FC8f7Ad8eaF255D60BFc62087e718D67C9,590318
0x3245938d5c684301D60275426447a860392072Ec,590318
0x324CbAB9421857456F4c7b361C86a83A549BfEf4,590318
0x324E7b27967b88f711A1cBeC5c01eBf3cA8dafda,590318
0x324c3E30689140CFa862421B86fF57ffb950080a,590318
0x324f35eC3f497cCB794C63C0F5c36DF6c3299c16,590318
0x32500F88e124c9364a159E4056dFA8284FFeC06c,590318
0x3251beD64f7f86664522D50E1000750e138dD727,590318
0x32523051e3409b95cea3C1DD9DeC7353C130d496,590318
0x32536c98f7Fd6b47637452275a2297aBCC4ff6Ee,590318
0x32548949F2ddC32C8d4f1FA8a957db28f962af74,590318
0x325615e8e8F495de34e3E53285116b70EBF7982b,590318
0x325A1026E57c0f44221021D5bB87669aF924dc06,590318
0x325D7E911dDF9787398d4c18bf5E390977811D1f,590318
0x325c08A558ff02F244F31Ba1e87Bf3c1b1C08f45,590318
0x325f3E52bB8529352091a268F60750BA5A978cC4,590318
0x3264c3e28E1ebCce0A81003970d0F4D84985b8dc,590318
0x326EF9FA575A92090d8deA0B1f053aFCA64fb19B,590318
0x326fb0EaB3645763bc7CC027864Ce89269838575,590318
0x3270232073F548f89cC1FAfb0aB5e81F70049774,590318
0x3272cDcdCAb62d34dD9059D0b7CDF5ae650cdb2F,590318
0x32751b71890ef1b879b7A0f393E669621405639d,590318
0x327560c58D0D72177057474D20E46F1b4f99F3a6,590318
0x32797155Ae5344c523AF703FD5aCFc6b34722666,590318
0x32802F989B4348A51DD0E61D23B78BE1a0543469,590318
0x32815ae4dC3ed5b36109BAdEa8fd3e6CbED03D91,590318
0x3281A5a343e82C1442C4D745E3ebaF106ba23E52,590318
0x3282F7dB098af4F9ad9f1D5d4D5145f056085ca4,590318
0x328619E4998F924b225cb2D7C58E4B25190Cb0d8,590318
0x3288F092aE7133061FeDE57e2D0B4A72a580BD5c,590318
0x328C66518bD966DE9E590719D10683217BF9ec8a,590318
0x328Fefbb32fbAdBB4A6f6E821AedF034fd790Ae5,590318
0x3290b7E095E756EE0fa9f51c4087C9F6546eE4fB,590318
0x329175f57049566876491F5e2d5AAfAA46EE418c,590318
0x3293451bEeA4440d8c3ddCb49EB478A7dc567f65,590318
0x3293454f3d76Fc5983B1972B1AD2f4bfEA21ECBf,590318
0x32952286Fad2CaA5BC9ae65F4c901E1e85D21E93,590318
0x3298c1769cF56DADA947f8C029aea848Ef51520e,590318
0x329C787B163a730BD7900DF2BEb3Ff4fe4670375,590318
0x329c54289Ff5D6B7b7daE13592C6B1EDA1543eD4,590318
0x32A3E3d880639e8265ae0125B2779A1404689845,590318
0x32A68c3DEdA70DC2b68aB821e21d32Fcf7E73EE9,590318
0x32B1172E786a31A65b46710Cd946b2521e13ac96,590318
0x32BEf647f8517540b29eeE1d53032DcA32Ca8EEE,590318
0x32Bd4E0F9c66daF84851FdBAC6b2D704C1bD3b96,590318
0x32CEA238011287F98b491472FE775BC0Df181404,590318
0x32CFFc51e9DE4B93Cd61D9209916695f0ac75eC3,590318
0x32Cc2EC897F21a77A704e9a7313af6a640c47BB5,590318
0x32Ce881397D93C2C4Cadec06009Cde41b6347dD0,590318
0x32D099Eb4FCf148B6d04C7E9bA5Af8c1176e7737,590318
0x32Da37652971B7FDc6F0759a261fF22eF7c451e2,590318
0x32DaEB7BeC2894515075fC0c03326B483b57DC98,590318
0x32F067B4ec8476197A09b74F04574a8000A5007f,590318
0x32F106b205Dca31d6A5a604d964A75d092F5624D,590318
0x32F5De0D8F24094C660979Ae34772985a1a8C831,590318
0x32a6f3De4D2610eC943b6c20ac3341b30Dc18d23,590318
0x32a7A6d0B5B065F247BfACa8d7Eda4eDa5D76F02,590318
0x32b27da610fb300bad337689ff33caaaf10d38b5,2666666
0x32baa77886082d65a611e2f5c6d3d26f6e4df89e,8000000
0x32babb97811735400dd1e2fab0b7d93b069c3f40,8000000
0x32c77593cbc92260a2f2357bedaeff35a5e3947d,2666666
0x32cF060FFf42Ed5A31d5c336800529354F93AC1A,590318
0x32cc592e19adf0d73758c2043b37b06225439cc2,2666666
0x32d1e00bdab84846f73c98ba6e7d87d3a9174d89,2666666
0x32d81b31f8674df5F72F99802346dA263C3ffe29,590318
0x32dA221E52a78D783D17891EE4707d3d757107d9,590318
0x32ebb9635f7f1e7efeff07631f83004452810b5e,2666666
0x32f648E5377219b884dFF4330cB8edC06F0b28f1,590318
0x32f8a0db8074fd54b72f0720b70eacd0aa5e1182,2666666
0x33071b949F6a5FfC8Ed3e81c80321C61Bd1A03b7,590318
0x330BAb385492b88CE5BBa93b581ed808b00e6189,590318
0x330Bce303d27Df0eb1b856Da3464278DB1DB1aC5,590318
0x330DBC709Be300B7a57bA0850BA3214d53cf29ee,590318
0x330FAb36b9689aa455f88435Edf8397e04Afa453,590318
0x330a3195703828Fbc96e474d8F06E984F5134F98,590318
0x330f2e1eaa1cedeb0cab8012dad8edbf75f338c8,2666666
0x3310fd13c6C55F054cC128439e1E51Cd0cb16Fed,590318
0x33161A7A118e9d9eA62970ee825CE43603F7e040,590318
0x331703Aa562336169c11777865448BF263Bc52c5,590318
0x3317AD9eDa6942b5a7BE5BA83346C0Ea82C3C26C,590318
0x331E94b8Fd7cbd7D38d012F6591B1607dBBB57dB,590318
0x331FA39A2bd528a6551334c9e9796885eb5211FA,590318
0x331cAc98a8AA8A07feF269c05454CDe0d20b4957,590318
0x331cC2E56C657126f7A986419040838Cf446Eb93,590318
0x3324b0d141cc8f13da3d0653f0011c713f2f1116,23036649
0x3328395ab79a98FEd86EbB4985A8f83b61139899,590318
0x332BF08C9Df1f99b85Af4F79c51f6118e5cFDBD9,590318
0x332C7C85FD5e5Bd06b187FDe8a189758D9239EBd,590318
0x332c19C2ec51195B5Db74c39cBeC234e55CdFa45,590318
0x3330540a7fc4BcB1964B8D93cA18e1f7cBbFc763,590318
0x3330540a7fc4bcb1964b8d93ca18e1f7cbbfc763,2666666
0x3330C8f07E5875FDD1077415bC3b801e8c9c95DB,590318
0x333345727be2Ec482BaF99a25CB1765Cb7B78DE6,590318
0x333601a803CAc32B7D17A38d32c9728A93b422f4,590318
0x3336eDf5a0b51c3B0ffB301e4c39ADac996b9C8B,590318
0x33413DC9A9B73b92a6e1920Cea48C3a27abCD000,590318
0x33442Fd8D257423dB512581c7C272A07Cd2BA089,590318
0x3345447Cc01c6F152Cda2c165185414408a224ED,590318
0x33464524EAf294C306260211c994AE442895670D,590318
0x33494B6c53748D9016d681224811326675aC026a,590318
0x334c036E3125dcB6d93E9b998F6D9D7a1Be4B17f,590318
0x334d080349dA9CFa602442968483B761defA5bF7,590318
0x335b6311ada1a59981cf7a7466ad8d98e4bf520a,2666666
0x335dbf04d05354D470B75220fceA06F56F18F138,590318
0x335f5af787199e6549c93d75fedff56b8225e25f,23036649
0x33662e2a6F52348B8808903d948ad0456Fd57B31,590318
0x336DFaAFb48Fd0F632cd9A7407e2F7075bFac44d,590318
0x336F6BECa25Aed6bc4B4F9E6eF5B3Eb415aEcA67,590318
0x336d4aFD4c1e0B82a2Bb38859C234c54eDF0a983,590318
0x3375ad5113b5A1E9743462F3289c6dC5BC94f811,590318
0x337776c63c3a589F73A3cDE40D76dB2Db5AEd03a,590318
0x33782Fc77170DFbB1f9FbE460A910732f929Bc87,590318
0x337c8F57be536a4848a8b69d3d66199A404B9b4e,590318
0x337ed1521f65fab470024d6dd545e4a57b74703c,25703315
0x337f42df34f2723646c988c5d69851788a582a58,2666666
0x33804cD502a52B7c034339758A9F8189c56b14cE,590318
0x33834fb9352Cdf01616bBCEf760d2B4E5393C986,590318
0x3387c3ced164f7b9711d6fb322493D19d10EA673,590318
0x338E86a4bbC0A37ABFc1E8B3ff217129067a3B3D,590318
0x3392061Fdbdf567e592a4f3C5db47b9D3Bc5d0ED,590318
0x33974aECeCeA60393255Bf93935d9EA2C8dE2179,590318
0x3397d70666d40133dd8a6c3c047583f24fdd61cb,2666666
0x33A90151aF62627fF582c0d039e89E0c0a5Ffe7a,590318
0x33AA8Ef169FEdfBDD3aaA28B131f3795C49197B0,590318
0x33AE939D7732f05281eCa6FfAf18f134dc7250C9,590318
0x33AF381243C5FE2C75E49996bca7EFA55D526319,590318
0x33B33cF285833F0f86CA7359F66B2ea85e8F7868,590318
0x33BD61aF24582C8742264d6A06f876FbA211EF60,590318
0x33C9B035868E5D95eacaAe112546a4F0711CA916,590318
0x33Cf1B32552952d48F3ad8921E008ffcec8306c1,590318
0x33D2C63764B0E62F0208bBA9f4fDA25eC620a197,590318
0x33D3052498215B22808E443A3E373B7b2234D4B3,590318
0x33D72423B6A0fA80832ddFCf123762C27c032c41,590318
0x33Dc7Bdb2eaB44d87fBdc2013448D882a5e54F0c,590318
0x33Dd2467E8b148F0552119B862DAe1115C0C0916,590318
0x33E7de81e865a3F88F277A05EA11c4a3fB8d3C18,590318
0x33EAd28381D360e824AB1f4432e8fBbef9E9fd37,590318
0x33Ed9BbFB2d2F033d250b4acb8EDeB25dC108e2f,590318
0x33F182acD3421766d27DD26c0afad8A516Ed14e7,590318
0x33F19221618359FDBD68245220B1e6d07D2DA12c,590318
0x33F76d9c4828e5B69c43D4D21F2bEdDd6ED4Ab71,590318
0x33a49334287f4200A39bd55094893e90b92f7E54,590318
0x33a54881f1dc304880e15c6a3aa41129a3fbf304,25703315
0x33a5bB1eF05d752A7f8c1987E337b3D8d9c892eB,590318
0x33a8416A68360843E3410bb43B6b5eBeAb00a1eC,590318
0x33b745D712CB2A05859Fc801445dBA3a0e2C9a7C,590318
0x33bdf81BBE735F1c6F5BAbd82c64426Bb5a3a438,590318
0x33c1Ea8502004C3cc59C7E3cEF0dFF7FC4424375,590318
0x33cB0C602d9D2965c5538731bAB28F122988f74E,590318
0x33cc1d8539436EAcBD13d89EDB2636966e33baeC,590318
0x33dD6632ed8a08aE8C6b931eDfCbA8866478cc37,590318
0x33ed5b55cA3344e43De28A3C6F4fF9A44E870e48,590318
0x33fd96D5Cf3598eF1Aa85ed0A1ae52ae7cB3C561,590318
0x3406D95EC0d33418cD8581e286534f28dFCD6950,590318
0x340d0a97d0EdFFDE57c0a08cfeaa8A32C61900Bc,590318
0x341cf35F047202e95cA73Df6FA49E8e69c6bceAc,590318
0x34223719D75CBC336b77cCd8af6B9342bd6Af1cB,590318
0x3424cd7D170949636C300e62674a3DFB7706Fc35,590318
0x3424d2ADb0670a4764899bDcbfFFA3213Fe9fC38,590318
0x342BB8897631e8A280B822c551Dc693C1eFb0104,590318
0x342C6BFA287CE37B8b53Eee0e5B6E6BCBeA98c76,590318
0x342db1AA2Acd7dCd6D4Efa029B35389f2A6cae98,590318
0x343315d1C9a0C631E15B9A71e1D9603e798fEE92,590318
0x343441ef077dBB5510207D1bBb513F2390963140,590318
0x3437694f29B20E0005f3D094138beB31917b2Ce3,590318
0x343792A12d2aFfC4CEfD876db360109c2a909363,590318
0x34389a1cea6513641699ce33f570032e9265967c,2666666
0x343b12a3e3fbd3c789d3b2e56ca7fde146a80e49,2666666
0x344222747BAee696e8B4c5baB792950ECA9b79CB,590318
0x34462ba25B0b8F2Bc2A6450f935D3B97BEF3d78a,590318
0x3446A639928b77dCF390A556A3F51d3E77Be5AdB,590318
0x3447d0a8e80f7C1fFeAdb3E5Ec0e18e25cfE332B,590318
0x344E18f4D57a32F7Aa7BE6Ccaa34D0d9bbFeeeE7,590318
0x344d9C4f488bb5519D390304457D64034618145C,590318
0x344def65b3cc15bab1124627e46d22561c014e3b,2666666
0x3450361F488044562BAeAE05346AEd5f9d47B168,590318
0x345359af77917C494F4282F389b534d64e1Cb323,590318
0x3454686e7ef12904d20b32a57222572d196c662c,23036649
0x3456cb6040793b5D756971974B7fA8C58F69F409,590318
0x345EABC255C5472f6cAb21bF851738EAaFa138C9,590318
0x3465f47aDE915618370976ff2c2aE323a1c9eAB3,590318
0x3466D298AD947500Ef88020855f52628A5f050Ce,590318
0x347125aB96E098a9ff7e26405A75Aa227E119c15,590318
0x3473614a9f42F50DC6e93f35a68ccaBb46a0b1c9,590318
0x3475376d8f8824fB142182bf5D7Cc3a67d5Ec0AE,590318
0x34753a6dfeD8ED2B657Cf87755a3AEC25Ca51FBa,590318
0x3484a6a12409902379db26c9b56d52592ae25727,23036649
0x348c6A77FD9715aD6747a2CFA8b6b35E87361A84,590318
0x348d4AAB6A6C79215AA1B5e4da139C60D149082B,590318
0x348e6f0e7Ba625Af1a7eCd305b6C6DF77FCac890,590318
0x3492765D83764138F43Ae6f542c05e1EeaF87aFd,590318
0x3493B09f25e4c9508478Ce3862B63e5Ed1033cD8,590318
0x3494fa0Ef5d7fbF66C719eE8333882bA9A87D4CB,590318
0x349A01774f22f51ffD46270b48F1FDC85ac9131f,590318
0x349C2164d1600ce023B2C0BD83f59a98D6d6aBcb,590318
0x349DDfe479BfC70F6E03eF8d44D5fb565692ef19,590318
0x34B316FDA61F02732B7E657EDD8f3edBa7789426,590318
0x34B5e3B8465e0A4b40b4D0819C1eB6c38E160b33,590318
0x34B68E1b1a0804cae3508A0f8Fce14d4f10fA1F2,590318
0x34BF6dfc611FED67e4Be44fC4483756a7b2445d0,590318
0x34BaA874c89ee4C6de4a83a44D9E1cc9f0e80883,590318
0x34C226Bb299999d4D3Fb50237763240ea68F3220,590318
0x34C3A5ea06a3A67229fb21a7043243B0eB3e853f,590318
0x34D993aC25c76431f142fAfbDFda8f433bc5E3CF,590318
0x34E2cB7513A50b19f450a067ed5230A86c13A2E9,590318
0x34E7693275b6b3f0687626018aDF7E208236C6df,590318
0x34Ee2E826d3c6701DF3B081D84c282C11C5eB4Fc,590318
0x34F9Ed5c4AC763Bf8fE32AAf2E68cF93fE383820,590318
0x34Fd5C719D068e4015b8eDCB77Dd2F0d7eb8109A,590318
0x34a2b46287930b6902c433701c79a96e5c9fde27,8000000
0x34a2b8e4D8243D5E009B261546991e9a9Cd55A0B,590318
0x34aA3F359A9D614239015126635CE7732c18fDF3,590318
0x34aD3f00C4ABbE169EC1203Be34de622671381af,590318
0x34ab7aa3d6e509ed148241466a83e58cb2bd955a,2666666
0x34b40276616Bc69417b633C7D82249a61d9d93f0,590318
0x34bbf3b83F82342F16AC3C5d7D3256F9BE9441bc,590318
0x34c2d388d8c2b233e768b864d75597f886a97bdc,2666666
0x34d30F582De1DB750Ac530a0dD55EbeD802b9c53,590318
0x34db35639EAfe2712aE1F69dfa298b06a5c25053,590318
0x34e92fbb2dFEaDb661E99F1d4BcCcB7B3D51Ec63,590318
0x34eb2c95cca23ebf54f5408052c91ba386d35f4c,2666666
0x34f2cfF38EDbf0Aa5be5967A231622a4A0a6Be32,590318
0x34f59297AD78A54eD80f4EBeAa7bdb250221Ba5c,590318
0x34f7126f385c2681478f1fafa8f7cb5d57b062e1,23036649
0x34f93F79433AAE256FF9f7A0348eD214482dF7c6,590318
0x350E33A777d510616fbdB483D1DE3b50D1EdfCFB,590318
0x350Edfd377C3546aF36b706E6b215f856C0441E9,590318
0x3511748c00b6B2dD9f77c1141ceC9C0BD7ADA5bE,590318
0x3511d7ea1878e19A15ad86b93cEFB8Bd57bFDE98,590318
0x35147a0b0d14fe6427fe505ac059f656176f0992,2666666
0x35197B4C2cdbF26b874E8d66e6755bf3FE9c1A55,590318
0x3519eE4d387150F230BaCa90f5C50E9d296164c6,590318
0x351E0db8bDE58C73CB2F168Fed7fA5B65Bde7f2f,590318
0x352bc01ec3f0253dd0293e3687c19f9024970a0b,2666666
0x352bc0714883edAAE33F279B1920C4aAa59C1f15,590318
0x352bcd3c7c0b031C2E17fc9AD60B201810CB3673,590318
0x352dEb23Bebae8B4c57D0AE341d9C1951Fd8425a,590318
0x353817aEb21aB146442BD667187D1138071BB0d8,590318
0x35392bfae62E84E68B5B0a00b0C71fe0b870b4C7,590318
0x353D1aF0fA732F6230Ff4ab0eB2a6A3Dcf4C54F2,590318
0x353dCB0eFeBC0A1d5d69988e22d8b55bf429d0d0,590318
0x3546BD99767246C358ff1497f1580C8365b25AC8,590318
0x354a245e5f40e06695e10be32462d6b51e44c92a,2666666
0x354d4D759c49094f60D537bfD7177c05b70c20cC,590318
0x354e948776a257e43a938721793add4da774ab41,2666666
0x35508f0BbB1d02F2FbBeaF6219379dD8aD8E7D92,590318
0x35543B959764c627fFa95C684c4cd5eeE552bA7B,590318
0x355501106d9ac2699D6edf8876Ee8A7CC1e60ee8,590318
0x35554e84d1431707052B9347310d3ABF1c751148,590318
0x3559C49769a3704A913646B4B48E706B27801b45,590318
0x355A7A030a70b0475d7D7C9F74de1Bb2481700AB,590318
0x355CaF20F9fce32b6D87a8fCC127C75F750C9288,590318
0x355EbdB6EbbDE80694f489594592fba0e811B23A,590318
0x355b160080bd07B94967d096C7D2494287A3DDe3,590318
0x355b93498762dA5eBC0d009f20B3287748B1dB01,590318
0x355e73E12AD876603e5314E0A54bDBcFB96bC5ba,590318
0x3562284915C74A8cAa56a0edc656f8a538d6CE68,590318
0x35641673A0Ce64F644Ad2f395be19668A06A5616,590318
0x3564e7578Dff945d69f3eC326867F0797729f761,590318
0x3569e3ce96AB8f98afeD25BF98D91fE86B5aB46D,590318
0x356A61A2fBDECae55E609549c173939Bb6009837,590318
0x356fD34E332d394394f9882aA038048441c0D30d,590318
0x356fd34e332d394394f9882aa038048441c0d30d,23036649
0x357081E3ffa171740d648010b2578dc95c84cCCC,590318
0x3573bc8a1f3bed9315841e7930a8b70ed6e275f5,2666666
0x357604057f1D23dEbc705d7cbd1F7EE28Eaa8e6D,590318
0x3577D031B6b4C68CF6C471e44bcA0f34e33945E7,590318
0x357EE6F4c002B857fCCba0F8d2E271e5A6A44C75,590318
0x357a504228e1C671f064D9346c18Adc3A31bF9ED,590318
0x359136586a3040D64fE08E42Eb755D960cBc607f,590318
0x359457bd4fcc8e2a24c170617ac2018e856a06d5,2666666
0x35951eb3f8b4ee0bc917d7b8cc117344f828ad5a,2666666
0x35953559e17b098c87df40FaF9af63fdE9e13957,590318
0x3599238214282b055E77409D0A5A7b5a66F7C2bE,590318
0x3599238214282b055e77409d0a5a7b5a66f7c2be,31036649
0x35B5D0398429785E5071560252e8a33d0Bd57248,590318
0x35Bbf64E77BE6a966449e76570f1F8D757816802,590318
0x35C8dF252b441F65561ea96181Ac8c1130Db88BB,590318
0x35Ca14EdabB3Cc0D3fA01808Dd9AB5deeB59b63a,590318
0x35D5f91Caf932d4CDD2713Add6755A79D461c110,590318
0x35D8374F6eA7aaf8f07F7eE948c420525e194Cc4,590318
0x35DC0E1F6C222C98Ae436933Df60bfF72dAcC772,590318
0x35E889B5f4C731A867C40FbbFB8ea51d44970bCb,590318
0x35F0686c63F50707Ea3b5baCe186938E4E19f03a,590318
0x35F13dC71426d4A429cf8baD69C4b39aBbBF9896,590318
0x35F448644c86DbDa241ecb57F18a15c80F35a066,590318
0x35F95dDec37A8b6FAA795B143cbcF233D468f66F,590318
0x35a0632ae8A39Ba43922ABF5bBF3076380f87f86,590318
0x35a0e2776349c82407B0d70D7Cb3cC5Ceb31778D,590318
0x35a129234d48959514DEd8F8A6446F7F78db8F7e,590318
0x35a9559e5607Dc20fdA94f51B824458684616009,590318
0x35aaf89cd6f79d08aaaf4c62c69a9c5ffce7755c,23036649
0x35ab1AFc869D33F91747e6c874f298A582949380,590318
0x35aebb6fbef071897961a8dcf0913338caa481fd,2666666
0x35af1b71f5b2b38b3ee605737e5541604b352fb7,2666666
0x35b2095a0d31516aCd5327218c4979be4B4a2207,590318
0x35b27B6Fc827De934Fd3E755BcCc0Db5a42e002d,590318
0x35b4067685CD79270a23030610a235093EB2E691,590318
0x35c5c3089fed99164cbe3160eac4fbb7c0698cba,8000000
0x35cEFC5dC7E4Fd99c850C0650bf9DEcb6c74040e,590318
0x35e1daaE419658122E9A5B6A6D7Add923F4681Dd,590318
0x35e3564C86Bc0b5548a3BE3A9a1E71eB1455FaD2,590318
0x35e3a5f9a59a441f5b87416ed68eb99753e59171,2666666
0x35eaAdD5d930F911c56B28Beeb4F0Acf595464a1,590318
0x35f04D3317461d89E0f10B72784a5Dd5E273Ab0e,590318
0x35f4b8E136FC49E76c7dF935063ECd1bba018CB5,590318
0x35f7e6084b50cad48cfd430bc6928ab91675cc12,2666666
0x35fFC49E7FEFC188dFf81dB3c717dB098294BC23,590318
0x35fb31F1eCc50e2fCA559E53b6E7AF2bDDfE94cb,590318
0x35fc8baC1cd7c49A448c60564f1Bf5F80D082597,590318
0x35ffdB86053ABBc8767ce42Ad5418108D74B4dCC,590318
0x3602034f20Deb45E7e48A40C26315d4A29271787,590318
0x36020Da76371a4fE3855BceC10dDa246Cd35C076,590318
0x36078248180E814FDb2b6304D427F6a76E4C8542,590318
0x360a71e9bD598dDA7414ACcf58D9C338E9732754,590318
0x360cEBaC3453204D44032d4E4d2c9896DE48a85c,590318
0x360dFb330a5Dc0664fB44D0e6d067115a1Ac7C68,590318
0x360f41d1a2f859d6952c04244fa7664c8a8a608d,23036649
0x360f9f42411b3355BC448a28F1b399f2718a9363,590318
0x361068e125c960FA87C0ACaE05242e99c361f3f2,590318
0x36109a141917f69A62eaD4F9E9fa72C34f35C90D,590318
0x36125234DD6c7D0A01dcadC67E79e061D405098e,590318
0x3614c0eC623326587EfE85d069Fb4f99C86F9526,590318
0x3619EcCD54132bB19E8c7a743bB127a80E2621dA,590318
0x361cD10bD9Fe557d55938ed81C7EB869bba97E65,590318
0x36204Da6D426C94e831CC98c503327Bc8B3aE5d3,590318
0x36272dedf9b8ce29103bb6d618f14088e27d8612,25703315
0x362A04BA0138eA4C4B56bdf3c2639283F275eE63,590318
0x362B086c7551fF2c16868Fd77ac5aC717fb1a80F,590318
0x362b35A1457A227116Eb2Bbed9bcfc9a190BB848,590318
0x362f3b0ae5d7c1bf972dd1b0211d357b1c9f303a,2666666
0x3630220f243288E3EAC4C5676fC191CFf5756431,590318
0x3637a2281143Df6d0aD8CF2bBcFd6A48A0BDF497,590318
0x36399c00032B61fEba19d7C54b49b182d1e4e660,590318
0x363D1Bc97415b2F12eA731dF20d480d3C0D80B9e,590318
0x363ad18d8f7f000b60151517eae42457cf88060e,2666666
0x363fa1a6A063701bAba5ba34689973C23fE52915,590318
0x364037602eEa85DcCa708FEB41b3294f0cB27516,590318
0x36442bDa6780c95113D7c38Dd17cdD94bE611dE8,590318
0x364861b7330FC7d07438150bb04950c7594E912a,590318
0x364F107fc66019e2198729f0F4677805C22c3c4F,590318
0x364b4fa7b6903925a01A96E56Eba493739fD1D3A,590318
0x364e2aEa672a791eB516999f16F510B92699A98C,590318
0x365132e4eB79a6a6A29f062deB8F05BfF92D5Ffb,590318
0x365214f22f477Da3dF5Ce6277e7dc02f3f393FB2,590318
0x36571f2519eef79d7d7fc57420ec0c0d77338b1a,8000000
0x3657C5f86847D4A5219E089206c913E4CB00B618,590318
0x365A927190cF9CDB049F387aCf11b7f99f811496,590318
0x365b469b8B7b2Ef372fc1c80fa9c0e6a0145a78a,590318
0x365c817c649d19083F3849f61b61238eEE670F6a,590318
0x36600f4B7eB07Cd40E431C66B5659619fd85D842,590318
0x366230Ddd31644d8211742e0C153620eA2fEEaE2,590318
0x366410fB1bE1d5c620072872d5EAdBbF8765C5e5,590318
0x36673685c7f593c0a94B4d6f7fEe4e58BCAcA75E,590318
0x3668b5b07EB210452e8FBe6c9691CDc38Fc54640,590318
0x366Fb63c0e3F799cc3cCFB854f10C6EF6DA27264,590318
0x366fb63c0e3f799cc3ccfb854f10c6ef6da27264,2666666
0x3673C3d196bC7B1AE5893cfcaAaA0Ca20f031ACE,590318
0x367729c129308e19351995732e05d1237324af69,8000000
0x367907efb4f8aaaab11cd50dcbbde86d601573fa,2666666
0x367A2616CCDd4457C74ebf6D97674f1EFF3E11F1,590318
0x367F96E0D84dfCAe22109C4c7BF84c225EcB7D85,590318
0x367e2FA305C9b4BDb9B9De71190fdB54385B0123,590318
0x367efb7f5248247f02bf579f9d47ee01423ddcf0,25703315
0x3680684f5f50DDc0Ac042fF074cE44927E245960,590318
0x368077689b1473c1Ef298e7380630b93EFDc3e52,590318
0x3688355e18b077C01503d9736009874C271c2077,590318
0x368993CCaAC83C863A42569420682Df14d8fec4A,590318
0x368Da96264556c9ae6C4a07A20dF74B12E2d26d6,590318
0x3695f8f69f9FA407e96f9435032B80F55625cA88,590318
0x36972A6702aE24B9D3bBBC745E1E276969A62b07,590318
0x369DB4c69319E1ca009FdfeA6d172A88210dbf05,590318
0x369E32aed1Dc5c33C85ab20977fB645A803E4A70,590318
0x369c4505dc33cA6e4d899B92B70d3a43B812353e,590318
0x369eEe82528BE03BbcaBfd075C2eeafA6b4C0834,590318
0x369fdcAC2F118EF66238D35a00D3D4F4A758e782,590318
0x36A08F03173E4D4f0bbDA752D41ff805C16e5df3,590318
0x36A391B00c70e11F88Fd2F20dC5701Dd54B837e6,590318
0x36AB3c6d200C068076a56252B2b3F731112Da862,590318
0x36B624180e8b8b10A120D9f543b134d7B312E371,590318
0x36B6B0094D2702Ef099cE44402d2017D944f5B6E,590318
0x36C2a85887281f78ab62e76B5B57F711AD1fcBE1,590318
0x36C33b3fde74c9E911A76C21D4AD5f315a352eF1,590318
0x36D68B45DBcB4a65A78439537eBDcd2f183D75a7,590318
0x36D8c4649A817205ce5177a39C933158A4185829,590318
0x36Df0bebd4b879161E521CFe91D6F777C2840649,590318
0x36F0dfd5677eD2C46cDF942aeb719efEc5DddCE3,590318
0x36F24A635BbFC45Dd2934F4176326eC36c9FD4bA,590318
0x36a05B51CB2d3C273cE76B75B56d991E9A512A10,590318
0x36a6c7202fda233b3f563af077957381e8a421c4,2666666
0x36aB75710650754c32e4850D2ad050849EBb5899,590318
0x36b2040ae5a8Ed4043F2AF1c574ec9E19a1393dC,590318
0x36b21875C35465F45D181A247f38a4dC0A1bf400,590318
0x36b635733c064175985f84E6Cf0b1F15D878c50F,590318
0x36b9b6bb85F18dC078b0240a08d33dca0DA0ca1e,590318
0x36bCf2d47d364BCcBF36Da066e6605FC96F9C734,590318
0x36beE12dA47327c0546eAa4C5487E0077DD166DA,590318
0x36c380c445e49159958295c2c219ce9b3ac2ac48,2666666
0x36d65698f9b7d591e95592fbeac94259b2c510fe,23036649
0x36de990133D36d7E3DF9a820aA3eDE5a2320De71,590318
0x36e4d533939a29a757a622e108cb8addf1ac0e28,2666666
0x36e74f8376837dD8e10e0F4aDb2d7ffDe48281Bc,590318
0x36eE31E85fB7Ca47f05588bfD209BFdc05BCfB5f,590318
0x36f4E1803f6fF34562dB567f347dea00DeC87246,590318
0x3702205145fAC0FB99A9b8bc61e33486C126f155,590318
0x370282a31323b8113852480c5e4e4be5710650f3,2666666
0x37041eC29c9c687bc9cbf1eD5b324abCf6078fcd,590318
0x3705121529BF40d77e8e7b625120551b151D9AF2,590318
0x371c62b7C814cBfE6147d6E20DDFC46364A8ecF9,590318
0x371cbd32b0aa149336ce619edc8aa79423279af6,2666666
0x3722a8b1E2674FbBA7081C84E39A5cE738B8159D,590318
0x3723D733e5a6B6B9f8ee2a10C847434b5B863006,590318
0x3728f09AC3167452e7Cce754b89Be93Be4131f64,590318
0x372928875996bD6aE2f9aa62Ab92a44Af8271c31,590318
0x372E35c91aADde00627Dc7E5F72Bf93C36a98730,590318
0x3730253c8417e4eF938a3B50c6e59320FdCff47E,590318
0x37316f98F889255E68F4bEc9d5941f5fA7A0502E,590318
0x373418C5B99885cE346EF2b1745c855Dd129AA84,590318
0x3737Ba27D31aC2510C5a9cCfaB0FCfed07027C43,590318
0x373f62a982D86eE854059801Ed40dc76Dcad6290,590318
0x3740D2847C4dd291B253e7CF8A078125D4291dCF,590318
0x3740e98a80bfaf03c75fe9c9130c350fa07736f8,8000000
0x37428832Cc1546Aea4BC72948D739b08677D7739,590318
0x37483a852a0B8C2Cd840b946fbF4Fc8E3d6D6Fb3,590318
0x374F6bdb86D884005039Ce67dCe266C4E82Cd33f,590318
0x374de3e2612cdf1836a5c66dabcffbc95190e1dc,23036649
0x3750c9463105Cd8990239747D44Cb2D9cFFB4eEc,590318
0x375525850dbFA27dde30A07551aC8C359206b958,590318
0x3762da42abf1796b18dfb6b6395bb88a364f1a6d,23036649
0x3763E7590F6B41cb2081735B324cF0109860baFE,590318
0x37642f150b392cCbadBa784e7941e58Cb109B639,590318
0x3765240be64aF984bC5bB3B6A2988e431d668f6B,590318
0x376D5C3a16E9d015e8C584bB2d278E25F0ccb27B,590318
0x376bbF2235621baBe418118fe1c060fC08564F29,590318
0x3771B4EEB6bC69309496A997ea42793D6A016A00,590318
0x377de34c3d6528a1aAD508ce809aEd122B804a47,590318
0x377de34c3d6528a1aad508ce809aed122b804a47,2666666
0x378585dAE3bEE3d8305c1a6553F6b8afB4E16cfF,590318
0x37867ef981952aCDCa32ACD8C2C3b32CD8cF1f9A,590318
0x378df3842c199Fd1cA2FF02D0bA7102216aa619A,590318
0x3791e4a735D6B955E2d082ebe182815D182f3D58,590318
0x3792B5AbE0aa69BD81341d1453f6fBd064C4ea64,590318
0x3795cBc452e9716aB25e7Aa66850D3c898Ce9248,590318
0x3799A5F6EC2C7a21915DE3Cd1381Dc7ae75a82A4,590318
0x379Bd4e7508953521a9E3485Aa021aE4D4a5A016,590318
0x37A6156e4a6E8B60b2415AF040546cF5e91699bd,590318
0x37BcB5FbB19EBADd00cF4C2dcFcf14737EedBe40,590318
0x37EEA66A249967823BC0a84868bB0d55BC89E0E8,590318
0x37F6eD2b719Df3DBDE9ac6B4BeDA63f3944c7B95,590318
0x37Fe4527FafCEaEDEA642797776291B093d80855,590318
0x37Ff1E186235D763A4D617E64Ea36e75B3D7F4Bd,590318
0x37a45AdBb275d5d3F8100f4cF16977cd4B0f9Fb7,590318
0x37aC09e1640577e1D71E3787297A56b58f88F0F2,590318
0x37afb9f9d96ad1efee5b35e1c85e17d668753448,25703315
0x37b4ef5911e15124f4cb632cb3250ca9d99a8653,25703315
0x37c56D69c62940037D05Cb5618eAE151041B0267,590318
0x37cB215854943CbF11c61a12cE2cB56767E615A8,590318
0x37cc76bBF9F38C857a396c1a096b7d86BAeb67C5,590318
0x37d0371D17e5E587B236504515A4bAabC08da619,590318
0x37d2636b58a98c4b09e08f7ddff441040e05c690,25703315
0x37dFa0c2b99452FbA32ac3380A0f2A1eeA40010A,590318
0x37fe4527fafceaedea642797776291b093d80855,23036649
0x38050E305379B6cbEBF96eC6D3f4a5D509e1dFa4,590318
0x3805E651152EE95af0aD8eCE2a00BD5513fCCAaC,590318
0x380fc59a9d441180b2ED7C19f4d6C346cc159465,590318
0x38170621B593Ce5dB9fc0F0D8754a41FB9bE90Db,590318
0x38182c26cC5c3CACd976ab4Ace4Cd4245E7c201C,590318
0x381FB95a4Fa5E83367773Bd512eD088210626F10,590318
0x381d7c84bc127a19cc9fc5d273b38907a90706bf,23036649
0x3822881D61803AF91a95847ad20B1bF20A5671B2,590318
0x3825711b1e98f28C8830fd32551B6D0885b48f81,590318
0x3828162ec9c86A4466Fd55F4870028fBAE66C4cB,590318
0x3837dCc83fdfb8ecee7F019B7BE3B0A9C3fAd4ab,590318
0x3839AcF1ee7699D1F46b1BE840D8aD8317FDf757,590318
0x383F42b5De515C564641f65f5da3BD8b4a35B4B4,590318
0x383bd39cefaff04cddc9eb4d56f9face1d9b3983,23036649
0x383c8221dAb3D7e1f21bf86a9381C6885a3BAeb9,590318
0x38430336153468dcf36Af5cea7D6bc472425633A,590318
0x3843d837483767c20A19Cb8B0defA25C3D160E45,590318
0x38474fAB5FBcc6338aE741f4aedd6A9F568859eE,590318
0x3849c67Aa2Cc43107775B94924744E5cEc02AE6d,590318
0x384e343ffff257835b891bdb821a5e9ca24fcbac,2666666
0x3856f28704585812BbB172e512bDB3e009376631,590318
0x385be0923827fd3718f30467efa12a00417337f7,2666666
0x3860E976e5AE776582D21f499107a929F475a146,590318
0x38656a9F3c524BFb9bAb025187466ef0eae1A110,590318
0x38680eda968a7e71c4e1714c372a3d4c2c083ba5,2666666
0x38715423fc9b63d9a01dd97e17533c1006c0cf8e,2666666
0x3871874078879120BD30e6a92ee5b1eD8a9C05a2,590318
0x387Efe93CE7069EC471c89E65920B914E62E580E,590318
0x387a161C6b25aA854100aBaED39274e51aaffffd,590318
0x387bf69ef84068466f1e1972c45e57c25f90c135,23036649
0x38809BFd57d805A29edBb878449bdAAcD6bE1998,590318
0x3885D32B8F7B97461dff2D104f85F76AA8C59408,590318
0x389111fb285de1653dda75c07b8242e32e4778f3,23036649
0x389581Eceb988b1B88FDeeA96b22dCE0C8890BBc,590318
0x3895d155B005191686476A39580D43258a518e46,590318
0x3897B2A1319b42b7374A0DF5d0C28FC011Ed4Fe1,590318
0x3898E9A8be3b1fCBCCb3BDfEA98E9bB06699360d,590318
0x389a0ba726B0B93a5aE9D11F09e3A0386ADAb081,590318
0x38A10AE5dbf4759e4025d491a8F54102B2B1470c,590318
0x38A69EbbFb26BecB4A39154A176896086eEf8622,590318
0x38A9876765568A69ABb2a80cd1e3a9b700CCA42f,590318
0x38AffeB0A4b4ffb72c286Cab8D9aC6F10Dd701b8,590318
0x38B2bAC6431604dFfEc17a1E6Adc649a9Ea0eFba,590318
0x38B4b297B3d298032fC3b7709129044013f845CF,590318
0x38B86C4D8905Df7339709bD6d23cCf9d1Fd387Ca,590318
0x38C754b73cEae7677E548886163D6bCAcB0955D8,590318
0x38CC5af074427048140F1a209e63362b7116d11C,590318
0x38D2dFC2F67Ce4a9dAEfE6C2F2E3882042f5E439,590318
0x38DB35362A195b3bb74619F3b790Aa47Ec8Ad482,590318
0x38EB8A50C7010D2C33ab24DD613C4E174c8F3b30,590318
0x38EED3CCeED88f380E436eb21811250797c453C5,590318
0x38EeEE83A388Ef859db0E8BffECceA11189C02e2,590318
0x38F1DfdcaF2F0d70c29D4AF6a4AA9E920efe8B18,590318
0x38FAa24AD93D9D8B13f2a45a7BA5183772B21b83,590318
0x38a3f6F7A05C578CE64F2FE7A11a36e7c8FDcF27,590318
0x38a8A6F5550b863f686763097994cC2a3438066D,590318
0x38afAEdb78E2A0018860b06FE231292184CA14c3,590318
0x38b70B22ea09e704E1C361Fd6685e48BD8FE83b7,590318
0x38c1B2d0C65cE39f94A332D2FA8e3A672D43C651,590318
0x38caB62C449CFCD6e93Ddc0f637383e4e4323911,590318
0x38cd808be77b1a61973E7202A8e1b96e98CF315b,590318
0x38dAEa6f17E4308b0Da9647dB9ca6D84a3A7E195,590318
0x38e0b926934cf335f6ae1861367bf50d7739b912,23036649
0x38e481367E0c50f4166AD2A1C9fde0E3c662CFBa,590318
0x38fD96cF051f7F7dE0055F1852039575eB78FD9C,590318
0x38fa128C4D3B4f686586d008785A7120e2F38Ea9,590318
0x38fa7677851e2eb5d65d0ff1650798fe6caa9f4a,2666666
0x3900b3eE0772f877bCDaFEE046482019cF4433f9,590318
0x3904218Fc55e3bf3361d286BB5072BCADD731C6E,590318
0x3904577221D0B097a1AE5074d7A575cA8A1Dcf84,590318
0x39063011ddd3789a0a1424b72c8ee36b832bb5e5,23036649
0x390ae238140bec667967119fb96c9d2615f43852,23036649
0x390fC2A93d5244E4017Cc0bef710708eFb65bfDc,590318
0x3910e92860ae7eD4366b11Cd7e0F99B7412AdF3b,590318
0x39153BE9d5b22A2D52aE958911cc5a1CdC135C6B,590318
0x39163F4C3072E8302B5e44631C3b9C41b3f9798F,590318
0x3917FbAdBc6015CF6Ebb39efcDf3a8CCf3A231e3,590318
0x39183cd265F50Af7533eC058A4c807CA9bB6D10a,590318
0x391B3DD314563Bd3642048Efd5a4854C547Ca138,590318
0x391d1E828f82c9BCEb85b37f66339AAfE45Fd799,590318
0x391e81fbF894b08ee56Ec2DFE3D545A248a462D8,590318
0x3922620c56DDb8d5Aa4927f6C1373bc04dBbD10a,590318
0x39244E8797EA71843e97Bc23CD5139A24E3980B7,590318
0x39268c44924590ADAB68ee95b528390ed071BA93,590318
0x3928fa28ab3456b9b74e04156a0327bcb6b14d56,23036649
0x392b5c113044dca963102cae5cddf681c85dcfc4,2666666
0x392cB541e344Bc7E2BD3616Dd8465b3E34156383,590318
0x392e62398244503082662adF7D4E616158205480,590318
0x393DA378Ac393D5de0714Ee11aa5Fe44c425dd6b,590318
0x393f09D5f02a36d76E9affAE63E87d78f4abc6cA,590318
0x393fF6337611cD55710e5057e6a73e13C6E32A3f,590318
0x394495a3800D1504b5686D398836BaEFEBd0C5B7,590318
0x394591A89cb9e453ff92f37c839452Cc69097B3a,590318
0x394767bce8052f6b0992ed96d3f195eeb09f3738,2666666
0x3947C13f34e4873024EfFBa8f1D84fabb9CFB673,590318
0x394C82976a57c4309138c072149Ee57Aea16560b,590318
0x394FF06C1654195b6B8815F9dd027a1635Ad19b8,590318
0x39528b25e163ac153f471018ac16a925d2f31dca,2666666
0x3955Da5E76a48C0b38Ed7828484223Ae83A0e623,590318
0x3955fd0f4645ecA2CF56BddE250AFdC3Ce991300,590318
0x39597e64A5CA28BBE86F95d44Ced164a059c7c17,590318
0x395Addfe4FDE5E4768B7eda2096677fbB846f134,590318
0x395E84161cc607dA617b29aC8290d54A7A34Bc71,590318
0x395beA4Cd780eeeC617A9FA9A194b07f9285A43B,590318
0x39652fE7C151AA0F27932855DfA77aeD1D9b8626,590318
0x39682ACD082B7e617F26b6c2216C19068262aFd6,590318
0x396892771352cb426804e7117d58e8e72b7baa22,23036649
0x396F0e55fA33513441d556f84a6eA5c6Fd7d217B,590318
0x396e975E5d76a56007023dA87b2586a0d9006b55,590318
0x39786c76037037fa6ad759780e501b65fc8b5b66,2666666
0x397CbAd116Eb6a9621a5B1157a643B1fE1f85dfC,590318
0x397e6c4eCc9bC77bf2f271d2F57927c9Ae9D9F21,590318
0x3988dFf5d29499038c5d5124a770C6557C2C146a,590318
0x398955A245e022Fbdf46EFede6dF42B685399C8F,590318
0x398A69412D79D46500C6D4DdC02D5D3d388688E8,590318
0x398E1FF63d2C1c009c4871c1175e443236E19e60,590318
0x398Fe716D8c35F010B47CE9CA6A3898880d13e88,590318
0x398b0c899aEADEA4D1A64c15f71C7fC4bD712D7e,590318
0x398de7E1CcB6e36A5401EB8D8E3934403DA47111,590318
0x398e8EA0c94C45A4Eb3bbf3C6732EE3390a87Cd7,590318
0x398e8ea0c94c45a4eb3bbf3c6732ee3390a87cd7,8000000
0x39929D8F6172682FaC002895194B7550ecDb8235,590318
0x3993AB7a19b7908E73Ac8E9BeC15430C256fccb3,590318
0x399a0AB358Cd880b7DF71896CdC8Cc233ec1134A,590318
0x399a0ab358cd880b7df71896cdc8cc233ec1134a,8000000
0x39AAca8f399C6ECA87Ee5cc14C485944cc46A8D5,590318
0x39AdaaEcf563b61b450638d530BF111C6eB42e40,590318
0x39BBA3C54A3412127BDfb0F218EFEA52B5d28300,590318
0x39C89bd66C82b09B1CAF0d45f2e885337C9e7e1A,590318
0x39Cb1Ce1CF84A22B0478dC3E702E5b2A9C590f94,590318
0x39Cc55706331C6bc9aCEC0dd1f3D3aB27941576c,590318
0x39D0CF77eE730fE4DA7131e87E481cadd6204a66,590318
0x39DE56518e136d472Ef9645e7D6E1F7c6C8Ed37b,590318
0x39EE3EabE3138d5354d376A5287ba5bC57e32b52,590318
0x39EecD968FB77D53D3A41C94e65791C29792faeF,590318
0x39FdBe9AC32D9eD3e7aD95E85190ed315552D7A8,590318
0x39a04Dd9E4FFDaeCFEEf5B1015b48E5C1E145445,590318
0x39a2140F68937B417e71FacE6e24De7016a51B1e,590318
0x39a8e0562af3fcF8F47783Be252aC62877F9E96f,590318
0x39ad904204CB3D52cE68E79594D56EE95c1075b5,590318
0x39b8703d7a68ab53df0267a695837ae7398696e0,2666666
0x39c74db3de29ecfcce28e63a5aa5097a3341cdfc,2666666
0x39c812062b58fbd872e827f829702d179c8b7a53,23036649
0x39cffB780937E9ff7a7E287a8625b4A431158AB3,590318
0x39d1da8e81fde938217df18f2e1f014f9fb18872,23036649
0x39d95B4B2450beEA8bef5c70fCf9B57A1A02EDae,590318
0x39d95b4b2450beea8bef5c70fcf9b57a1a02edae,25703315
0x39e66283895822103a56192a9d46a1748f8a3300,2666666
0x39eBbA0b14518E53bDF8D36FD71e2CB1C54640e3,590318
0x39eF97D1563Ba37B97C7DD439005442aB56997bf,590318
0x39f5cc2eB5493bdaB6F6bB36301AE3cD1aD7beC4,590318
0x39f61018f45cE9729Bfae64D67b22B1957Aa0579,590318
0x39f6fFDfDb0fe28D4444cf156BD33A355e600FC0,590318
0x3A00A51293aD5A16641352ea1D4cC4155502A16a,590318
0x3A0B6F379595BF4dAC08AaD904CA9aD3B6d7c930,590318
0x3A26D11A8883Df7518a968Ee20a27F9E2bb48784,590318
0x3A27A89D203FDD6f241c43B4CcC667dFF10f32A6,590318
0x3A280c60Ab0A6864Ed321cf1ACFDFA83b38f3357,590318
0x3A2B51927dEcF6AeE3D076e9bB80F258630C46dD,590318
0x3A3eF3274583F6233DF1b75129d26d06dE9aABF3,590318
0x3A552A8FF2f757b8Dc65702eA2d1BB7E4bD45d49,590318
0x3A5e2485Fa5b79885526F5b85dE709aA5a2A7dF1,590318
0x3A63530C509effC03e15b8e76afff6D2E546aB6c,590318
0x3A65eC820722905D65262B0A8feB7359Bc1E7516,590318
0x3A6De8266241991a94c1648e3BEc79cc06F0f38f,590318
0x3A840a9EF68Ed6fCdc309C1564Bc3cCaf51Dbd82,590318
0x3A867e4b721c3334297A2B7249CD6c2eBC35B071,590318
0x3A8eCd4130eaB37E18De35BaeD00A123472C8605,590318
0x3A9F97C69130aa2A64AD278D08cf18d6351e6FC0,590318
0x3AA66d4597F98130C7A319024591762d772FdB33,590318
0x3AB21268edbFa002b41939EFD9B482eA2E8b33AD,590318
0x3AEFd79c91276B0A6f0e0f2393bE47FDFd67f34F,590318
0x3Aa446B0Dfbc5e06127c7135d5BAf213fE119596,590318
0x3Aab3396Fede536ACCB3a578CD96617092270536,590318
0x3Ab81439FBC11C7327248A463E9cbc9C2084C6e2,590318
0x3AbdE5297b6709D5E5b541A94ee2D2925c6fCe85,590318
0x3Ac25C9B7abD2a276d70e0B67B70b637bFA205d4,590318
0x3Ace8CA50c299649b888B26474CC723E90712d39,590318
0x3Ae4210686fa6eCd371f628bbE510BD4f6A1e6AD,590318
0x3Af0e0Cb6E87D67C2708debb77AE3F8ACD7493b5,590318
0x3B102A0049Adcad612ef8cE43eb290F8C1B14c2F,590318
0x3B12Bfc36931155A8Dc26c6636D0C888E9a3F55C,590318
0x3B1311F0932A397999e4E0eFf2bBb28B0718a274,590318
0x3B13c2620B13d0D166B6408B23c7340341E2E393,590318
0x3B14a9D598881bbB366a07d324D5434ff49446C8,590318
0x3B16821A5dBBFF86E4a88eA0621EC6be016cd79A,590318
0x3B230BF845959aB46aE61259f5b9cc8757d42a88,590318
0x3B2Dd499b5C4FdF97f794525a9586f62E334622d,590318
0x3B36Cb2c6826349eEC1F717417f47C06cB70b7Ea,590318
0x3B3979f9D9AD26beb6471240263B120066A7b36d,590318
0x3B44Adba6f4381A80620b6aa929459B8d7640Ccd,590318
0x3B482378c7518d3ffD4340599121dD2c6F51d8c3,590318
0x3B4f83098C26febFc2b3256994C9CA48D0673035,590318
0x3B52B60A185118975313A55dCF12a0f237Ac0009,590318
0x3B60e31CFC48a9074CD5bEbb26C9EAa77650a43F,590318
0x3B6Bb21E2Ba0B9b28759f9A96170B9D50dB506D5,590318
0x3B739fa9536C0517E3370286707FFC1a4f691c39,590318
0x3B89C149dF7d04dB47946DD4768C2FFcfc4E41da,590318
0x3B8Ddc6E6A13AFb8A3637e2934215697e9B3b163,590318
0x3B9162A07CA1b5CbC27674a09D59b2Bd787D02D4,590318
0x3B9AD17731eeD88E4908fF6924cdAC99b3bEC29E,590318
0x3BBA2364184100bC8fB29e672dBACF82684a8dF7,590318
0x3BBC804D570020C930cD3a8cAF28B5AB077322cb,590318
0x3BD5f5AD8BaB371080F2E3591c7aFa8e3E595033,590318
0x3BF908b234A115d21Dc92CdA941468747a842104,590318
0x3BaE2273065Cd79343aab51AbF23ad03759207A4,590318
0x3Be9664AF2CD22Fd95e519aa8E12b3717038BaE4,590318
0x3Bff163Dd34dcf2535571557d33dEA7c0a1a9e43,590318
0x3C016742DeFDefBCFf91C3bfbc3619F8d5331480,590318
0x3C0D764e1eade9Ad23A893548658e020351834fD,590318
0x3C13C012cFf8750d681dAA4f20Ae74342d76ff90,590318
0x3C220d3d6be62ac0387A2135982D316c0120578a,590318
0x3C2DF101F111205ADe3751B99c69a67C7F643403,590318
0x3C326C291a0a99C42d1B661c0ff3B8355332C5a4,590318
0x3C32c1669FE7a7C13CE1e8E39522D1845D9a61e3,590318
0x3C43014AeDBb496e173059f94BFE3B0Ed1D55bA0,590318
0x3C4bf99EBd50cF2C116d95Fc4F9c258b2d1F03E5,590318
0x3C516f085E94177Eaf0BdFB5b5eb1aB71052d064,590318
0x3C552992d6Ad58F093759e0C40A188e1bF0C5Da8,590318
0x3C6174155d26117959C50952d75Ac6AD3B26b4f5,590318
0x3C6807D0aEdaF7B1eB82ddFE2d7Ff8efdF671Fe2,590318
0x3C68bc0b2Ce3b46aa1a55c9191C5E40F1Fb3B04F,590318
0x3C6fA3717E8fc77D8E8D9b34EA33f77825271F2d,590318
0x3C7929a89E86873294c49AB03242a552Be46085d,590318
0x3C85DbB878F445A9642b8C7e8793c49def7b202B,590318
0x3C8E392CA53A2D9C2c46a6a05cC0988529B08DAE,590318
0x3C9447656Bd4872EE4f26911BF285f528A30D9E4,590318
0x3CB629D324eEB806d1C71AbE1d9305aaAE9C1528,590318
0x3CB6F4aA24cB252358b021F4370c64bF54aFea1E,590318
0x3CB6a656CDA9E0D21a6eE75ED866A373946D2c9E,590318
0x3CCFC95726606575a873369b9a9f90E2C3E7e349,590318
0x3Ca35ef5b5a858e8327EB258611096569C4aAbc1,590318
0x3Ca74D62d754E3352A72d9BE657f513Eb27CF742,590318
0x3Cbd57dA2F08b3268da07E5C9038C11861828637,590318
0x3Cc1A943B27c2AF7c6dcF3Be0137f66c2f22E712,590318
0x3Ce321ffe81229112C9b2a94C7feB57A9E0e6E0D,590318
0x3D098316AB5D7Cd9dfc53E282d96Fbb1a8e098aC,590318
0x3D0a6a629eB1B638115A28A9eB18c1A619aD55ca,590318
0x3D14E4C973d33c03ae5588dFBc45Bb973d813fB8,590318
0x3D18966f12C0A898c732e23DC82B215BfE538896,590318
0x3D226904f0584D1Ed41bACb99d295D4175771933,590318
0x3D375341d789Ed4cEC253E9dcB2e6fd6feCB1655,590318
0x3D38FeE3E1a4c43d8fcF715aA6C9ff025074E7E0,590318
0x3D4e9570Ed4D667CC98b4c2605256010e5281867,590318
0x3D52e2feC50517e5DA5D56738CB8aD3Bd6A3A51F,590318
0x3D5E746f889fD686aD61DF82c089C9eFB99EC9cF,590318
0x3D5e9077ef8F9C6B0e10D6c62C1A022a49675Cc3,590318
0x3D5f0C678D29fBA3195bf0787a88cDfa07eecbea,590318
0x3D6c958567FB539Db77326c15FE63Ae3Dd9fFD8A,590318
0x3D71C0C942C4B6Fa3c4C228e1e5Dab2f1611d2b6,590318
0x3D7E059A0805cEe4eAd6052725E2738275E873d2,590318
0x3D7e86A2df47171837C3ACE10508AbfA0BEC7525,590318
0x3D82A3Aea49dDC793d55390fDCD407f9e3594f9D,590318
0x3D89BcEa338f35edfAEb313b1c713978C6DCEB14,590318
0x3D9d22E1821Be3b1Ce2A8ACB6FE47fFEF04243c3,590318
0x3DA406dd5A2C8201658d0fe66D3b46aB4A0a9c7B,590318
0x3DAc271d1B36A434880C527A678B6487AC9C1F8c,590318
0x3DBD3a9CA3293538E19a201887634B756faf7aB8,590318
0x3DC761D9785ca698657B9fFeBC6b6Cd5986EE365,590318
0x3DDA69B67252A8A4ed9F5aD92BEa54fBed641e0d,590318
0x3DE4F8499935751ec4829E51fC5C64C7237f5C3a,590318
0x3DF593391C46F0BBe35Bf89C9b817DDc49c3b11a,590318
0x3Da08F92eA638B33316e9d7DEE0C959b508b811A,590318
0x3Dadf855b9E30e63Bee10ec4D92cbFE789E5F8A8,590318
0x3Dc248DD932e84D1314E2eE6a8F89F888D04a8af,590318
0x3Dc419253352b9e0DBFC047786D7fF3197624cC4,590318
0x3Dc761Bd2AeDa9EB16c6b13CBA359942a1BB2278,590318
0x3DcB0DeE4D7D53B8e312eE43C8Be69c688723EF5,590318
0x3DcBFA02b06954E0BeA0f2EB2769a5Ad2a5B49A9,590318
0x3Dd8b52b3d28aCDE5d277F8eb7C90E4199Af1044,590318
0x3DeC3c07d209914f3CC13c7492Ac12E559C9DD7F,590318
0x3Df52F4CFFB39c6A15fc85fa6504a942955859ca,590318
0x3E031b1CA6a181A0509eC4F13312dADd493CBd45,590318
0x3E03E86E82B611046331E7b16f3e05ACF5a3eF6b,590318
0x3E0914Fc2B3B67A476142020B7d6990D01aD234e,590318
0x3E1422e0cF8493B48A10a8e55C26Fd2968Ab75b3,590318
0x3E1706690030b4efB2Cd545A0056992C76A5d3Fd,590318
0x3E3551e9Aa591a20283E2cC10bC818513C9aDD89,590318
0x3E3721D26D5B8612BCD6504696B82401b9951bA6,590318
0x3E436C7b063157863054303372a180CC1d8F3b18,590318
0x3E4C5a89D1c4782d8eb12F8f541ba76B34a48182,590318
0x3E59485C8049FCA9aa76e61072237003AC8154a3,590318
0x3E60F7041380b7CEfed6a69F887fD9703e34b015,590318
0x3E74823432B104a828CC8719620b8221a7500569,590318
0x3E7ce8799eccF8DF033820451fb0DDCcEC212E7E,590318
0x3E863B9EDe98c4c1f256A9eC507a5FE4b7587817,590318
0x3E87D927C577fe47d4F267469c520e72fE1D7b0C,590318
0x3E8fC44e10AED866541dC577BB2ccCaf3B36B706,590318
0x3E8faf5B3a4ef575a329F8c976ff27F286ab2643,590318
0x3E915fe3554aB204D6F180F531a8A967AB7b405b,590318
0x3E95fEF1176acF5e5d2EF67D9C856E4ECAc73E1F,590318
0x3E9d3311212806801136207224D432e7baeB3A99,590318
0x3EB2458891bba50D143883d875479cE8F5ec99b0,590318
0x3EB644aEDB479c094C0E71075E646A4d978dFc8E,590318
0x3EC30B3581a89B7ACd57Ba93A72986CBDCDfB94f,590318
0x3ECD6A57d7C4670046d71dDC9bC0F05E0659ffCb,590318
0x3EEcf40f16595F9dCDa790c515E3bf2b9faDb7D0,590318
0x3EEf243c2d650C79F6935Be8a7B0D71f21280944,590318
0x3EFD5CdB46C700481f40058341aA220ac2552660,590318
0x3Ea1592c535d18d841eC7085726c7a64Fa88Dac9,590318
0x3EcC0e4c797b126e50b344e97cD507b40Aba5b1e,590318
0x3Ed4142f3838e03ecf772C0D7b2540f00656d758,590318
0x3Ee1C068FC9653489A5d03ab925047EFeeb4Bc26,590318
0x3Ee3Ffd237513a3477282eBA5F7c0AdF271e4aFa,590318
0x3Ee505bA316879d246a8fD2b3d7eE63b51B44FAB,590318
0x3EeBea619bcbf3Ae45fAa9E337b8811A7c5332A3,590318
0x3F00dcdB2F2baD85b8BB01de6B94766449cc5002,590318
0x3F015e943d883355a744B21Ce3d0B3aa47f92cA8,590318
0x3F1120d9AC8892a8eC35c2b99716A5265D20Af43,590318
0x3F157db702150682C4f539aB84E5d37087270515,590318
0x3F1647d33707830E088e9Cb6Aa791017A1dFDF84,590318
0x3F268e0dD5774F74beBf0ef8462e50D86c5132E9,590318
0x3F2C51953BbDdCf5F8569C6aBc8E89E9DE298201,590318
0x3F36c62c8b8484477db20074c023597Ca28f966B,590318
0x3F3E305C4Ad49271EBDA489dd43d2c8F027d2D41,590318
0x3F3FaA17E42BADf5426Fc656BaB41d8460EfF74F,590318
0x3F459e672CF427fCFa52c4Df38c3994c93a62C7C,590318
0x3F51AD2D5Ff5B2Fc5ace0dA7002DC364a3001e32,590318
0x3F570638F5457F1a9b7153F83ee2811F8096360d,590318
0x3F64D68837F877F52DF5f0AAEd8Bdd687F2b0614,590318
0x3F699c8Dc899cdbf683b6d584468c2B39b3cc74D,590318
0x3F6A9B1BDffF059475E7e9EF68d2626741185Cb8,590318
0x3F729713689d6618D98dd6C3d18b506c3580b8e1,590318
0x3F7A1e4F1055acBDDF28BBaa29912c9760bCf6B5,590318
0x3F7C10cBbb1EA1046a80B738b9Eaf3217410c7F6,590318
0x3F7dB935D1C6f72139181b3C6b7f42AA9B6A7fEd,590318
0x3F8448363f78b39D60846eA3b5F845b489F952E5,590318
0x3F861947C73D84Ca9Eab16C396e1bFb88f14766F,590318
0x3F86f18322a888d9b3adef38f127c941bCcc014D,590318
0x3F90Cf6314E86A6C5ED04647BF44Ea84beb469Ed,590318
0x3FA2b28dDef0970ba98870E2147053f1B3349479,590318
0x3FAea043Cc37fF940a98E925D9E05524D18Aa28C,590318
0x3FB7501f5e451509Da23aD25c331A0737ef514A2,590318
0x3FC56E944Aa7B1594c85861b2D46a07F82a2C0C1,590318
0x3FCe7fe5Fbc148bEBD7F4877588FBF1C0Fb31850,590318
0x3FDFdfF6784C31A90F73bfa5081413E6840679Fc,590318
0x3FE59f12bcA08BCF4618C5D3a0d851aE2D0b3b43,590318
0x3FFC8b9721f96776beF8468f48F65E0ca573fcF2,590318
0x3FFF5300D477aef16719019e40f1b5fEd70D6D01,590318
0x3FbD52e38DA029c255141261b617bcD90b1818A9,590318
0x3Fbb0767f7a9B66F1e1e02086Cc4a0243a1d2Ff4,590318
0x3Fe2BD23148bDa8648313899B49b47f7d7cDF764,590318
0x3FeA9525Aa5aa14e06ca4B46a571e9F98B7BB132,590318
0x3FfCF73982c95eBB46A0660c5e71F5B628217986,590318
0x3a03222729B92CeF87A2d0D102ad8999B873ce52,590318
0x3a0f1d791F978c65c805dD4A681d18d3408CD391,590318
0x3a14f6E77750E1416482EF4F9B5A72Ac9b241f77,590318
0x3a1714ce2ee093b25393b454faac730979d6e49f,2666666
0x3a1720A300d42E0e5cf88d0e954166eC0638C120,590318
0x3a1f291b76286f82ecf411cc5e5f54a8a960f705,2666666
0x3a277f0299691D35BD49d669D7d6F9dcAF8FFf7f,590318
0x3a2c50D6892F53D55372857eE9939202699de928,590318
0x3a2feaa3d9c56850f8b19c56c9d10d689a3ad66f,2666666
0x3a313df44413c38ad860f7152373c9342871c133,2666666
0x3a3297881e9904d0463fec7Acd9d6d34b915dCB7,590318
0x3a388f2c23822cacfdf9f9a89e65491c7035f5a3,8000000
0x3a39a97D0fAe8b340c9b160Fe6dE930cd1481Fd5,590318
0x3a3F3E6ba78E128544D633C7a39aa8543645a646,590318
0x3a401DD6C78FAe3130E11ab625eBd4f6E70baA8e,590318
0x3a47145227bab0df70b9df76f649cb5f318badb9,2666666
0x3a4F769c582E6dEE001911385D06B39741C7DD8b,590318
0x3a50e070c8690465284551361ca89e5aa3027264,2666666
0x3a575132C116616043E2bd89ed17f597a56c3596,590318
0x3a5d4caac81a3920a1b9d9c383fa2e05f8c90f84,8000000
0x3a61066B902f49ba3251Ff4f11e5815B2D517951,590318
0x3a6372B2013f9876a84761187d933DEe0653E377,590318
0x3a65ca38B6fbef80c3F7B25a22e60c1BB1FF1A03,590318
0x3a6CdC355295E3F34bcEb90DCD99A2B657cbD719,590318
0x3a71104Cd980a2cC7DdA67dEc446C097362ba454,590318
0x3a7b3aD16cC666547C9bA3F162C1E919aB8b0C1c,590318
0x3a8015ecda89ad88a460c16701cad97b5b17abd6,2666666
0x3a820d8059c1CB06FBC3D30D3594444f910cb06D,590318
0x3a8284cF0fbFC7B46ED3d6CC9fA12F5e07F15036,590318
0x3a8684eCF13Ee46022827FD33e2a77ef40392e15,590318
0x3a89Cd7d1Cf3eb657F70954F0011548675c7132E,590318
0x3a96a91FD3ED040eFfDF4F3A2E944b75aEE912a7,590318
0x3a9905818dc4Aa79804ce2638DE8f5e91C06B9Dc,590318
0x3aD353E2845B96fB1B58C1Ca6CdA46B870dE8D6f,590318
0x3aEF500F0e728E0A85eFb461974412d7E72F5c77,590318
0x3aaCeAD9F97a5399a8130C16113851E7b7edC1B0,590318
0x3aaeD9A23613EefC57d9D7A88B7Ce9a19CFd6B15,590318
0x3aaea7363995f0aa9dfd1cb20d9a72ba656621e4,2666666
0x3ab2080f3c429AFA19363cA2babC9B4f8E8B8B70,590318
0x3ab67ad046be1bd4e406050f47fd31f990064848,8000000
0x3abda65972c7326f46fe1320d9b1a8d5511c1daf,2666666
0x3ac475a21E6139152Da940BD985d4ea32ffd0f76,590318
0x3ae7c897ebb9f8c12306c30acb9330e628950c99,23036649
0x3aeAda63EF9c14651E289a21cEE7A8e48af3CCD7,590318
0x3aeD3d69C3C1D2f87439F73AeA14dE7203Baed4A,590318
0x3aeada63ef9c14651e289a21cee7a8e48af3ccd7,8000000
0x3af4A49C8E2FcaF33Fd3389543B80D320FCC9091,590318
0x3b04386920ccb32f6ff6a791d8ca2ba760fcf3ed,2666666
0x3b099C6b70c70c47ABA0e144d5DdeB386F21D7A2,590318
0x3b11B48De7CF69B7C1f0465862A4f3Dc725Ed1Ce,590318
0x3b12a0f432f990714db11d7caaf6e92b0987af2c,2666666
0x3b164ac078564e33eebd6af55fdc8378b2905702,2666666
0x3b171c1Cb0A0585FCEd28aA42e25B359BEd55483,590318
0x3b1e8ae87d957011a0c53287745c985f88714ac9,2666666
0x3b2683EfAbFeb3bA0312900378d902A81462178A,590318
0x3b2F51fea246A69A5A42CabEe85142C4ae4b75d5,590318
0x3b2c70c38429b8313ad90be859aa00Ff75854ecA,590318
0x3b331fbd798b9eddd70b4db5da21c942290d9fe8,8000000
0x3b338e782859aE11c0B15694bc482a9aFa4A5809,590318
0x3b4650b8634513c057Aa9041CF82FA84550808BF,590318
0x3b49330ff66c30c94c7975fd2c867dcae58c273b,23036649
0x3b5Dc3a2651278Fe7c4127f70d12736116699d76,590318
0x3b5Dcf30cdf93bB64154A5263E6772955A8A2Ad4,590318
0x3b5b083e76c2Bf873F2d04A69F94B08904ff24a9,590318
0x3b5dB37336Ae421c08233DA58bEBd112B6B680ef,590318
0x3b60C87209Ae8a522C1f329DB06E92b585769BbF,590318
0x3b66f2a9A140F5f37273cd4492bBBc9E4D367365,590318
0x3b6BB2294ac456961dBF8DD1350F1D3577C80aCA,590318
0x3b71b20329Ad41C1F36a3A35F9702f6119591590,590318
0x3b84CA012612AB4527B12D7e27d606fDafdE6132,590318
0x3b9011c5f6e6ab2cae8e44d473003ce035b1b6e3,2666666
0x3b934Ae8976379E7051662cA2671754df525E670,590318
0x3b9394ed56e4a873c149548fbdcecfb0c5922f4b,2666666
0x3bB12e7473E2b6aEB735266c466Fc68c05C42514,590318
0x3bB5C8A00190Da68059F0f66C24794584Eb10D07,590318
0x3bBD5DB2cEbE2cc21Ca62b8E28A82057BB0E7d00,590318
0x3bBE81aCDbE40fe06C388E6166D32dcf534c3A0d,590318
0x3bBfB9ebe25BcfD7B84578b970530eA580B5534c,590318
0x3bD454a7abc605C86F753Dda89AA168d4c42242a,590318
0x3bDBaD7a018bde126805a6A75ac1181eE5411dD8,590318
0x3bED6a9B18F7D40E031b4302F5B7171390baf192,590318
0x3ba418eA06a54A39442fcFCf867Eee01a782E79e,590318
0x3baf9a519367613ad4b0c096b137aa433a2c1059,8000000
0x3bb13d5cb0b3c78c43ece8abb4eddd52b15d3d46,31036649
0x3bb8f353903f36e236ff7bec8e967407aafd85e1,23036649
0x3bc75db3d7296fb05edca4cb9fc53241bd2ddccc,23036649
0x3bd63553493dcd9a6b48e4c574596e57b86ebd59,23036649
0x3be1e4d3bD12f24d5C8B15D7d371baF2ce4EDA27,590318
0x3be3A8613dC18554a73773a5Bfb8E9819d360Dc0,590318
0x3be9664e231e17edad11382387dece42c4c7b706,23036649
0x3bf82e2dc09991eaa614314b89a86896154fd0be,2666666
0x3bf9e532b95b876821b5162804a2f4596cd615fe,25703315
0x3c082Ac7981BDEd2BF70Bd9F405cBa223742bC29,590318
0x3c1eB82FE524298e790F510B7752c3DC01Bf61C5,590318
0x3c1f52eeaa6bc85eab99599c7591851696d9e6a5,8000000
0x3c1f72C28718e3E4e4FA4906Aa39e05E65dDbe10,590318
0x3c24ab46a900d209B2cE11263356680b7CDeF695,590318
0x3c2719709F8A1223dAcf9bBDbDc3982c02170734,590318
0x3c3676eaBf3E18Bc5ef902d7E5E13BF9bae9D5b3,590318
0x3c420C38b79dC17eDe4Aba4efcbb5eF9b3A8D997,590318
0x3c465De32BbAcA3A6cdA285b93417Dd0eD60C7e7,590318
0x3c5Aac016EF2F178e8699D6208796A2D67557fe2,590318
0x3c5eeFd1944E3a002bcdCd285f43242deEA3171f,590318
0x3c636060F11C8aE9886cB09Df6963FE994E9633b,590318
0x3c63a0eB2546ef562e75b8A26D7465E035B3fF4F,590318
0x3c6b33faFF130e9f492E121C6eA04D39f45F9539,590318
0x3c8319dD83fa18ec1a0df2AcF65277a731514d67,590318
0x3c8B81193B595F918853C519440F2c5737f5e28b,590318
0x3c91e964aa59751e0b729a81ac8c09f98f14a251,8000000
0x3c92E144062297cFD08a5a9BAaB59AaabD3231F3,590318
0x3c935019CFe7b65d3de1bB326FDCd7A62fe9Fe9f,590318
0x3c9913d441c3Add3dD34581A0ac4411B6ddF7e08,590318
0x3c9D92A145b17b7dF69d22eFF292499B2849ee83,590318
0x3c9c92818F381dCaE68c9376887EF7020abE75Fd,590318
0x3c9cfd60ba95833f93c5e8d96a83f7c82c6e2b81,2666666
0x3cA879c6825eEADA705Df569033466D26027881b,590318
0x3cAeAc7FF83B19f4D14C02CDa879c4740B4F0378,590318
0x3cBa82a5d4B4229b1cDDBd4a8E2834aDd495F798,590318
0x3cC13FfC17A487cf6a126a249829a0cd1CB36342,590318
0x3cC84dd9D783D8569a277C501ef4C3Af91c111b5,590318
0x3cCe108F30e46EB0dc6257E31044F9AEBf89427C,590318
0x3cDe344C7257365Cc6B51B416900cd981d19Fc92,590318
0x3cF865684d8CDD05f54322984fc0B342Ff72eB88,590318
0x3ca8768E9ade5Fe99Ec2937fFA07945e0759377f,590318
0x3caa21444ccfbfd18767e4b058327321501fdf85,2666666
0x3cb91A674fd627B66eeAFcDf0cBcF963CEde73ad,590318
0x3cc2e154337c92a4d2d894b90bb5a54654554eb3,8000000
0x3ccd11ebfc5b922c1e0401b1ccd51c1c109d8813,23036649
0x3ccd17f233341972a7673fa5c2ab9391f2f5ef71,23036649
0x3ccf65e9d1e2956370f00b49128098f58730e10a,2666666
0x3cd8e2e6f28e909ce0930f0f7cdb00c763926890,2666666
0x3ce06fF04030222c03e181D6c960bD93dA751158,590318
0x3ce6fff21881c130f2ea2ba860f2ee53fc9b2e43,31036649
0x3cef170a51a5Bd3F2b07Cf32338142672D61ff20,590318
0x3d0497f127c6A053df63F22ef02C46448168FF69,590318
0x3d0880920A7864fC25622BBc06b57Baca4A01D84,590318
0x3d0Da991af8a63bC4216EdF29C346187C2aa830C,590318
0x3d0aCF9D5e0175444E389Ba6a16b6b83F1933df5,590318
0x3d1Bc92B1635a76193E67e86FA0B10CD8b8b1aB9,590318
0x3d21175Ad1A18A262072e825CA9aC9cB962C8E0D,590318
0x3d2958556E3bCdb6e48c1Ea21e25d843262239FE,590318
0x3d2C4C6186889d44F6ed72295e7bfB0a6bFC6942,590318
0x3d35fC13AC28c24D421071b1Df4Ed017BC28AD7F,590318
0x3d373f538257dbB06d2C7D7e2CD84A4A10423ECb,590318
0x3d3bc95bF25407D22219584fD674cB63cbEDeE4a,590318
0x3d4CD3C8C5246D3C68778F75DE1a211d4F5470E6,590318
0x3d4aaFbe86059d17C6263332c560f18C4F1Fec34,590318
0x3d4c730C61D1d267f7d4CCE149F910bb962EaB1D,590318
0x3d627fF6032F15e170B2FEC28495236d6f831278,590318
0x3d64085660a5AAe6F52626Da28C35f2e54eE1C3F,590318
0x3d64A4F77cA57799CFfed677D6AB548A180692e6,590318
0x3d687835A5B5FE4d8a2c268EaBD29eE6B04FC812,590318
0x3d6F7CF4B01fC2A51Bb3Aee90C83D74d0c56232d,590318
0x3d817d4FEFd4ad9fE7e5b264Ee98522B792Eb2ca,590318
0x3d84a438Af72F6396785EEa97B32F903520e36C8,590318
0x3d8934436dB485b5D07ecdbFe88BB206C30fCCF5,590318
0x3d8Fe1bdAD418b26381D832De158c4D6a52C71f8,590318
0x3d9456Ad6463a77bD77123Cb4836e463030bfAb4,590318
0x3d9D5FD6114a9015b936eB144298915D5f545D5d,590318
0x3d9Dff7F46DCaD9F4Da2DBcB8920c33B12850E57,590318
0x3d9fE5cb537A6f8253Dc000Fb1a522c95dB594c5,590318
0x3dA412E61b1e4309b73985005c70cC9ae4CDED27,590318
0x3dA46eC16eDa1053fdEB548503c42A4d8770B2BB,590318
0x3dB6Ef0f9F3D8AB5ef6f3FE33bF69F7bB1e9B550,590318
0x3dB985313E41D676A65748C49ee07D17EFBB45ca,590318
0x3dBC93AEcD50e485ecD2Dd6DBE73d1eC19A4d839,590318
0x3dC606cE9cCA12196917A3267A8AE7008E018958,590318
0x3dC7F8850CbfE558eeE8442d553fdE8eb49DcF5D,590318
0x3dE353A32cCEE32D54c5F3D631F4c9314cC2a028,590318
0x3dEe512e720cCE1D67a26b71E59074cb1028e922,590318
0x3dF804997b4E23AcE75988e170cDeed1c49837c8,590318
0x3dFa3FA92C50bCa281d309C72CB4B72CAd1174a5,590318
0x3db10D7199ECFC36945b4ADDb94818aFA4Cfa3Ba,590318
0x3dc7f8850cbfe558eee8442d553fde8eb49dcf5d,8000000
0x3dcbfa02b06954e0bea0f2eb2769a5ad2a5b49a9,2666666
0x3dd42a46b8D0011071Fb2144B194840F2CF4a87E,590318
0x3dd9822C0f7C832683C5c7Af9df5aCd82a7056fC,590318
0x3de2616Fd986168D4Ef592ACD95758727B25458b,590318
0x3dec2cd40bf0fbc832a0e3e2f053734f90a0012d,23036649
0x3df13B9bd79158f0cccDDd0833cF774178e3d2e9,590318
0x3df6c1D54ad103233B3c74a12042f67239d69f70,590318
0x3e029001d4cdf0796a72f40113232f3fd62ebaf1,23036649
0x3e0557E5Ea513a5E6D299398eC82e900D682900E,590318
0x3e0Fd72c5D0b61d944E6e8bBa4b7525555C4fe30,590318
0x3e181b5dBB7d2E5F42f4Ced00B4af38E0e385cD9,590318
0x3e25dac1092031116E2A7d59953dCEC2824A6C6A,590318
0x3e2AfE5DB5AD66E8058a644826D0338DD039097e,590318
0x3e2d25fd16147484fe058a70fe9c333fa45a6d28,23036649
0x3e35a116e6567b6391d3efc50175ec4c1ec27ad9,2666666
0x3e37400c48Be12D0A2d73EE7489F5cA063A897BD,590318
0x3e386b227c06EE6F1C0526E45419BB64d2d71262,590318
0x3e397E679fB1aDb0AC1FACf4679cc222A9dEa1a3,590318
0x3e39EF6F1817D365b2BFb1c1F536ACFfc02C7A31,590318
0x3e3e223a05fe39f08c715b4a1d56827220b9bd0e,8000000
0x3e499Ae3D6650636869A4EFC80Ed64bAB20Ec534,590318
0x3e4DB2489cDC102db0dA07a7cED836874D5FAc35,590318
0x3e4FEdcA9cd0B1e3c9ec994Fd9b12b61b582A193,590318
0x3e516CF3C9d4F29faE6c1324c2414dC872FC9c09,590318
0x3e57efEf507b4db7aCFa2eE79CeCA6B19e18D106,590318
0x3e581A8cd962B3CE4ECc95832bE94C6e9b7e8fE3,590318
0x3e606CB38DebCBB2578db09162127Da33F0193E7,590318
0x3e6527De2CFec82CE5240d5559A8b09d256D5D6d,590318
0x3e6a203ab73C4B35Be1F65461D88Fb21DE26446e,590318
0x3e6c9b3debF8CA33D51F861d5308bF8F6B0933bF,590318
0x3e6d2dd98ebae412d13a3cb2cf77a89f22c49747,25703315
0x3e78f7Ba68A92Ee4980B75799F45143325b30166,590318
0x3e8201Ad6Df3DDc42bf38D6cA55F89A69c95B231,590318
0x3e8688079bcA6dD09E0af137b34101838A9324da,590318
0x3e8734Ec146C981E3eD1f6b582D447DDE701d90c,590318
0x3e89abC3968399fa8f75478468f62b784296EA29,590318
0x3e95E0Fd868ab3Aec21Af2C292CDcF141A133d8e,590318
0x3e9979F836f45ff31082232021E24a3b5Ce134e8,590318
0x3e9aAEA1c7Ab36A80A6477e9464D5C4bB35eb27e,590318
0x3e9bdcB4A038E627926FE28A73Fb2d711e2AF23c,590318
0x3eA4e7b7164A5758583b45B9dA50374Aca544AbF,590318
0x3eAfc41faD5FE4baEcC63335A79e63F4A9e12b58,590318
0x3eB050481921d5facdA7B3376920cEaeD8A37d14,590318
0x3eB5A3D3c5F9FA1053e32A3B851a276A96aEDdae,590318
0x3eB81b24F5c89fe0119998bb8772413D32fEC77C,590318
0x3eC2d41b6800273D0A374b90c0D6745e69BCab38,590318
0x3eE29BE17817e16BBC7e670622CcEB430687A81C,590318
0x3ea846E5226534369F89Bc98aAd898Fc8849Ea5d,590318
0x3ebcBE07cc0C6605db9a7Bd5f2bbE0E35884cedA,590318
0x3ec6b216733Dc3B69Fa38c3e640EaF45184F60a1,590318
0x3ec70D39ED50bfc9FCaD534cFF646DFD798BC7c5,590318
0x3ec98ED36F87980A9F4331Fce5957a55d5a1a6DF,590318
0x3ec9d4c7b85be897b5c9f18f35566ee644dccc4a,31036649
0x3ed9D598b2099d99e9e49B1697729027C67926d2,590318
0x3edff0ecde0752fb61a82a37bbd1be6c6f88bd05,23036649
0x3ee44b75e7e5d358e9a546663ea08ea709a82e42,23036649
0x3ee9De9B93f4dea9Ee5418b8806fBb7216E241EA,590318
0x3f05334c61B9C8aBecA0da8bC77DD434181D6E8F,590318
0x3f09839a7C6FC114abeB49b48F633305dFfbE4E1,590318
0x3f0af436de8f554A2cbC4E08c52E200E5a7D3d8F,590318
0x3f0de8a98fdA8aA8A59d0E9ed303C7C1bD505cDE,590318
0x3f202bd6c4308d13e8c1e594e97d12070b81154b,8000000
0x3f20A37176A59d7918432C9D4E666673b1124201,590318
0x3f27ad3214b3b5a83b1b83d01195e0b858bba882,2666666
0x3f308C4ddc76570737326d3bD828511A4853680c,590318
0x3f3192097dB8fC6043E459DB7926A4D8a26c155B,590318
0x3f3429D28438Cc14133966820b8A9Ea61Cf1D4F0,590318
0x3f37d9eeaf21cd1739e352de43df044e277573c7,25703315
0x3f44b3D8e871D0E5BcCB89fD8A31ACFA6cf84634,590318
0x3f56519c0e72d3d05480b6bfd742b5f5f83fa338,2666666
0x3f60008Dfd0EfC03F476D9B489D6C5B13B3eBF2C,590318
0x3f6B10C9EccA62e08932696Cf09Ae813001883Ea,590318
0x3f703546E6af3e06D5a1653a352f0a05744d1928,590318
0x3f715Eb5f7C954e681b4DCA3eDE494892EC1f0b7,590318
0x3f785B03B82B49c1907790a1aa36e0D2903f7Af0,590318
0x3f798F0B8563552563aF4D0ec4731d6A6a0cC66B,590318
0x3f851f63B05520BeE9A5d1f3B71d07cD624613fd,590318
0x3fAeC954CAA6B553BAA2b5773BfA16e3AB54A62d,590318
0x3fC544C0988851dEF4307375B2f08737368a31eA,590318
0x3fE87F5D1490273d7A6B6975ac023220105683B4,590318
0x3fa6ee1c107ef2b8df8a2cb8c6bb0fe02e975275,2666666
0x3fa850D231fca5ead7639D7e5EE742FBB4A87951,590318
0x3fb90867b3f3E1635a7282E2624bf6767883A38b,590318
0x3fbE44678dc0010777758Ca5D53f421C9E0C7Ef6,590318
0x3fc2FfD606eEAcFb635973AB0cbCA1F6f4d0378d,590318
0x3fc3c6C71EE0B1754A05096Ea93e97dE5bed1363,590318
0x3fc3de9833761CeFCA57cdE24Bdb2322e64397FD,590318
0x3fcab3e1b28f37941404ab3f15c68c4631815c68,23036649
0x3fcf8977A60A6E72A5847934a030E8F58c1FE52E,590318
0x3fd08c282bf6e95E9252b89FBBd522ed9a952E80,590318
0x3fd08c282bf6e95e9252b89fbbd522ed9a952e80,2666666
0x3fd26d3bEeB730FD4ff2586F7653b2ceE022Ff4e,590318
0x3fd4212244941cC1bDCbc9d343c7fE37dB36FFCe,590318
0x3fd73674F2efb5F30fA4B1c681eF978a12Ad5408,590318
0x3fe275ce18B5345fC4e696887d0671eaD9A12Db3,590318
0x4001F95B9660e584f526028f47955faD511E5F0A,590318
0x4003408058d490FCD0A8b76925a412E6F39bc939,590318
0x40035C46BA8A19983Ed014FEB53C249961717744,590318
0x4007F6d6737F7feDba70B4010C3Cd6b73b779D59,590318
0x400A79C5Fd11D985465eB511754c42269B6571a7,590318
0x4014320027166CD4FC0311d7d380aCF5A39DFBa4,590318
0x4017737dD8C6D70F9F3FC90F6035A2321f99BcF3,590318
0x401B1cd402C4B54a0D5d75f6f0F0C1dC87A66391,590318
0x402387EB38661bBa533548f7F933A04d23F3001F,590318
0x4025195834bf09eD07C019B059961356cA81A086,590318
0x4029539f0b0fd1251ddef20017da1e4fcf907aa5,25703315
0x4029a73e9810115d9Cb1d59FEa068a8510D06dBf,590318
0x402d821e16BB728c0c7f8eC1561560bCcd0D3B32,590318
0x40301FF29399C35485aF384582C74Ac8D9c15621,590318
0x403a8C280FF3887DA46bB3271E341e63Ec456659,590318
0x404108cd2e2Ad1F23B90C369c8D5A88ac77EBA7e,590318
0x404304fc11a889475Ed22A2EBc8db6fe8f0d249b,590318
0x4048589aD61cC0Bb043fB8E6AE45993416ad6004,590318
0x4048A37C0c1DB9a03A40Ec015C857C8a82556592,590318
0x4048e5cc0e34Ff1F59a009b4679E311d04E3C9c2,590318
0x404A9E6bA252940914f9885d10DC5150eBF20CBa,590318
0x404dc8faad2164cddc3942f5c1bf36cb36aceb6d,2666666
0x404fa09d7f061b8d2666712dd8e69fbd16a6085d,2666666
0x404fd2F655BBAd05474e018Fb9C69368466fFf2e,590318
0x40510Ad5D5B30A8D164e1E5c850e223539E4725a,590318
0x40534E513dF8277870B81e97B5107B3f39DE4f15,590318
0x4058c5cF11E9F23328F58feDB7fD3a932aB90DEB,590318
0x405f5a2B9E5FEC03d16D5cE074cd22a05B256ebF,590318
0x4060d22091a82c7b8Ff13C7BAAd7873CB2127807,590318
0x4061eADa41227256d5C7d501B562824a1B717A36,590318
0x406585d5a8cf803a7f343c4ee4b2771ca055b605,23036649
0x40660b107b0749dFF166A7cD63e20A015239b475,590318
0x4069227Ce3d0eAb9E2588e419337804be02863F0,590318
0x40692724326503b8Fdc8472Df7Ee658F4BdbFC89,590318
0x406Db1Db297927672DD17A5Bc4C482d05Aee2c26,590318
0x406F143e76317eCa53910c13c1373d4FBFeE0a40,590318
0x406aD42Af3A952DfB2Df8850a7fFa48c648bB664,590318
0x4070C365BCbe4D505835b174bd20A9c945de39D8,590318
0x4070F0F18b7ac11f143EAa89AbA7D4e48b563506,590318
0x4073c040C6Fb43fcc6D5BE551Ff3216901f2ddea,590318
0x407Afe1e87bf741293D47E562B107A633e678562,590318
0x407CfF84EEaacda390Fe302c99FA5DD32521bC53,590318
0x407DF19995bBA21E71EC6e6b72FEba70318031Be,590318
0x408F3C9C9A0704e55f86edeABceFB80c2429044A,590318
0x40929D277974bDE81376f76D5c8849563c9F0d83,590318
0x4095576446E7619608fCeB14D225dec9f096b3ec,590318
0x40967e732575E3Cf7aB18530A78d4029Ff9aD298,590318
0x409792221ab86cdd70CfFEE03370d088696A9823,590318
0x4099026B06cf17b4F1fa0e20eD7d8779E90a88A4,590318
0x40A22Ef21116c157b8247c9d59028Dd1123D6e96,590318
0x40A9Cdf170dFEc8685620921486DF9b9d9399C6B,590318
0x40ABb61c23C96670AE5c79a3c81e1C869051721f,590318
0x40B01aB4822403209F90e66b2bA598bEE0628420,590318
0x40Bd48F6c5DE5077c71797B12D64Ef99C453F835,590318
0x40C33448541ADb494Dc307a533c61E419A8831f9,590318
0x40D5ebBD8aa07dC93967fc29eF0F2C6e08d33C03,590318
0x40E3573C401A8A2A0a562a390194E4a3B592Fc00,590318
0x40E38365F2b7A07762B15F37328285bce6e3ac26,590318
0x40E3aB744fd1Ca1A0794beE7037FF1C07b9F4baB,590318
0x40E505d11ef380Ed287F6Ee87FC83A1250fD1854,590318
0x40E7307Cb36767E2A030f65a98ed35825A1CFFc4,590318
0x40EbF8a762801D1706D9D16A8abFEc4c452d15e5,590318
0x40a00d10fbbaF48Aa10A1C28c415d31B6D95D5aD,590318
0x40a4f59d84ACA333152F1FA2FB10eB999DfF5430,590318
0x40a5E1E9d2dd0410669e44EB101A6a4c232a99d7,590318
0x40a8DBe62cec398D3E5dB7888F967dbCF6911C07,590318
0x40b32548eee48dd136e4a61A97b703A967968282,590318
0x40b4041FE0DF0f7195a932C0baEc2F255FFFE217,590318
0x40b7F213B8EDD771158aD41d280F59E0fd5be3Ae,590318
0x40b7db765e388ae6182d271f290705ba279b8dd1,23036649
0x40b87677B0a86332B4A4b410f311B517AF9B0e61,590318
0x40c204D9146d04d6Cb0FefDBFa17e7E289634dD4,590318
0x40c7625F6058e9Cd7b4980af873F961dAF850165,590318
0x40c86fEeA75b54C137d432526EEbdcd134a35D83,590318
0x40c8b4e462c71d02bc2AF4A2B22e383c364945A9,590318
0x40ca964f82aa6d6d80a9a02017ad69b3824b2009,2666666
0x40e1374f435F5A15Eecaa15d0daF1f24B8BCc1Cd,590318
0x40e494cDD7F6ee95449e06A74B767fb93c3623C5,590318
0x40f2d512f7a6383617CC27b58E0BC3BF2887bb53,590318
0x40faEBbCA9316F50168E260A316373A86be8505f,590318
0x4107A0A4a50AC2c4cc8C5a3954Bc01ff134506b2,590318
0x410835efcb5d4e3b3448738b32d349729ca9928d,2666666
0x410CB444e9C8FA7AfcF00a52FD5685Aa0E46324b,590318
0x410a0887cC91cCf1e8Db56422b9a5D8B078c2200,590318
0x411255c00dE8312E00360CB94307c35F14323491,590318
0x411599b2Cc1eF36e0f24BC6587c22a13b504623A,590318
0x4117e75852Dbb204b6f67F058E8653E0D5758A4c,590318
0x411ACd284d76420C42982E7bDd4a22d3803122C5,590318
0x411CF033C71DC12E4B0b8516f59CFDF40eF61b11,590318
0x4121A4C0B7ED0597a90a74293Ae444D5EC0e1719,590318
0x4124Cf34f56fa151E05c91aCE550ADa0DD5aABD7,590318
0x4127143a866Bf5D8AD2AFb6de8e63164B8Ad5bF6,590318
0x4129b4337d5A2F7278A02Ff15Bb1e4E548D8eE60,590318
0x412B7f53613Be5d29E112e5a23f8D52b1E77eeb6,590318
0x4133BAE587895DE4E02D8287858B48AfBe391446,590318
0x413C89b5b16c4E3B6182EFd24C484A689E6f65c3,590318
0x413c2724B62975c18b1415650f998a8F0a67886C,590318
0x414ece4215fff8e9f66a8c3beee286103be7232e,23036649
0x4153e091214E00C63271551EBd292b1BF1fEC920,590318
0x41548b16B60Ed834226473D67cED48fff5E2059d,590318
0x416C364276BB4D4bd537997F44e30fC6570205fF,590318
0x416C4F6FF3569E0B29D951DF1bC21F74AcCD5A3D,590318
0x416e0C10a3760A35f1891455f30e415e96FBD779,590318
0x4171Cf37d3DB662CD9DaE6EdC1873AdB22Ea152c,590318
0x4174c53892b495cDA8D172cA8E1b3fBEde24d133,590318
0x417AC47Ab85Ff79254A541Fd6A9fdfF23852A9A4,590318
0x417afF82D2cd9fD39fE790Af5798ae865fbe8C48,590318
0x417b85FEDD10EAA251f73aD1067dcD7a6e70C89f,590318
0x4181255EBd02Cd2638eB34E64F19444b789a9D1c,590318
0x41868373c11F7C93A748558cFfEed1b8317bFB9D,590318
0x418aC51E62E7cA4568C4e394204efA121Ca60351,590318
0x418febebe431a8afe9a13015ee20f8bb88db5f85,2666666
0x41AF79b488364c03BF9649dEb02e19d33955dcc9,590318
0x41Aa7d375914ea1cB5A855642FC1924fd7e4Ea17,590318
0x41Af79FAD12831bd3DDC205f3BB03a7f9baae643,590318
0x41B2F4fA91Bf4A66F8035AB53AB23993b613e340,590318
0x41B83e4c09c1eD42F20831AC2537Aa88a2422810,590318
0x41BF8D56b45Ab14A1D3d078b204Ba49e677D0296,590318
0x41Bc7d0687e6Cea57Fa26da78379DfDC5627C56d,590318
0x41CCb8544c29d887D5AF91ae04c06f3080f65158,590318
0x41D59AD9264F13Fbe8751c1C471681a26fBA5358,590318
0x41DD1c6338e5b3cdF9Dc69e20DaD9834aE36A6D3,590318
0x41DFc637D2c0937A3C9769370D83aEF24c31a330,590318
0x41De8aC571734c4cD433eC3A823dFe7646580FDf,590318
0x41F422d760099cA0BD94B3Ecae71B42E8C8f9A74,590318
0x41F45024435385EA8e49049CF983A30147F19B5c,590318
0x41F6a1bbd9180e5F1E8eB481C1116f57a5e5BD64,590318
0x41FAD0192982FF178D71940C4a7b74fAd79d5ABa,590318
0x41a2504348072D4D706B15770B9a3fD0DD6F570A,590318
0x41a4ff7e9A29bF6850934ad32cb50A964DB98c2B,590318
0x41a7813502DD5671FA64811C176d6F0b84D3f5F8,590318
0x41adF75B3af9c150fE76ef0dDc0FAe5A265b54F1,590318
0x41b3C809c8Be3E1122224F3E0752e72c646d1CaC,590318
0x41b623c26f7ef03374a30b088ecb02de0b3e6648,2666666
0x41bc80a68EEF9F9f7Fc49791De4e99c70F004798,590318
0x41ccb8544c29d887d5af91ae04c06f3080f65158,2666666
0x41d5D3B5f2e497d1F4bCF767ffac9DDAb85D2b79,590318
0x41d66c5ad0725cd93c9bfe9fc5e126e768ae1b9e,2666666
0x41d842e4d0894e0b2f0f197b3af1ce61dbdbf9f4,23036649
0x41e380aD58955268e9C2f752994c353d48Bd6FA7,590318
0x41e522bFe7c6e0b2A4fB31751F8C96490790a269,590318
0x41e8eA179627B8A57639C212E566cAe4BF6fC37E,590318
0x41eEB1E91a1fe074C69EeF401723044584a03238,590318
0x41eff0175261D786a844d58474Fde4B67c8BFE61,590318
0x41f0aBe1Fd64010E92103F2B5b5Eeb1b4eeD348e,590318
0x41f9ba43176e26619fa29cde270787660100b4a1,2666666
0x41fb56508ba3ea6a234760c547b7d542ed229e45,2666666
0x42037E57c24382BCB679457fEe57496FA729e7e8,590318
0x4203bE4DBCBa5a82Bdc42E7c25F8473e12533821,590318
0x42067955B3fcFA0e112C5c5BaFce1444020aB117,590318
0x420E35Ba38C902b86a6dE222740D1a6D856eE57d,590318
0x420dF6eb95e540fe5616FfBC75F07f10e8ed1873,590318
0x420e0cfbd90444AE9E2e00817C5e3f50916E4F0c,590318
0x421389F3d230F9B17192973e80088283072acdc9,590318
0x4226CF31069cC01191a171fa2c9a47A6F0e608F8,590318
0x4227a497668c9780C3BB122b0f56eD23c5bAA8eb,590318
0x422c0348aF9e58Ce790fdCe6BA9014f46cf533a1,590318
0x4230b92C755e0Ea652Ec57B6DE319F0862c2877c,590318
0x42323E987ED22aE00405A3d8b3Ba1Cc0EC0fA8e6,590318
0x4233c52E283143Eee66E83925847B05D1f34E39D,590318
0x42351635D3E18bebbEd4d119DA64607D765aE877,590318
0x4236fEE38228E2015C0f5ec8Ec7Fa16964EA10A0,590318
0x423E83139f9AA149ba812aeC2B0Ad3c885366485,590318
0x42437d07498e5C43b3E3AEB28fDCcc7497d66B6a,590318
0x424419d5D4D2C3af894BdB141889d0aD34724dc8,590318
0x424D7eEfBb6Cd8B118F7285fdFbF9a133bd80E44,590318
0x424Ffe585300C61f7a92AFbA971315d0B15C529B,590318
0x424a2b8D7DF17b67200aD3d03b0D4A4948bFb1b2,590318
0x4255355DE386657783FCc10e23ba92fE67991E12,590318
0x425BbF9E02AEF9af83530b85359BbDCd8A97c421,590318
0x425E3076f62C405d493B4583D8b9074d633E33E5,590318
0x425a1ea7A93D8Fba6073b259A5e2B6fF2807e98A,590318
0x42626409C93D8aB1C7bD69f2b5aa9f8d07fFED72,590318
0x427070e33d630B0476BedBA5d53Db224913eB946,590318
0x4271D22292aA37e13cD0C68b8210A7A6AF194407,590318
0x42742954F391a2FdAc26340f32eC18b1BD019C68,590318
0x4276BF06Aebd8A1F3D89a1fd5BF84bFa1B7D03Ce,590318
0x428B0714aEcc9c5E9C09d47e54Bb04910486F22f,590318
0x4290400bdacab26918d75402c4bc310357373ab0,2666666
0x42918766472728FbC91d253bcf80636E7Eb5Ca78,590318
0x4294440898c1bE6efEEB9cc40d62A17ACD3D385b,590318
0x42982613a745bcbdB2b9d04c5E03705a815044FA,590318
0x4298e663517593284Ad4FE199b21815BD48a9969,590318
0x4299885E97668415CD67484d4a2c5214480Ff76d,590318
0x429BE17eF01044190bDE762DcC11F8B9edBE5bB3,590318
0x429E022B64530953DE4b4B6ca7531D7b167Db4f0,590318
0x429F9aDA43e9F345CbB85EC88681BB70Df808892,590318
0x429bE01b6c7410A30F8666Ab9033D71FA89bBdc7,590318
0x429d28BDd2F93d83D379CC6eA6Df65db92fA6CF1,590318
0x429f13e4ec5E57c9AE2388c5020E372F73fe168A,590318
0x42AA588695825B20F6E337A093454421005eAefa,590318
0x42Ac77FC589AA4EAf45A019876e04FB55dF470E0,590318
0x42C3d11b527DB88CFA020b97b2de2d5e4B19b32d,590318
0x42C82f62701dAe60C4E6D5C8EfC26d549762a6a4,590318
0x42C93E84C810db00C84f91A4Bd94A70Ab2d9dAAD,590318
0x42D638f3a6d45cCF4fe3b2EcF947903261a5acb7,590318
0x42D98fee300818FaA8228DC5c8168E24549F0060,590318
0x42E07f79111DB7fE71cB1a237f858c295FFBE9FA,590318
0x42E6DD8D517abB3E4f6611Ca53a8D1243C183fB0,590318
0x42EA8fd0E92943b99ce64d2051aF52E4cBD01971,590318
0x42EC143F0EEd78d6d3f2A89a7D85E000B9724f52,590318
0x42F21354603C7f4065C40C80c88fA8d0Db4d4EA9,590318
0x42Fe01A213a6588d7958e3BfdA09A08b58cbbbd2,590318
0x42a63047a1cD8449e3E70aDEB7363C4Ca01DB528,590318
0x42abC3428315C6ec08a336ffb5A9e7b881F56247,590318
0x42adA0062FC76E56fC33709a2B03f9BddB55975F,590318
0x42ae57f2978244d649d0050f8bed395bdc2f547d,2666666
0x42b7e8a2eA9f7186Cd85c68a797df9D2Dc0E88D6,590318
0x42bc2d48280e995393bd3880140fe821db9388e2,2666666
0x42c5485b06f94eAaC82f9e5285D63Fe26E64be91,590318
0x42c5c51EE3784BA9e5A23eC63A685984c871273d,590318
0x42cBc3e8A1D73007bE234471a7734eA101aE9c4f,590318
0x42dAA3bA590f9bB0A5A63B0Ed595e111df47E40a,590318
0x42e5a4ab3731fb1d5106e3d5c532c94617eeeadd,2666666
0x42e73BEA5ccc922176322DF5dA66d577767483D7,590318
0x42eB8ce6728a76bE60C1D0d75a0F18cBB45eDB5c,590318
0x42eC4F1C4C0e2f273DDbe1D97a909f4e6e9247fE,590318
0x42f9134E9d3Bf7eEE1f8A5Ac2a4328B059E7468c,590318
0x42ff0190817221B7b91B9D0b91d7268d23B66c1D,590318
0x430442E973eE978e0F1716A79DA32e3a11Cb426c,590318
0x4309d5627c04bF2502c82c5Ce28775ba3090fb42,590318
0x430d00d7b63715fF5f19c825B750Aa20CE627C8b,590318
0x43104600b4c0ef17E7661faF397BF47453948fBE,590318
0x431220a268f73D326aF3625Db00c3Ed57601Db55,590318
0x431220a268f73d326af3625db00c3ed57601db55,2666666
0x431227344E21a71DEE8594Be6d3F31E83F9B3864,590318
0x4315ef96BB9774B82b541817672DA4969c7219E3,590318
0x4316769Ec921224472e1A2791332D2f279EA6C1F,590318
0x431C44Cc066Ec724AAa128b2DE1288CDc455bD4D,590318
0x431e81E5dfB5A24541b5Ff8762bDEF3f32F96354,590318
0x431eef12ee18ba169f7985a12c885cad006317f9,2666666
0x432220bb73326f1775941C2Ee0036b8127a521Ca,590318
0x4322AA46ffEd67809862Da613725728e2fb8eAe3,590318
0x4325b79B2A2C6739a76548315d6Bd56A03f8B047,590318
0x43272af962dbdb35e8d9a8bc4f7641ad1ddf78b6,2666666
0x43289B8A548aE322929B13abFb8AC0DE578f879E,590318
0x4328b6537112Fc8CC216251712D6B0d7f191BEe9,590318
0x432A015A4AB403Cfa6aB6826b13e0B4BDa7D3aA2,590318
0x432D7EC782Fc65418002cB97B25673703f955bb9,590318
0x432DcBdA06e8B296CA29705572D7cb6315Ed8Bed,590318
0x432FCd67815D5cC72808A7815a02373FDEE7d740,590318
0x43322922515B292B6f566BC76F4D9FaFa46EDAA8,590318
0x43342DD31063E3567d54051681A0ceFB18921656,590318
0x4334fF1dD9fa46667b718A6f8A489c3D0079b44b,590318
0x43362e21a381f074f83db128ca9136b3feed551e,23036649
0x433EA2df6D7c567B1Dd55e3FB99512222Cb23d95,590318
0x433e646a7531c419c868916a71ff80143cf9f1f1,23036649
0x43506f19a77c6d1cfa227d38ec604a784d60d0eb,2666666
0x435EC731d69B6871EAf5d839a2Ad2E7d90C38b2B,590318
0x435b7D470767Cb121F37dD296B2AC7913fDF5427,590318
0x436265646e072BF291899C892fca0d9e82c3B665,590318
0x436265646e072bf291899c892fca0d9e82c3b665,25703315
0x43634222B4202014E1F47D8eDdD5c99B79Fe4E9A,590318
0x4365bBCbC6ec28E992269cCD1A5FB46bFc7Bd2fC,590318
0x4365daB1348d97c971Ec7E126F52333DA1665492,590318
0x43686821eacd36d5f9ab41d3c21c0a65b16c7a7f,8000000
0x436DFFb25154bf79c43B57777BE3A51FC89b09D4,590318
0x436eF8CA807C99fc32E48eE3abf0307aB4381705,590318
0x43707d3C27DBD3B290915baBb40DA0617855833b,590318
0x4376a19939efd3f146d6c3f802bfef723d4c31ee,31036649
0x437cbd7203c0dd1898b20b13eb028b7449ef1eb7,23036649
0x437f7d110527503d26e81c07546602414a1c1d76,23036649
0x438364532B3b8F5CAA556e8354472450d6244D1E,590318
0x438701312948b27d92faBF404e647Cf380fabF71,590318
0x438BCdcCCb0bA745315fBe8Bed408E1C2888Df35,590318
0x438b234cb51f993d6962F19BEfe875aeA2014644,590318
0x438bbff80252C9C959797d0180a5c868e1a86c91,590318
0x439255F3096fB3C81A111101344F3F3275Daca75,590318
0x43927c55c69E5F41a88cBC9b0d07695E626726FB,590318
0x4398330CdEe4996f25d575f4F134A7AA3cAD9eE3,590318
0x439945b21b40b1cA89c135892fa1E3896Ff39Ff0,590318
0x439fBA0197B05A17b62389B15774c83EfD272D18,590318
0x43A711ddd7EfBEE79C70fF0e1264C3Fe7818C2D3,590318
0x43AB8a57DfD687dbA947452C7968711a92b5717d,590318
0x43Ac660360973439CD0F17DbFC11E5974aad27F5,590318
0x43B512DAd7E9d4141d3f4b96f381220e42d174B7,590318
0x43B9F935c798522aaaCB2bFEa2F407cE5A291e9D,590318
0x43C0CEB490150328dcCF9D6F17404592d0A247ED,590318
0x43C146f15F353A7204eAAA61B7128bbc38A74405,590318
0x43C76b04eD218a881346d8b2b65e5d29F87e9853,590318
0x43D891C1b4118B709f3d63E9fC47daAA92E1112E,590318
0x43Ec4C1E134F27cdFfDDe342c706433815585bd4,590318
0x43F23B601Bae4f98b535665FEC67508807426C85,590318
0x43Fff20076F4d15CEE0ACAc4714483874fce8C16,590318
0x43a5d490b6f4ace66fDbBA6659F42f91B3aB2311,590318
0x43a959348434D24E67a4fCa6Dada2F2dEea30427,590318
0x43a963A3766952858d3329611056c036F2BACE60,590318
0x43c4Ad9965E434b678Eb13DB18038c6618b28BBd,590318
0x43c63ea7775A4F7Ee93FCDd096F4FF92A9Fe4054,590318
0x43c9B142c286A8e6FCc83589FC8A6F64050b597A,590318
0x43d939b61C6AE63889e8d2b39A5193A2A6E5Ce20,590318
0x43e00720bCbE904f70194300B58C46a3613bEF4C,590318
0x43e02b8fad253f2372bb13f32b9c38f5f4ee1c34,2666666
0x43e292fF1bEBEcBd94B82704A75F09bB705B69b2,590318
0x43e61Bd20737B71E003021524020d9C3D03C90ae,590318
0x43eaE72CcE4C1f97f55725f09068d1Aa1E99A2A8,590318
0x43f4f58b1363b4082c03febff5192031a89cd61d,23036649
0x440255c51109DF3E549CA343A2B4A06F9059Ffc5,590318
0x4403e0392387aB1454591CA26586441139696CA7,590318
0x44040a071bCbf940AF1CaDf557307D4eE04b4f04,590318
0x440732d244322D438E49C0893B53B6Eab67Cc559,590318
0x44092Cc102DbFcf538b768Ab1f028CA3B1e12C50,590318
0x440Db9410Ef21b781DeDf6365832BD11b5037595,590318
0x440F6E1469d8685c64b3445Fa220cD683Ff24bB0,590318
0x440b4a49248F25a9cF514aD8c1557CbF504ED5C4,590318
0x440f85ce11bbb56F8dac766100D9D239b19FC064,590318
0x44169e2De3edCC44458c2740783127FC8AFf40Ba,590318
0x4416D7824318Af4cC8C75871d704385287Fb0556,590318
0x44172288351D9c31F43533f1512D0aa130FD1612,590318
0x44194378d6CcB293beDC89d467Bfdf2d40Eb9B7E,590318
0x441c8cbE1aa06BEeA4c84cfFf5e12753f37822fb,590318
0x44254DA1c5F9f9488be9b764f91E367B8855DC1d,590318
0x4428699606390d0589fba74d5718e6516eed6cc0,23036649
0x4428c6cBe4CE5F5958f53f4C9bc3985A16513F73,590318
0x4434C2F90c10f4f7fBE5d4Ada5Ef2Dbb4819331b,590318
0x44352EDf027E4130a4F67aFe36b5D7a3113e9f9a,590318
0x443C4d616A74aAD37b0E62dc31f97C40DB41c028,590318
0x443F1Ec345476C88eFeBc97DD1Fc43A60fBc3a72,590318
0x443c7E81d35C2EdC5f9B3E4f069e14a55824E2C6,590318
0x443eF77A49668A240c27e40EBDe6C33f120847A2,590318
0x443fB8B6e07f460E8A5685812e8EB133624C99E4,590318
0x44443Cf6e3551109746b42150336C513e6E08E9B,590318
0x4446e30B074CEaEBf69f88Ca10F169c5E11676b6,590318
0x444fBF93192ae44640978b1199Ca981905Fd35De,590318
0x445103d79D6E5eb1e427E41368FEEc6A4c67718e,590318
0x4452F6668F3646540513307e9167b5C778aa8Ae4,590318
0x4452b58D2FDB19dc757085ef6200a5fF549FBdA9,590318
0x445877b8b62eebb5a14eb6534f88e0ce3468af79,2666666
0x445F45f3D5075CB909faE0D526327a94DC885859,590318
0x445d0656ACA48e0Ae43B148b69e7927eeC7F5E8c,590318
0x4461196a597f54BC193fec2C2437FBEb84E26dD1,590318
0x44628fE6882B1f2cE201Bdc4206a983204507994,590318
0x446848ebbEaFfCD2F680EA0AD5E6F9B9544c4B3B,590318
0x4471EC8B0112C94BFb2916b26532A0E42a83241B,590318
0x44737F964C725D682CA5C533ac1cAF1f94e2A5Ea,590318
0x447D7F4b8f2eBae06355081027Da7Bb51eA48752,590318
0x4484DE923ce9db557188757632C3966715c528af,590318
0x44871b6b68B9f9060210d1fA5aD8a20A8e6019Da,590318
0x448c7D3b5e082051f97E98451147Aea5Bec97455,590318
0x44976eFEb2de42869F70Cd99522670870fb55379,590318
0x449A08751014CB8ae2F4176225FDAeC2b6c25F52,590318
0x44A0453C30Db2c8a90C72D532618ff7A56735C3e,590318
0x44A1BA1286e7dD623aA5d930437ae117A31332C5,590318
0x44A8d1f9a16Ce315F6eE224887B0Ac79a60Fc770,590318
0x44AF1dEcb969e587B16aa82b26dAD8fC78658e9E,590318
0x44BD13bC454fE598db42BbFBB9e43378Df8852C7,590318
0x44C0a34656Fd4EBb725db9d3fFe75EdDEDF69E64,590318
0x44C2a94a60f50f879f9388150c70f463092911fA,590318
0x44C8Bd4717F3B9cc75cA9e9206Ef2F24048C4b15,590318
0x44CD38994fBF89db3F7fa9465CA4aAA78101F11B,590318
0x44CF30E679581dF6B202aaA77961b7859BCfAF7c,590318
0x44D1427ED058d74b3663A17a27617C04E95BBFDc,590318
0x44D1E6d17a97EA27C962f4dF34A5a3f3FCEce213,590318
0x44Df14477E3bc96F3d9eB2Bb970d7d1e65a55DE3,590318
0x44EA6F4805b92b14951C109fed1EF55D6Fa6d084,590318
0x44F505dAca14a802248d6b5D577689461DEd987c,590318
0x44Fd2eb9b3D009E15170b5dd35c432b4F694023A,590318
0x44a40187b36d2797Cf4b5eE9Fb98c581ABfD65d7,590318
0x44a587Be763ed428a54C89D7f897711E54207222,590318
0x44a5998F087E05E73bCA891D585232a8D9465F7E,590318
0x44aF634e353C9e887e1D37603451b4849d352798,590318
0x44aa9f1c5d23971210ee16e96ffd95a06c295987,31036649
0x44b1b486Ce8d9C82f605626347a7B1F74ADD11DE,590318
0x44b58fde75b083ae545e4b3416fd75654abe3baa,8000000
0x44b96982ae2a486bd77d9113f95703a7626e23cf,2666666
0x44c2A80F8b924858DB469A5b35128908E55C531F,590318
0x44c4C34D1854ef928ef7a4C0D9F4EeFeC5518451,590318
0x44c929A028f74ffdA0225207164a51a6d49a37Ff,590318
0x44cAE8c0510e9602B14Bfa843e3d641a389732d5,590318
0x44d64c5fE56aAf24a1fa2425a86774F5dE1b310e,590318
0x44d6f077946C7105271d9Fb26b6dCFb203E398dB,590318
0x44e2fA6ba1C74A5BB28a13Fc6e7E6d0c549367Ee,590318
0x44eA6a1622Df24c2e66c5A89DC908cBE08d58AdB,590318
0x44ecd66cb500ae9b31f8998ceaef332b3f5759f2,8000000
0x44f282832496Bf95192aE687e461a9607B7bd326,590318
0x44feaA15C70Cc72b3829480033e9F19FDD3E8D1A,590318
0x4500998B58EC4Fa2bdD9c0B7Cc6971702307c1bf,590318
0x4503851470dabb639a2b3Fed08963A5474adb6D0,590318
0x450E6c8D65F096E39b98A3b6CF7D7412a943D74e,590318
0x450EE356Ad372Cc77D3fC329A472326633232B30,590318
0x450f3815e78842791a9bceb2D588B86CfE790E99,590318
0x450f9660bfdbc8f759a70dd36416ba324fa8d9cb,2666666
0x4510dbFB9D45aC5017B2a2E279A5f6943C80CD95,590318
0x4515957DAF1c5a1Cd2E24D000E909A0Ff6bE1975,590318
0x4516614E773928494E9B64FC6cb0eef74D71B5a1,590318
0x4516AF0e97Bb3Ec9DEF1a656ef2435075eF0E698,590318
0x451E29E4958BF698826aD026A6940Dd33A21c1f8,590318
0x452025359d8469008c092f361e530FC663AcBe92,590318
0x4522b644fCD50cBB71Bc8682d67A0E7c2031ABd1,590318
0x45284aaD96829Ccd756eAEc3d1A54e316ebe2bb5,590318
0x45297660cE6ed8B12Cefa87971C2b9aA466Afeb6,590318
0x4529de57508aa94b0545c04ca040b05f357eb536,2666666
0x452B82a918e0456880a4d3f2Da1242F7248aa48b,590318
0x452E9ADCb426634a7953F6ffe569322fcb08FBBA,590318
0x452fa45aee12BCb270a9479B2cd2cc577C47A5C8,590318
0x4531b9088E12fd65B7c58338A37CCF2F0F2290BC,590318
0x45322D640e06229456273F11642A079C46940a57,590318
0x4539F7E25D1397c53dD131aFdD19FA8Fd3717fb9,590318
0x4539f53dB3f9c392c1EB1Aa8c248a0165c7F495B,590318
0x453DC888906cB8Bc83ba5549eBA9067D7139EC29,590318
0x453aEBd4Cd85aa2ce887A4f380691160454ec810,590318
0x4541d24144b50b99aEf7FC5158782B4A6411A00e,590318
0x45436630ee7b120dEc4D14EdBaEb24FeB15D9032,590318
0x454A31b41113c675548b86aad9037E4288B709c8,590318
0x454B0b8378657940440A36E1C5E4CEe397709606,590318
0x454a1ce5bccc0afa20aee638485049ae2a45203a,2666666
0x455136119fBB4aAe164119323e4ECaE5584Bb622,590318
0x4551D4378eCEd331d605a00Bd205f82d5868dDbf,590318
0x4553C8e709Ee1d59b5c170db576A1103328a14e4,590318
0x4555c77ba2f50d9aeff9652c25c6ff910520e7f3,23036649
0x455aBA4D2e96ded059ea78035D3B1225f13c5f77,590318
0x4562c404FFA499db9360f891F33B0E7b8b9A0F65,590318
0x4564d6d107a19d3AB3D734A7BaE61Eb63dC3d30f,590318
0x45665AF49Ec5163aa141b2385dca60023C715B27,590318
0x4567cB01a2C83D4Abe26ED2CaECFdB3fB142b082,590318
0x4568d53C3520d9DEfd8026328f3eae1031cd6A7b,590318
0x456D500B0E60bff8c13f1F7568f35f4c74acabbc,590318
0x456Eb3B48C00B9FE671a6Dd3A27D03FCf1F45aCf,590318
0x456b6Ec6F00F1220B781f2de1B625EB4A1908979,590318
0x456b6ec6f00f1220b781f2de1b625eb4a1908979,23036649
0x456eef750e08218A124c5F2eC38dB95A4b32Bb51,590318
0x456eef750e08218a124c5f2ec38db95a4b32bb51,23036649
0x45801B3e724821e3593cc12d073185a91aa5aE6f,590318
0x4583F9b7a06aB8B5b7B4A7dD27e774356015d406,590318
0x45861b0666a6647467e221360eb5a27c4e30e55f,8000000
0x458689C66Bdd998a9C072AD4d334735871202eda,590318
0x458f46d02C6F54E85Ac8aa37AC4aE5752D18143b,590318
0x45922AC9E6f7d573c4554BD0805CBcC8E6Ba7cbB,590318
0x459376F85e68bffc0c5Ce510620DF0fA5Acb0b64,590318
0x45991e00b4d06cfc2985403ef25656d3fcdf177b,2666666
0x459D9Ec7B93108086c3cCe425B8CEfeF42422f48,590318
0x459a2e6Ed170Df245E0A96191F96772Ec94Aa0Ff,590318
0x459e213D8B5E79d706aB22b945e3aF983d51BC4C,590318
0x45A5b49ea937022cb34933F36591f1E84bb3D221,590318
0x45AB58A2034F03AA446BAF3Bb1d236706f866cBc,590318
0x45AD3086A548158FD7623B19eD2e52F83347bB6D,590318
0x45B27c2FFA7f7dC027b48F5AEb61453E36AE02C2,590318
0x45BafaD54B4491F0F0041614304376C95BfF9082,590318
0x45C8f3AFdC19A4182c3e66Fea71BBf49458eC698,590318
0x45CcFE16bC2AC8CEF704a7236fEf3E5f4222dE15,590318
0x45D691e90376Fe32922822c27d0A4E2dD5e9D9Bd,590318
0x45Db4F1c6F36e5AEb810e2223c8298Fb3cBA3eE6,590318
0x45F037560374A81c1EFA077674406e2Ac5175FA1,590318
0x45F58Baf3A0dAe2D6BECe27F8Acbf02e2C83b29b,590318
0x45FF79e6154B77f2F5b18804967D522E161B8486,590318
0x45Fc1376169Dc0aa41cAf8338f87f9Dc112eF1ab,590318
0x45ab209c38e25eee107d34662468b53189f30349,23036649
0x45b2389a2d66176f6cff89bf4d37a88932007260,23036649
0x45b6fa1704aD2448DDAb3A7c63D4a64f0f420b92,590318
0x45d20904Fc4AD137B6EA8aCd1f19F716EE8840f9,590318
0x45d25bC301E004160345c9045F4cde5718ec74E5,590318
0x45d2860bC59B28d5E8bc3ED0475445468092Fdfe,590318
0x45d2baFe56c85433e0b9f9b50dd124ea3041f223,590318
0x45d46f51c468F81600aa3cbcB9C7608cbf46044F,590318
0x45db9d3457c2Cb05C4BFc7334a33ceE6e19d508F,590318
0x45e6f3ab332e2a8e82ab27126dd248c59e613319,25703315
0x45eEaF526C225DBF11E61938DF4a6655A7c8184E,590318
0x45f9561E08790Cfc1A053Ef853557e48f967fBd0,590318
0x45fA95D4bb1b3c74507a32c785476e739f832D99,590318
0x45fc4d48c427Cb6CAefdD0c87307974924898C14,590318
0x46023Ea3D4a2770FDDAbbb65219D3db19E9cEDa2,590318
0x4603D60a17298880C8eAFcd3D8A50daC4eecEE46,590318
0x4603e5fE0470F573dEc55082617d08A51EBAAF89,590318
0x46040Ab5FD90aA2f28A035A23f731Ba6A73FE3aa,590318
0x4609a344904373DEC2D891E0c34B21a8Bb8358fb,590318
0x460AAe1FaeDEed134EE421f54313Da91f37De423,590318
0x460E20D27F84e39208c690C06AF63333CAB8cA8C,590318
0x4610Dd81ADcADE1194D2a626972e710b96ba9758,590318
0x4610F33a4638199907fc035fc46cb978005A7Eb4,590318
0x46117260F29CD992F500589586cE3a471B35cA79,590318
0x4613E97A9147b39e9DE5892371b29C470d154085,590318
0x461a986c589456D119783fA09779Da68B252B8B8,590318
0x4622195d78dE037370eF098D358994A9E5fF1d4c,590318
0x46267B0D22D9f67ec8E5134ceebe1c0d1c77f9E2,590318
0x462aF030a04be0e613008F94450Cb6386CB27C85,590318
0x462c59b1997eDF9083783DA8bf9f8f9F5cd915be,590318
0x462f13c8c00ffbbe25bd89687546edb4ebb54462,25703315
0x46306DD7483eFa241502D661F5Db8856313DBd30,590318
0x4637541FD7b1449D902D4cAbEDf339BcEB790E77,590318
0x4638a67caFb8c44cF25b34139FB2EE04D4807727,590318
0x463c0864b8D11b39176A86635b92169C2Cd10e2F,590318
0x464302DAe342F76ba9E617FC9F76e25A45c3c2a9,590318
0x464407489c3c3da191c0DEe4507D68E287ca87B9,590318
0x464499A3D0a578448f4F4B6e223A97497cFDB8d6,590318
0x464531265cee52c3ad913bec867cc6270f56d58f,8000000
0x46459033061d58df4742A35f63E9eC6Aff5Acf7d,590318
0x464EA24F71dbB76d6d8cBd31fdA419BfC0358443,590318
0x464d18C13b4420E07eE85d5E6Fddfc3078eE9e23,590318
0x46554cF259d9FE903a04701198D63630979b2e3E,590318
0x4658324e7fb4e1c3d59a4805617f9ef4be73182d,2666666
0x46595E53F80679ad2d58f6EEf2dC257F732b819C,590318
0x466666234903FC241bc09Ec29AFff81c56018F36,590318
0x4666e94300429C6d3340449bC828E4218F360672,590318
0x46680Bcf63526f521649141DcDa9F0900f9f0eF6,590318
0x466D0b362aD77545468ee90C5171AE7DA82B7fB7,590318
0x466b0b773930a01cdfe74c37cfd8e05964dab35c,23036649
0x466e6682d543a9292e9b783444af8f6ee0dd622e,23036649
0x466f811B4bC71d8953F29dCB2aBA967852BB64fB,590318
0x46716167B2D7DE2cCa26e5922a8e99Bbb087f583,590318
0x4671d86AEf0b036F10de901DC9C7856A50e34c15,590318
0x4677B0ACaD6D8DC14a882AA8fcdd9e4103531d2A,590318
0x46792084f2FA64244ec3Ab3e9F992E01dbFB023d,590318
0x467C9198C09Bcc6Bb35Aaf44FF33AF48fB0B9E73,590318
0x467DbF314D4A2443f8158F5f9c3F76Aa1186c239,590318
0x467be37B465ECA811e0205373E95924b508A786a,590318
0x467cEaA420d39d35949F14C2AD8327869c0d2B74,590318
0x46807f82ca73cb1b796b36351f71149718dc0ad1,23036649
0x4682dcf3a2B5863345B0A88cbF51a130A4Fc99ce,590318
0x468755CcE6Ed3d9C8E8473Fe80Ab1f1D3382D96e,590318
0x4689f961cf690BF2AA4886A699A7e3E377Ec0DFd,590318
0x468D5c6f4b19c19226593064D80Ec42C09B72E66,590318
0x46914C794A7e0f5776405EF11c66Ec1b197414d5,590318
0x4698Bf850F4B02c08b3B631925eB03F9eE94fF9F,590318
0x4699B6951d0b0dC88c4Ae39e1ddaBA77a9BA9cad,590318
0x469e278cB67c43635113f2fc8D9B0f750eA9d923,590318
0x46A7Fb88EaA1d6B4f67BFCa6ea48fE00207fe7b5,590318
0x46A92e16AE852aC162928D81Dfd7E87Cb24FD411,590318
0x46A934b97482aAb88bDcEc85abe11954d3388DaE,590318
0x46AFc774071444E33CD469A94846CBcebF027EA7,590318
0x46BC5A6CAb6845d153C28f810DdF7f9e2254011D,590318
0x46BC68019f6ECB50Fff0423eB00Ada4b87C55A32,590318
0x46DB0650645f7c9a29783c89171a62240CCc35cF,590318
0x46E1f50dF42CE2be32544182B9e8BB59C401b6AA,590318
0x46Fbb9fEd349B7C3668fF9334Bf45187d9b3E75D,590318
0x46Ffa959bf3234e27FFf34267A232D7d9b829d12,590318
0x46a49fC321D0C7F2e566B8CC1b0080Be92e3E0f5,590318
0x46a83dC1a264Bff133dB887023d2884167094837,590318
0x46ac793740b4493125dd14ee0034a48b3d831494,2666666
0x46b4320921c198cc9793126a4cf35ec267436550,23036649
0x46b473849F42538e4d72d7351449f58E6DB3Db1b,590318
0x46b6F87DeBD8f7607d00Df47C31D2dC6D9999999,590318
0x46b949187566bb3f5DCdf7A70B2Fe5C5Ad549421,590318
0x46bBA5397b5e66C2f4338be2eB7748391835ff63,590318
0x46bc93e810478528dbcd31f63567d4290a73f4f2,2666666
0x46bd82cC434d5e5b62431B24917bD23706E48192,590318
0x46bd82cc434d5e5b62431b24917bd23706e48192,2666666
0x46c201967A83A7eC0d5e08Ac3B1ed1b601f5303b,590318
0x46c744428BF4f935ac7B35004D9d7d1C201B45d9,590318
0x46c9A4d12683041A1E279367e124CCC09f96A453,590318
0x46caa692fd464e5ba56432248f192e5b9d9d0637,23036649
0x46d6e8f0010d6282130a10b7d653f25ac1fb9691,2666666
0x46d7FFEF389e7eE2c1126C94DF3D8113d2A0F811,590318
0x46d92b1B220a86ea29C836C78042E5F77066624E,590318
0x46d981073802a7C7EdF2254E6666118aD5ce960C,590318
0x46e362c94eE989591f2fDc876e2e25a3479e7F28,590318
0x46e449a3f88D0E35b4520bC36e8DFDA195c896B0,590318
0x46ee0C1ddC1DEf2a1f3194c9570a665BA90C57A8,590318
0x46f19Dd84De1696d3D9018fc1D7234B9B18Aa182,590318
0x46f19dd84de1696d3d9018fc1d7234b9b18aa182,8000000
0x46f71831F063e293b14f32CdC42Fb3A7021c4b4A,590318
0x46fae3c5553ED70dabDEe1aae917faf64250e806,590318
0x46fe58ecdb19d327a399e72c0c4578dac3792b6f,2666666
0x47010ed567Dc9D97fe84269d83D20F3938284Fdc,590318
0x47010ed567dc9d97fe84269d83d20f3938284fdc,8000000
0x4707c301758410c862B325ed312a8d4c54d94129,590318
0x47091300ef7903A3E62B632Ae271D819Bb017c41,590318
0x470D235cA1CafF614AbEE02D98Ac3aa89A6758bD,590318
0x470D80F5fDF06Bc068fa561Cd6aE9832dBb5Ad50,590318
0x470FAF7c48203276eCD3fF1f3C43894f66288574,590318
0x470dd03d7d7263d97d95e4b60213dec6aafb738c,2666666
0x471831D7FD442C4d6882F5e5C0839064d0EAB0ce,590318
0x471B38B9B163D29Ae12B41D07de5Bc9fbDf5b4f4,590318
0x471D4d5efb9c15c4092EFeD761DD4Da0C236f699,590318
0x471F83E136A45a3E46Caa1A258B88e447d5D5F76,590318
0x471ccd726115991cBac31C8f724Dd988Fe05a3aC,590318
0x471ecc8c196b8d0986068bb383277d35cc41f628,2666666
0x4722d6Ac54aD62dBa203fEA6b4b842651EeE9D65,590318
0x4722f6B33004E90bCd5783b39578e55740a42A9B,590318
0x47271fa917303f69a2069fb5f7be7b334481d692,2666666
0x472733DaC97c4B5B939B05146a3E0C334a7EfDa5,590318
0x47274cc4B6519a655033DdaFc9357d662dE876B2,590318
0x472ECD3eB87FcF136BB1526349B845c59614405e,590318
0x472aebAe9f5BF00fE02e18b5b49cc18b568f2687,590318
0x4731223a7B5aC0C425f1f35D0BDF6D340a93a181,590318
0x473668E5F99e0E0bFa66C2C979e9cd26761f2F62,590318
0x473910b38F67c634b5E2Fb211Ce9270e533f0Aed,590318
0x473F13c81Fc12C10c27eC08294a9D2B921827D96,590318
0x473e59D246742a5DE4b2404dd39ee1Ad82E998e0,590318
0x47430CCA070Cb85E777a50dDE4d7911B08429036,590318
0x4748629B341aE21D5009Ae425DFa79e9Fd852282,590318
0x4749ACDEb0E0FA9Aa9Bb1E0769a93Bb43554a6ab,590318
0x4750eb2331186ec4c753e66231050023010e1986,23036649
0x4752c6Aff9c43e3C5684e558BdBE2AEf487876f0,590318
0x4759Ba4A0823AE42e3ae249385dfb49a774101c3,590318
0x475Eaa9b5386F2fD85D821CF72eec45FE7E4c09a,590318
0x475abb73c6FC75A75DF2765301dBD0A8eF955E6f,590318
0x47620a3E20Bd2e53dc4F887cd7112e1C38bae253,590318
0x4764E2D1f34406CBfCBB91759103db97d8327E36,590318
0x4767BF3619Bb493d129C864A023512fa1DCe9dA4,590318
0x476960CA0A3390DCB28b3824a2fC5EACF72c7a59,590318
0x476b26d24F1F10AFEd65059F12AA22870dc043AA,590318
0x477Bd389CCAf06565Ff8B0E7b08150d8EEB7B596,590318
0x477daea1ab1861485aaaa7539b2b12b5c8cee69a,8000000
0x477efc7B456963288C710268dFb7576663ddEC19,590318
0x4789f8ED86858dd6879104781293A98569B46b16,590318
0x478ED197Ed55AfCfB7Fd143057f64fc87C874B72,590318
0x479299dd33B762C82b7C507E6d3459B17A0A4550,590318
0x47930c76790C865217472f2dDB4d14c640ee450a,590318
0x479512724389c8286a6FE6a32CE46665e95607F6,590318
0x4796b64F981159c7a292b2330c7BDa225C99079f,590318
0x47Bbf62C4326EFF3353022e7Dd1d9caA5bc97841,590318
0x47Bece5F13555f54458c3f948298e8e7202de25A,590318
0x47C5A626a66fF348978B96a9e0707757e5B35228,590318
0x47CC04d208784c08513A96A8a608a36a821eF309,590318
0x47CDDFBc26Da2dF3b10F360b32c52A33e309023d,590318
0x47Eb5f04E205FD866193bd16940417cfA58Da05E,590318
0x47a0e35640485a9920995e2bEb0173AC30B93742,590318
0x47a897e6345806585337db80b5ca0479927887f7,2666666
0x47ab1d1C0B285930a986B0BC301b0339E4405A70,590318
0x47b2101f4c69c5B589811B09e7a483c3A142c512,590318
0x47b3c6637d1ed01a4b98646e0920fcd8068430e7,2666666
0x47b5d761D862d2856D38b73423ABb0E22fD7500E,590318
0x47bE8B86E9A05ea276209c2C3b1054d15eAdA86A,590318
0x47c53f616072c17962c3d8e9bdc70a4da5906eec,2666666
0x47c851e3edfa965172ca050889fe0dd0c0edb9e3,8000000
0x47d278101EE9335c3A3BaA14FE184f757229a7B8,590318
0x47d7b263b89dad806b3cefc97b4f01f4e7cee536,23036649
0x47d9ED139Fd5b500F7CdAf8adDe3F734BC050EC7,590318
0x47e990f460d8fB8C997d9E293574363221369dE2,590318
0x47eFA06855B712ea57254B6aA256e8D58e4E87ab,590318
0x47ea84ffc52aae06e30fdf9f44d6f081144f21cd,2666666
0x47eaAC093f5D7F5348365Ee7521A1B0abBa0090b,590318
0x47ec58D5704082527a90362a6293029d7Ed5fc4E,590318
0x47ed8ce8cB38d2Cd2334e7000C5448B1CdF6d21a,590318
0x47f702Bc4f280821c12bBAF9a80Eb748AAC7C06c,590318
0x47fA1E9f51dCc5cfaF96951CfA6d5E9627aEbd89,590318
0x4801435859B12867C9af5283e7d931d25C671F5B,590318
0x4801AF178Dd07390941931C7e6f82B61A4344A0B,590318
0x480741c7740Ae259351585Aa50F7Ea22cD4aC478,590318
0x480931af3242F7D16D1E7d103bB45a9b8d9AB3B3,590318
0x480a83e215ad5ea84c103c8280a4826a4c21564f,31036649
0x480e316D09cfFB8BB4daD75B2827745c272B6b3B,590318
0x4811737EFEFDB539262b0554396eE63903d62300,590318
0x48171B5d7cc16099b9173F690512Aa1fc8CeBb49,590318
0x4819307c34C39aA54a14021eBC2dB9c61527669d,590318
0x4819C90Edf7F46bB7Ac74B1B6ccFF010040CA92C,590318
0x481C0121bE626ed5544249C9fE88Fef7C78e53dD,590318
0x481b1E34fc679b94E78571dE1369D8EBE4bacDBF,590318
0x481bD777C4708F34E508c9B997E3E69CbAcf18b7,590318
0x4820C6495500C871f5ba9b17708b8d49EefA264d,590318
0x4822f8141616df92E681F22999f97896052345CC,590318
0x48292154563e7b5D6C090f5c7ee87288346DB93F,590318
0x4829f3BbD5508707339547EBEffAcE2b4c86d3b5,590318
0x482B0f4dAd512Fe086e121882a81e34c374Acae4,590318
0x483620b979789617619a3bff85dbccf785367ffb,2666666
0x48386cDF12EDDD304b6eF522ED3d4D946EFAbD01,590318
0x4838c996F501514B10dF8A6Aa64dd0A53874a13D,590318
0x48398C713A4511bB2C7639825a3A6FFEaf2810Be,590318
0x483C2e7EF455717Ba68B76F9b1E1a9b61C2e7852,590318
0x4840F4061bF1fD8cB008669d18CD4C2eAC1f7196,590318
0x4843752dc23f6c28437979770cA710d0e13426e6,590318
0x48444c33109459Ab2922ef8e2D47eE600AD828D2,590318
0x484459f87B6A42569BC17cA0c2A1Ec9FC8D6F023,590318
0x4844A557dBC5d90f7FDba2E403a93F0b9873274C,590318
0x48455539C9270d69bcd7Cb92B0C0C12781a4ae36,590318
0x484c0c8F94BE16b1356CBFAAFA61faA5fDE77089,590318
0x4850D609D34389F5E3d8A61c41091f2f3de595C3,590318
0x4850E5595C8647AD522d03d3F924cd7Ce5DB9d69,590318
0x4853F81413eEFf3c53BaEf6e9EfE7383AC6A24Fd,590318
0x4855E712984514F64051018b10Ba247F7c3E177F,590318
0x485615381BB7922F56A0971AeD9F70c3C5225Db3,590318
0x48590d7aE781338993D7ef1d6C6F05570726bF5e,590318
0x485c07c5516315881c732c90122Ba4dE3F356180,590318
0x485cC088EA0eCB9212C5Ed74182410f16a00bF04,590318
0x4865A7018c9748f69cDcC76Be1daCD40D1cD685a,590318
0x487c6480C33f32435F99cFa4b1E09C0D4e4165f7,590318
0x4880e116D52Af248f670a73bC4b116dc703723b5,590318
0x488B9297af76aBB2Bb028FCC3794752154966654,590318
0x4892F23ee6D6AAd0934afA68D4bc00308C37D97a,590318
0x489a0f8Be88D6025C88Ce431636E7DF60518dF68,590318
0x489bc7d53e8aa94eb1c84fc301500f12d427303e,2666666
0x48A5921B09023aC230cff0719E91129dcC41551e,590318
0x48B4b0fF9e9a4B2AbD90084083a1Fc53089bf296,590318
0x48B4c37A6DEe7833ddEDd2162d405698cEf134A1,590318
0x48C6cf32e5a486dC474C37E884B40ECcAB87327A,590318
0x48CF08865B76Bfc95245a60888b750594f93CF50,590318
0x48D6445Bb702dB304ee7cEC7E407c2547a1d52d9,590318
0x48DaB9113eA25042C8FB92B7942b4c8F9A0D5770,590318
0x48E092280EE69a3870dC5c02a88E13443019c36d,590318
0x48E0D2C4BE37C9D4e971597FBaB155B6db4736Af,590318
0x48E1Fd3e7c9ca2DDA759B0a7f33AcE910d3F5a0f,590318
0x48E2A511E5956e5b3f321C43D8dDec68Ef9aE94e,590318
0x48E845D8Aca34B29A57a35F239b6fDD2A7Ab18Ee,590318
0x48Ec0004494081E8332589faF0747d568Da79faF,590318
0x48FA1274f703dC1179Cc177f77fc5115894d38e8,590318
0x48FA5cA3F805bCac213E0B82F7D1a684F27C39D3,590318
0x48a526b3A8F05C2459641a386F451dC568ccc727,590318
0x48a94133560CA8F74f206B409272bbFbB8d87304,590318
0x48c789Ba099a7D297b42F8A706728AE0606DD8CF,590318
0x48d71A8aC2cDFbaa54D9Fc2ee0F76846Eaf7b89d,590318
0x48dd0817A26016A881ECa275ede3576E88bd567d,590318
0x48e3151c062271673d35140f55049c96e598c2c3,23036649
0x48e9E2F211371bD2462e44Af3d2d1aA610437f82,590318
0x48eF2198F0402bCFC3c2b35F73383F323C4D1606,590318
0x48edCACeD582D99eeC20FCdde829E0a891174b64,590318
0x48f512688f6B2b35162555F642cA69BEE0d157fe,590318
0x48fEB60da1debB283Ea92a14D2fdb10496Bb86a1,590318
0x48fb7623356F670326D2584EDe5aF4577d9aEbB8,590318
0x490539F53dd0344287b8C8FD85D0Ecb8eEF44DD0,590318
0x490589dDe8601981aD8B5215B2c61EF3b3D0C8E4,590318
0x490F70ddAa01f430A4FA2E8d2920b3753C65e0d9,590318
0x490ecB092C05b37834FD5E8EAacFD1037884581e,590318
0x490f165270163e904Cdd677686Acf86Dc06790DD,590318
0x49190cfE4f41D9ab44a9508c6738CAd0eE49174C,590318
0x491B698ACc8F1aa6978547Ec8faADf65F946d05c,590318
0x491DB6F3A3f0555b805a0e62a6c074f3807fcba7,590318
0x492177cde73dA3b4b337074e8f263Ea34653a7Ec,590318
0x49278eB2d542Ba2a7182E9CfEeBb22f8F0d57176,590318
0x492D5c34669b490FE6e13fAF1ea97A79669633CF,590318
0x4932fe1720329de991735cDD1b86C36b7627199E,590318
0x49342b7BFaDA75Dbb8Fe61253781BA8E72E198e5,590318
0x493448bb342b4632319527526254e2ef6472a57d,2666666
0x49379EFAE465C8d420357142477C09386Cc1e764,590318
0x49380A694D57696Ac6f2E5181c8Ef5233b8bFF8F,590318
0x493F662B1bd55582921eCa8306233d54e48E1989,590318
0x4943e71E681BF92A643C13c97982319F0fA1FE98,590318
0x494b30993e033d35367ED6cBe6F3857B28C3d629,590318
0x495200e805165747f8eb49f0aa47c4ae3257887a,8000000
0x4958cDE93218E9bbEaa922cD9F8B3FEEC1342772,590318
0x4959Eda4fD8D957CDa0F87f8BB354546a6DcEC1c,590318
0x495Fe5bb98d9571b2cd5d8dB172636C6cEC6Ba79,590318
0x495cfa748ebf17A1B612a6fEe78D1c3558e73076,590318
0x496A9610D756153e244c22a1e9417708549ef2c7,590318
0x496ba1a98cbb1caddd800002d9037b4fed0bd81d,23036649
0x49767550891553F3d6417Af90DA638a87171cBe8,590318
0x497b1CE65BA750bad466FAF9E6bb447EED4e3881,590318
0x497f8958D662341039BF3FD1A63f7ea37540cC2B,590318
0x497fE20C94D4Ba9247582462d6dcB945B160Fd20,590318
0x498e5937FFBC97dB67E740A025D18dA7659cbB48,590318
0x499882132a4F16905B3CB2E04e2ef0F7AD303E8f,590318
0x499B593e91E0DE82e0416210821B6D1C6dD1E20c,590318
0x499a1b7cd389033Ceb0c7a0fAdF5161ADc068592,590318
0x499db4Fd7685fBE93a732FaA3071ec58D6bb4E64,590318
0x499e194d7a106AC1305ed4f96c6CEaAff650462D,590318
0x49AEF3924a006Cb6eaeAf2c2dc627fE1026f86df,590318
0x49B3735bB4C0E01846996702b167e0E6b64f1ac7,590318
0x49B8e8572E86D90191679bE8314141AbC84668dC,590318
0x49DE4f31D5A776617486515e68677d9a5567d786,590318
0x49E3B59F49d55142f800182565812277C16abEb3,590318
0x49E53Fb3d5bf1532fEBAD88a1979E33A94844d1d,590318
0x49EB98AB0261C08ab0F201Fd8c5C77E13d921a82,590318
0x49F56049290AB5682fBD5C3e613F3dD78a917b63,590318
0x49a7dE1cf203041507ae7284a20159ce51025f7b,590318
0x49aa74898D2dd160515F4461Ca71659e926f930d,590318
0x49b5FfFEd83583562537A1A77ca0419AB0E8F31e,590318
0x49b9e94F9841da5dF27CB44Ede19d963b8FF6E78,590318
0x49bE60398F81D4dc4C1337DC07d4fF3F33aC8478,590318
0x49c203069fabAFBB8E88604AF10B77E0FFd64A35,590318
0x49cFcDA6909A5FDd47CcD0d27c2264e8697863f8,590318
0x49ca963Ef75BCEBa8E4A5F4cEAB5Fd326beF6123,590318
0x49d61F4b6e73b7e54301E6F31DaD21D5f44a7De9,590318
0x49eb578be25160bfa4fad68ced88c2602a261057,8000000
0x49eb81cc817cD5a1E8Df590F43D5A0A0F432251A,590318
0x49ee04886391541EEF484f414839D46524692357,590318
0x49eefD8924F1bbc64E68D70E07aB8Bfcc391d726,590318
0x49f76c91737fd4c0f584f3955b7f714ad7a114a8,2666666
0x49f77013d64a5c3edb35678dc308e4a4a48a92a5,2666666
0x4A059074bB63F80fc49421dd7a468e4666f404af,590318
0x4A09C3E69A0274E3B6e46Baf42198e38d63bc393,590318
0x4A0A87082908377cA8EF3799066D86655a058c15,590318
0x4A391976a086cEd392372Ae29800AC276b2598d8,590318
0x4A3F23974AE67D4F656720463bBd44223d9Cd078,590318
0x4A40Eb870DcF533D4dC097c3d87aaFE9f64490A1,590318
0x4A451E82704e015Fa93b4403c0e4ace4ecc04F2c,590318
0x4A5535E3554A7954570FF080cFd582Bb1986DF32,590318
0x4A5F359F839551D0C43e489C16647f5dc274903C,590318
0x4A5c80d6D119d674bd857DedD144FF3038153444,590318
0x4A6f86249B40CFEdEbe9F4f5bA360c19e5453FE6,590318
0x4A73E076ab1d133A0Bad2E100eC01FeBb46528a0,590318
0x4A79EfCD6DAf51c1c8D082Fc258FEbC27b949409,590318
0x4A866fe4f71FDF5aeFAF7fcCE9F3cC9477319302,590318
0x4A952798f66eE820A46a5E88556fB92cC720d655,590318
0x4A96036FB1529561fA3eeEB2781Fad2D4F25500e,590318
0x4A9a40b2c44B7D32EcF4E0cC66f5304518eC0A59,590318
0x4AAdbe45636170735F11093E269a79F372B22E95,590318
0x4ACd63bDCe72E7F269F5B29a6e03eE2D222A9fc6,590318
0x4ACdA390685AE677727c86a1Ecc8CE33007007Be,590318
0x4ADEebe151678DC340908536F15a1e571ab4fb70,590318
0x4ADa00A93970Ee516BE7EaEb126b8454cfF2B96E,590318
0x4AE18cC98092D3103CB6F3D81D0D563A31Db2bB9,590318
0x4Aae33447FDe5B13f112C9A0Ab69C80B0696d84e,590318
0x4Ab7e867028f322f98731F7B55B5d37e12406E71,590318
0x4AdcEc2448C2B07E60bf217EB659ac348cF900B6,590318
0x4Af3D441c343d81d07c8A8192C476B3151add64F,590318
0x4Af5795AAC136012ED9638887C13f90110380a27,590318
0x4B016dBb173555a20bC5990EeE4E42d4A25A5750,590318
0x4B03E181C81f492162515A23587E427cbA713b49,590318
0x4B044F16a64DaA79b1F47dbFA6E35521b5b2C81F,590318
0x4B0BE4aFe8f3eEfa404aD212444C0C20d6A95CC5,590318
0x4B1C0947E6bec92968f54045b434f4b8859d54f2,590318
0x4B1E3601484546d856fa07765524d97F21C46bfe,590318
0x4B41775Ab35e75982fb1A3027D7fBA786B47cF15,590318
0x4B43C05d53e77aB6E279F7a7daAe42fB8c8a8D4E,590318
0x4B4b354EFd028838F132029aB0D34890389d4406,590318
0x4B594024A402E82fd8B3145Ff1cABd63BC2Fe18F,590318
0x4B66f4048a0A90Fd5fF44Abbe5d68332656b78b8,590318
0x4B776b2E8db074d4a57A199419b113A9C909d04f,590318
0x4B791Cb12aaa722e5760B177Ab68Dfc810B51849,590318
0x4B7C54609338298623A37fd545e634c473137Bee,590318
0x4B81D61A7c522bf6Cd6d3573353F21aAE28e0cC8,590318
0x4B87F1E5090c7B9e816cc26E35F605e1ef76d2E7,590318
0x4B9f543f87afAC2ebC07A9D94377Aa8577436692,590318
0x4BA0B6c3106bFE1596F29486dB8536f1Fd7b081e,590318
0x4BB66194c2bD9eB64b9999C1365ee5761CD65E1c,590318
0x4BB93Ed196C1B8a4dd91672B7c1e70731504741f,590318
0x4BCf03B5d058a882D5A442594e52523ac9A6Eaf1,590318
0x4BDba1e5af2D59623e40D60EFFC0068fF698acf6,590318
0x4Bb12cC382E36B4b6faF7BDcA7708969Aed258eF,590318
0x4BbF95C18dCA8609fa2BFA01aa1f07b77e334b4B,590318
0x4Bc519F0b7b348FaE780Afb2DD4aa76841bA8e9e,590318
0x4Bd080F5B8009a1948fEd83745E6d55513c30940,590318
0x4Bdd2eE5229C65E2d2085AAD3A27Ea81A03ddD0c,590318
0x4C0C5e34847375D0e1B1BC52c56fFC5C1e540164,590318
0x4C0dCa2dfda3708a35b94Dc113BddF0921Da9823,590318
0x4C0e40B4962137E631FF8422603961D9AB063BcA,590318
0x4C13c2E90951d3e8d3fE1C0aC4cC0597b9172383,590318
0x4C15034d18a7DF55B8c67EC175c867D35B6aCc41,590318
0x4C19CAcCabD3eEa0E428190826F02d5b600Fc823,590318
0x4C2bD75D6CB51b4e4fFA67598c6FC7c1860d19D5,590318
0x4C2de0c63b7e6d530df7E6221201E29858cAe7de,590318
0x4C3Ad689919A1304428DBB39b6c710A88C5f52ee,590318
0x4C3C7BBA317D83317bcc861714b74DCcefAC0d15,590318
0x4C45b90ac85cE4eb15DA27fA4e8fFAF805c58A10,590318
0x4C494eeBe2a2CA3645634Dd3E29666D77BDDCcC7,590318
0x4C4F365F6A1F8ccE0f2E649cc6D7641D3353B119,590318
0x4C4adCFC7BB138496A38D7aA1cBD44d9E1e2E747,590318
0x4C567436612c90E37E02A1c05B72c834888Ba6C7,590318
0x4C584c158eBAAA9FdFa62a893ee09C155C153857,590318
0x4C59718324B5dd03B29f3aE91015046A4278b257,590318
0x4C6f6408af13150513A44e93f2adfFD374c9E8B5,590318
0x4C77cA7fF8e548806fDc88e4dFA8Ea1e493A450a,590318
0x4C80Da43966970734c93290B88732dD4E45C3D14,590318
0x4C855204c4EeD411a03D20acE673d08837A8F5ee,590318
0x4C8fbdA8dbBD9821E4FCec1C81c864bcbBBEDbbc,590318
0x4C98f87C7378AeD1a220B43C1Bc9eeA241F3A793,590318
0x4CA9c0568A78496adBc4dFBC0983d08F0fCdFcb2,590318
0x4CAa74caB82C31c700e7c2827e81aA7a81990AA2,590318
0x4CAe5BED586f6E73Ae54EbD40A4AC4eD2c477C34,590318
0x4CB534C9E9aF090d3c5BBd2a712b58f86a9a9fAb,590318
0x4CE004C59726117e93A26FF679b5dB137096285f,590318
0x4CE8d1c7Ba5d036D0c07a2Fde6577a3D86654637,590318
0x4CE90833516F1ddCE027F4220B57A44fa91f9699,590318
0x4CEaa0A16d0831d7d46cb72006F959a87f618A47,590318
0x4CFf046f3A194c4a8B1962E7BB3e1Faa9bb36Ef9,590318
0x4Ca9814BaAB711CBD487bFe65e53B3663D4a878c,590318
0x4Cb6d5E8e7DbB6191F50e94D89638AA8d37372Ba,590318
0x4Cc6B472819fa56FD62c478DdD2F47026073ddcA,590318
0x4Ce245f3FF46473231c5A54b8168429f113eA44D,590318
0x4Cf1C32Dd04f4DC84DF4dECabB03CcCA8f54e8FB,590318
0x4Cfa32afCfA86a1aE0Eec6C7e5BC78FC99D5e877,590318
0x4D014b4BEe7a407aD16046C4a83Be0aEa602B539,590318
0x4D0E2A4454dF9c4C4f7b83Dc1e0C76e08eB0E457,590318
0x4D0e439ba905EB39aee88097433aDd619cf5257b,590318
0x4D105871e503C2D2e2E27878d2DD503014a95772,590318
0x4D12220cde781c79fdE6c532CAe280F183aaB442,590318
0x4D1FD46F87449Ffe235e3fce21DF8A9bF8BD9206,590318
0x4D20a0799aCB4B09AbD97C4d33A103AD1aFC731c,590318
0x4D215D965aB78D7d33c4818f28f11DFDfD0F0435,590318
0x4D258Bd32C95f76ff52e9EcF8b43ab61655aAdee,590318
0x4D333f4a17b1Fdf9d0b87E263b3AA5aa004677b9,590318
0x4D33D84F667f22644b09f501f09CcBD3e876c68e,590318
0x4D42D8525Bf801D6a33Db101844FfF3C76d2C0Fd,590318
0x4D436CeEf367fd46277ef86BCd9ac7983bc998Be,590318
0x4D49ab0589398b77a20eAe4DAea07A255768dB1e,590318
0x4D4A1854A32F802B4BbF869E506789A3C8822e7d,590318
0x4D5B1947dFD2934B042e4a32674b620Be72c783e,590318
0x4D647007352F92Ba8D68B1a9DF2eB610E3065F1C,590318
0x4D6C33d502F256D7750B98f5c6039cFDeE352f0f,590318
0x4D712A01b1Ee3f7F26F08032785189e68f992B19,590318
0x4D7F8024325b961C0965e6f8c858ff9C4c383286,590318
0x4D817FdcCCB624256ECBb41a76663380CfF69Af5,590318
0x4D85efB860AA3fD680DA554F0273C2dd1A49411A,590318
0x4DAF1f3e75D724ee09871A8464DC67e294997c53,590318
0x4DB91c3732faC5D6e39FfeC3D9896Df3fdB7Cfd0,590318
0x4DBdFed0b71ab048408334774F3259CE729D030c,590318
0x4DC82af2c35B2F0Fb030364BfF9001E574c94945,590318
0x4DD1EE458ce7060fc41a1b9E97B4961E2Ea239ec,590318
0x4DD9159f98ef461EA3560d01784Fd52dca3a35B8,590318
0x4Da458A9C1e4bac77FE3A9F2b8eF339b8A0F8982,590318
0x4Da46d533856CE7449194F1D3c22293f08DB9a4A,590318
0x4Db5c56c9863d41f53D991fb2E5F638418C92E5b,590318
0x4Dc79F18a5d952043CD7973429e19a00C382d1E3,590318
0x4Ddb3056cFA2ffAc2390b992009408c55F79E952,590318
0x4Dfeb30021a5bb94aFE33a149050A264FAbf4C58,590318
0x4E03Ef4aa04f7b9BE11488Bbbb0CF7643C95c22d,590318
0x4E04C133DBA4789237E5c00169Bf91acb3671327,590318
0x4E084E5F22Dc2A954f2D05e15Ab3175C36577684,590318
0x4E1F1A21C4f119505B54a77decDC9bDFC3f71b36,590318
0x4E1F61E6ef1addC380de4002E6e0a648ec767dED,590318
0x4E21768CEEAc8C6318f6fd99c2Bd1806867dBFbE,590318
0x4E2ADeE29247b41e2f2A4959Cc12D6FA6fF296bA,590318
0x4E365582Ed55075d13E1FcA750763279eD6FE60e,590318
0x4E370b7e806C8088A2F70eaC723117cF12888888,590318
0x4E3F9fe856CF1d909cA2521B18EC5AE310D514a7,590318
0x4E470A6B51174d938F58475B3Bf718C42E564a07,590318
0x4E566dBAe3a1F7cDD48fa10283Ba8F1aF70Ef4d8,590318
0x4E5d25C12BCFe3D75B8EE5e717A896Fa5B4d6447,590318
0x4E6399A2eF15817841DDC0ab2Cb6801fea5B77fE,590318
0x4E6732E95528019e9624699F0B220047D1Ea7358,590318
0x4E731c5f499FD6832C9550FaE02843679829eE87,590318
0x4E814C17a58449d57Bfae7aAB36A6495dbdeA869,590318
0x4E88a7eF592a49B3e9b7546Cde0e8ED320d3e8A9,590318
0x4E8Ada817B9d0469191f2aB00722e189Cd0cf717,590318
0x4E8eFA766f63906B008a11E3bf4Afa6E96892C5E,590318
0x4E935b522D7A4674a91945Db6898Cd5c313fa72A,590318
0x4E93655d64F09391dE10498FB6585C4FbcD77200,590318
0x4E9ffe3a63B9Cf618D4bd9E9b133e32FEa42B02f,590318
0x4EA47701a7FfCFD4488083a7f98141424C6207DD,590318
0x4EA7BdC0Ab51585e41Da542380e680cE92C12795,590318
0x4EBee6bA2771C19aDf9AF348985bCf06d3270d42,590318
0x4EC7E5c3bFf3a761f339697cbcA51ee4153B06Cf,590318
0x4ECD82114F73C9F2DebAb6F08c9891Fc742aD472,590318
0x4EE79E19c9c398e364d135F01B25DcCC0473047c,590318
0x4EFBc8Ef5cBDa9Bd2F3F25bf5D0F0578E4B95196,590318
0x4Eb0bd2Bb6a880730bC57157412013b360D301b8,590318
0x4Ed90eCFF43fD030F09BE13cBCDD141272BBe3A9,590318
0x4EeBCD8Fe44B9A78B6bd8C8c9179884AE4E47982,590318
0x4EeF39D1c9f3c8928c8c289c3Dd55e579115221e,590318
0x4Ef648ad96DB020111a3A0e7Bce4Ff6e1Af3dA68,590318
0x4F0417b21215959D706b47c9d8f5489b9b054599,590318
0x4F05008A04E8D7Ca6c497cE4CE927f1bFf04ebEc,590318
0x4F0A01BAdAa24F762CeE620883f16C4460c06Be0,590318
0x4F0f44Ac51132198118101EC92727935F8D0f01C,590318
0x4F1340C01Bec3A8C8532639Ad1F3B6389ee6DE6E,590318
0x4F1D9eA9e54B4a2eC15c5861B56013163a8D5bdA,590318
0x4F20CBb1149BE8839A3554189098b67c21BCb587,590318
0x4F20F7cf5c061Ad42BFd339e596D8F6c332c34ec,590318
0x4F2339022F81E6692e2793A54E42966b5c86e011,590318
0x4F2a4ba8AEd3cA80C05c52E0b35f1A238052362a,590318
0x4F30B69B91586E81d32ea1A7A38A3FD65A189F63,590318
0x4F371c8A501F1A8F00Ba93C485A17f464f52D289,590318
0x4F4715CA99C973A55303bc4a5f3e3acBb9fF75DB,590318
0x4F47F9a4E7CCc8066C811cd64396b199ed13F1f1,590318
0x4F4C3a3AB3423866849B986B60Eb53Df2E8602E4,590318
0x4F4C63598EE4da4Fb335879345dF4E41fE498Ba6,590318
0x4F4eBF556CFDc21c3424F85ff6572C77c514Fcae,590318
0x4F8D071F4cC00A07203d7bC064A33B653517dD14,590318
0x4F92f03b4c6Abb60f773358f58F6a1cb80e6Bbc3,590318
0x4F939081f506333358CBBA51CF2A823e6b33E60e,590318
0x4F955468F12059d38C7149E8b87Df0f328c23C9E,590318
0x4F9f7e5cE597899B6249Ee527842c7B7CA760775,590318
0x4FA04F3F1A3d116e825827A910453E07674ec937,590318
0x4FD038FC11c51a003d095Bf581bBE69EC1bB1ea0,590318
0x4FD41d118B592f54217c512826B7Dd529cB91797,590318
0x4FE0a97CcA23A32fFD84d6d3b37375c806978359,590318
0x4FEa44B9ABb65e36A0D5AAB78B56E7aa1a564533,590318
0x4FF006A64D73a9D1f2D285B12425890Bca8Ba476,590318
0x4FF25aE1b4bf1ceE786D5458B43f116D3203D374,590318
0x4FFd22234406aF492F42746B533c8084ffDe803e,590318
0x4Fb3FEE1b6d0012054F5046dFf2507865aEDdE84,590318
0x4Fb5b80cEbA905d2567d299cf912eB755f545DfE,590318
0x4Fc3b50ab3c30D294ab2aB8B06bd178c54157a6E,590318
0x4Fc5EDEBE299f339DC2855781EBF8aC9D08c3664,590318
0x4Fd0fF2C49671D4fE1927371cf833E8b3B7f44eA,590318
0x4Fe56c2713883A96a1F42C2Bf5c596B43F142bbc,590318
0x4Ff05543D3A53Ce52Da701fbA2Af11255f0a066C,590318
0x4Ff204CC5e056037b79a8AB8c7717fFB42095BeC,590318
0x4a016bfE6Dc98A38de8CF5A5Dc61a31529402E99,590318
0x4a053c48f626435ee3977640d22fc082dc6f7c14,23036649
0x4a0D9E1aa64d284cfB211E38AAdB14df96CA6B2A,590318
0x4a113b9d3089C51E60f512550aC58499736533eb,590318
0x4a13F4D97b3Af779A1f2B8D8f0955C5aD6AeA9B5,590318
0x4a13f4d97b3af779a1f2b8d8f0955c5ad6aea9b5,8000000
0x4a1C78fCC97D66151B6F7637Cc8Dcd6648E2E526,590318
0x4a1b6272761F19845A56FB6Fa2326e37a7Af65A9,590318
0x4a207d289fD49E60502451099771127bCF35b961,590318
0x4a29655A29247afb550379695803D197417eccc3,590318
0x4a2D7dA70Ec8deB5dC8018190A1B66Ce5dd84449,590318
0x4a2dfe9e1c4f13a49dbf6e17f2b95be678c6081e,23036649
0x4a411d6636934d91e52a0c912afe833bb73a74fa,23036649
0x4a414cC55BC91E80B9BE951A8f69933db23FF7D4,590318
0x4a42E2D887E88e51B961fE774351A19c868E3e9B,590318
0x4a4A418e9Bf8193B0cBad5C0E7644840f513aeED,590318
0x4a5C6Fe42a799FdfB1920A223f7Af81AE5D314f1,590318
0x4a5a2B99B52Ef1160B4DFdfad1E8d7f6C4E1a08F,590318
0x4a5fe6843eb2db4ba71d82e0e0c6cf5d29fc776d,2666666
0x4a662531ac19Eb5F74C09A9118d5dbC19021a9EF,590318
0x4a6CB72561623271A84490191F2429Ebb611Dd51,590318
0x4a73810cC1A1019480588aAcF787c9D338370b21,590318
0x4a763f52626077fd7ef699579b8456bfa5651c1e,23036649
0x4a79fDF46175B66a149adDac324082020F284ac6,590318
0x4a7C6899cdcB379e284fBFD045462e751DA4C7cE,590318
0x4a95B86a8BD451534117D07672Fa51Fa89B9615B,590318
0x4a96C479d7f2CA1E209574F18c380246E513CC03,590318
0x4a9e6CA1c748fcaF1d34Edc6c5aF8C9e2C6308Ac,590318
0x4aA68f99f973961595A191b6f891a7e234434Bd7,590318
0x4aAcBd83aB0C7C5EaDeC718A37669f6d82999f4d,590318
0x4aBADbe16A0691041122aC4f44d178a1960d8046,590318
0x4aCAeaD5249770F268F18284Ef7e71039DC127Fb,590318
0x4aCc05b4436e66e443286Ad8158e1Db020C8531d,590318
0x4aD0d8f0A100A74547e4B66C008CaE6e91Ef6d8b,590318
0x4aF1D4fD7B3c63927bf9FCf689040b80a66ce83C,590318
0x4aaf3820235dd6f02ad3b586ebfe31987f1d9bb5,2666666
0x4abA108C93dF2600b6D81ca8723f06a97EC49d80,590318
0x4af6689cec8f13126a2d9b58c323dcb74e9cd568,23036649
0x4afBcE335A18e19F7e32A16f3B788854a682f76C,590318
0x4b026adf9995c12fc81e49181e724385b088562e,2666666
0x4b085909935736a9641da4AdA215B00BdB38c9Cd,590318
0x4b0d7d7688c99286c593a1752730708fef1f33bb,2666666
0x4b11072FB1293af2ca43B9B1020955A875A9fe89,590318
0x4b146fC251ac79Da561067d45c9F0C1508A22fe2,590318
0x4b1aEc7C8a309cCA93A1cC1466eB4fAb63c3D4A8,590318
0x4b268E9c8646e482584A54C9E475DeDc7451D2F0,590318
0x4b2b2405f261a5c1c83ada6afb324f9ba35fbb01,23036649
0x4b3F3D01881Dbba48Da50Cd1dFf43735796372Db,590318
0x4b58F249B2B390125158237ec350C54E690AF477,590318
0x4b58dC37418b87719fE5E944329847d632271A28,590318
0x4b6f7753d836a454c4635B408F002C926Ee604Ca,590318
0x4b7099E3992c38c8218aCF408aedceE3243a61Bd,590318
0x4b7293b8f6853552e4f9556e089d0f51f0d3266e,23036649
0x4b780f932313F70173Af6618DbEd2406e5c95907,590318
0x4b7a44b8abfdcb7c1f5769107f3592f70ddaa432,25703315
0x4b7e67E4e69b4f83F9152A13C5950F90349e1A52,590318
0x4b887c3a2e588be349b04ff0dc3c6220493cacf7,23036649
0x4b90EFA536e4aae31E16F257e1Ff087Ae029E407,590318
0x4b931DB83A1334cF0Af4111b6010a0CC5762c0AF,590318
0x4b93d51ee10Fa8a25ef0C22bd607b4186E22aC39,590318
0x4b95b0f9a3917899221d2c9773fed2ffe9742955,23036649
0x4b99138f3CeC0a067785DeD0f0A7d63aCb88dE53,590318
0x4b9cF9153935E17000d896e78F4230ECd3d9D997,590318
0x4bB949c4B9B9102C040B6c2E33187A57d698B0FA,590318
0x4bC2aA0d87153423629a4700468B9ffeb7EcDcf8,590318
0x4bC68C2c4155415dB38d6C50caAe6C06b0b84399,590318
0x4bCD1f7971123e0B5Cc753BF1524569F237CDaeB,590318
0x4bCfD2d2D6FF6f86D2E012e62cF90649f05F4713,590318
0x4bD5a5DC5C21d851b0DDcE9D1Ae5c1B84F816801,590318
0x4bE247D20B3cB51401896159AF4E28d40EfEE444,590318
0x4bEb7e81fbc20476B23a324ed035e538618407Da,590318
0x4bF43E4303A79a47663a77460f67187fD7Eb99f6,590318
0x4bF88042De0220647ACb314AF3c5F310AEc3bCc0,590318
0x4bFf21F134486993f479bECCFa22797835b8b8DF,590318
0x4bacB2aDA9Ae317F1FEcc542E2E3b5c30299aD65,590318
0x4bb6f330bfc94bbc86c4cc509405b2e1f86b5a03,2666666
0x4bcf26b5141053dc10d42526b348ffb847c23d16,8000000
0x4bd66228A0E1718191F2B858d2517497da6cdd88,590318
0x4bd883055BD502E7aB58A88da4854194373beEb5,590318
0x4bdCD42Be3199AB48e87ac89E9560C08177F6c5c,590318
0x4be33b367cd205aeff78c2394b5b09d5405d2082,23036649
0x4be541302cfdf12c36db75286d818172ad62f6f0,2666666
0x4be6cbb04e3e0e74fff7648f26c0e6c6ab5715ec,8000000
0x4bf296928f8acd417fd728a0676d0b2a72aa968a,8000000
0x4bf2edde5a38807fcf3e69fc45faeb2c7a5d87b8,2666666
0x4bfa4324DEDd5f721600E0E796EDD9c810D1533e,590318
0x4c10592B7cC70E43E4C4c64A07A5F6A8d51Efe99,590318
0x4c13B8A1757dF93948d8A8d89CbBebcFD716522c,590318
0x4c14ce848637146ce55f5361673f6c2423e7d97a,2666666
0x4c17111a73913e7CB80b9255fADf88f2C72aaFbC,590318
0x4c1866bF25674Aabd737aE1c9EC989b4D6257FAF,590318
0x4c18b5d28f7445a9e0602d38ec2cb34ecac20e65,2666666
0x4c19a100a3d0b0ff17bb6ac98f26075698489399,8000000
0x4c1aa5ed067804f1f9f1c1ff3d96c8a8bd7beaf9,2666666
0x4c23a706476f993c05b017B608641561F6B64a48,590318
0x4c47b0d65e56cbF97D88B778B7618967211e3b1C,590318
0x4c47b0d65e56cbf97d88b778b7618967211e3b1c,2666666
0x4c5472116fe8fdc491428899aa7F3b2d8e631896,590318
0x4c5f6037cb7625e716ba60d32a32ef56355ceb17,2666666
0x4c637f98E3AF647f586d101C90aaeA44b4608980,590318
0x4c67FF1Bf89820C262D8078D3b1f2469EB0Bc72a,590318
0x4c690ac1985082c2063e4d92c775ec31f43f1175,2666666
0x4c6E678E1b7Cb6b6C1f0c3Ec55dB080e067F6B01,590318
0x4c73DADE7425E7b286ddb0160A9Af5Ec41424B20,590318
0x4c7E5389f58C46dCB6dA79fF97840B9c37Cff562,590318
0x4c897357C2bbC36a0Fcc22128235D09856E5B920,590318
0x4c8c7313077C4ab33B16f5793fD0cdede0946A26,590318
0x4c992902E6aa9E3f66055f4e8Eb11896877139EE,590318
0x4c9F7207be28278b9DCA129f2e211AcfFf48Fb01,590318
0x4cAB735B6241064172f4e3A05C357835FA672A6C,590318
0x4cB594C339658DBF7A7534B18C182Ab19CD23eeF,590318
0x4cBEBa8844f147d52f6b853BabE69B07AaBC2354,590318
0x4cC72219fc8aEF162FC0c255D9B9C3Ff93B10882,590318
0x4cCb057D2978abf8541FB47244234efABccbA904,590318
0x4cD4f36b9477eE2B6E1c1ca53d6140d029DA61dE,590318
0x4ca2435253DaA282764F294EDA8d9847A4e7c402,590318
0x4cb482C9eB4F29f6bfdAc18039DfF264c6954617,590318
0x4cc50287b78c9e87db2f22e586e2cfa71e265e82,8000000
0x4ccba0be2e3d4e115b64ecb4e701ff1fdeace7df,8000000
0x4ce4fe1B35F11a428DD36A78C56Cb8Cc755f8847,590318
0x4ce8337424fAb98500B48BA022D56Cb25A4D088B,590318
0x4cfDFb1Cc2564802Be480fFBC9B07144Bc1D7520,590318
0x4cfeFDEaBed90858AB9F54Faf3Eb54E0Ed79d2F0,590318
0x4d00b3d1be6d033caaae5d67c9db9ddb55c113f4,2666666
0x4d02dd910871d8d0f2c2e1d1d6b6a5ab5f48177e,25703315
0x4d0b6Bd205f5763dBD0e5a1fEBa3Be895Ef758f5,590318
0x4d0c5acFb9C448Cb5dd869d9E6e5697Aa2a12Ec5,590318
0x4d1572Ea399cfcb0a4b25B364dF2c5ba68697e18,590318
0x4d1EAb4fbDF03577e6c9B5dD81a57Bc377A5dB02,590318
0x4d1c3D49a669E8DFB6b11f22266f708a8DeCB925,590318
0x4d236eC9130Fd883B13f392A8ab77DE631d686F9,590318
0x4d26bc95C771d1d0a5c5E76297c8F53FfE5f6C19,590318
0x4d2833F8dba51811D6C6f3813F2DF4E1f6f06080,590318
0x4d2A353Dcd9B25A241382241C9b9a27B7cD08f20,590318
0x4d2AC4656414B154d4AD1Dc2aB109d5cc7D5607B,590318
0x4d345D690e95F64D58fE4f35fdDa98Ca8BDEc695,590318
0x4d49491b81fd55ee956855704b0329090e2fbb2a,25703315
0x4d4cdBB0c0Ae619DE12882C07919E2d365d1bE5e,590318
0x4d51E74bf88CfF5377F1fe505660e4b6De067f3C,590318
0x4d55bF5761E9379155eB3B8516b32497a939Ab15,590318
0x4d64eA854E6DeDBB2D0083289834baa92796AfD9,590318
0x4d681eF4EDC1E3418D3a7D57a69a120736A0Fd50,590318
0x4d6E6ef749D2C0E3ee89Fc788A00e28DB71aa6b5,590318
0x4d6aB3E0f4ADb091065519636A544C74a5F233De,590318
0x4d6d213305B4A29e017ba0339D83eb33e35AA81f,590318
0x4d6d99390C456BAE07b2F16Fc0F2651D9f293e69,590318
0x4d768BB857479740c7f5d3602056A3CbA7B012e7,590318
0x4d7855b5bea3761129716db8f7d85fec646b84bc,2666666
0x4d7858c816bcd4EcCfdcfb1809CbE9bB8D0A8Bf7,590318
0x4d7c2df8bca15d5f6e0b04e8ccd88db5a20878d2,8000000
0x4d7cD8f4e0B60CcFa09aE648D5DbC73869185405,590318
0x4d85e4F760fb58E380f02657AE5Aafb8bd010601,590318
0x4d9b30A2117b0F822C7DeB671C45Bb1A88c15EfA,590318
0x4dA5a82738554261d3dD5dDA3BE0cA963d1131Fb,590318
0x4dA792b5058F59162E1B619749a0Ce4E984D4841,590318
0x4dBC00792564AB1f11263c044F06A7c324F6DCa8,590318
0x4dC8f358e977b8d5105a88d2f9DaF2277053D4e7,590318
0x4dCbB1fE5983ad5b44DC661273a4f11CA812f8B8,590318
0x4dD2A681d52f783CA9e317bFb9C6b1F52aCdC619,590318
0x4dDAc376f28BE60e1F7642A4D302C6Cf6CAe1D92,590318
0x4dFA963e194C4130FaD0Fd999dEA7ecc68D953b1,590318
0x4da12746572c9F8A7D8443331091F6CA604f2Bda,590318
0x4da92C7b1eeD922eBB37055a98bB50A89AD452c2,590318
0x4db09171350Be4f317a67223825abeCC65482E32,590318
0x4db3d5a77d0e1D2727DbE1B86104627cCD687D7A,590318
0x4db3d5a77d0e1d2727dbe1b86104627ccd687d7a,2666666
0x4dba09d91063198b38e78b4573bee32f350abc3f,8000000
0x4dc5dAa6ccf3183Bd5ECab0438b560945e5A49bC,590318
0x4dcba888ca2e3ddee80acb202c02237c0d7083fb,2666666
0x4dcff24d5757D163241eC9e6C81678f8b8E8b196,590318
0x4dd00768445A64e854BBD4eF48078B06167080b3,590318
0x4dd6ed4D4Ae27462Cf9ebcD97A274DDe33365E38,590318
0x4df44392416162bb97bce02F35d8cce7550a35bc,590318
0x4dfd833dc725cB3dd693DB47E6e95CdDF36fB4a8,590318
0x4e106d5E97B59C6b0CD84bb9c65Ea67570502176,590318
0x4e144ef36dbca1f151a53287199ee61ddd45c3b4,2666666
0x4e21d32B75B72A2197b7Fc737E57731000d8A29D,590318
0x4e22e614dcF380509D4499f22134377C52C49f52,590318
0x4e255DF86DB7c033Fd4Eb0b1877E4743068a012d,590318
0x4e2581788C4c55fA4789c91842e52201F7f546a4,590318
0x4e2E8164051f28c2657B571dAb45d2aF5567BD0C,590318
0x4e33dF7c45Aa6C2e4Ea254addab56018Bd503Faa,590318
0x4e35955114ed6d27643192c26e6852556ceb9902,23036649
0x4e3a98E8D437c0406144A2c232bC328ED7DF3710,590318
0x4e3aa774d62a8e901244caad362196f1e79d5c36,2666666
0x4e46fC2C0F67a8B8b82b3E8369bD0aAFE96c4249,590318
0x4e48B9F3881a1C47B22f17671B10549113D7C262,590318
0x4e55b8c3a4749555a4f7cb31a0b1958fabc8ead4,23036649
0x4e5969e9109a74d951a2c8e301a0f23403a99ac2,2666666
0x4e5B86a70BD521665EF79A5AAD9D7786Df34dd8B,590318
0x4e5ad9ab8df007c13d43ec675391007c9db9a22c,2666666
0x4e642B4af52fE80e3752b362911851c0D9266640,590318
0x4e64be3cdfd16a2c720e10dd849208e1e758fc73,23036649
0x4e6E7d49034B4DA2Bcc8D5779f171e15A06f2da5,590318
0x4e754e37c498390cbab5ebc7f3b6765cadd33be3,8000000
0x4e79cE8bb2fd0bD3d5EbC177E407155ca820cEf4,590318
0x4e7D191312c921FC2674D0DD334135bC9ac32b36,590318
0x4e7D6Eb80b7ea3921524163888558B70B7bd9407,590318
0x4e7aef9cba69e1a88f18e06c6692ce167a9faf7c,23036649
0x4e8360Cc080399a5124e85784BF9742C2448399F,590318
0x4e882851edfcfad4121d4737b427bfad0c80d327,25703315
0x4e8AD3c90f026E4d034b81BA0e1A929E77D80b36,590318
0x4e9a191670a005bca7856c172e1a5d0e3669f3b0,23036649
0x4e9a2f8460dcbf54ff4502aad9cb506b4da56953,23036649
0x4eC118406370e876d2EB356Ec74382D7631a8881,590318
0x4eD1757fb266068b3574C3a82dd5A9aa4C30C69E,590318
0x4eE516f82ad66aBe981aE06Ec5E7047701630dF7,590318
0x4eEe2794B1bAA5078F8ef1e4d7A37B0924e7C29B,590318
0x4eF15D723260cb34fff018E46F13E64A7b7Bf7CD,590318
0x4ea6e23Bb6E0FF2e6E06e4A69DE42512E918eB5B,590318
0x4ea6eeddbe57fa7d7dcba9e971e681ad56757bed,2666666
0x4eb752a093cb82717bec49f1c81d91b5682f4685,2666666
0x4ec0D0140CE1838072CCf190E91Ec489498216F1,590318
0x4ec94562b2E5b5E65e5Aa6eB8d6750dF2c1FF2bD,590318
0x4ed90036976940c09eaf6fd7cc22eca10eae135c,23036649
0x4edaecd3616fa71b4272a9204b27e1921354589c,8000000
0x4ee4d5701fac1E50c1a334F4D3c737dDa9116113,590318
0x4eeB0aAbEd74ecCE2CaA73108DE434272084d178,590318
0x4ef8a36a9d7e4cbe699bc4fe26615fd8744497fb,2666666
0x4efB9aBFf19967dF1150e5add1b7DD37b2681328,590318
0x4f0812A0DFF4DD09cAfe306720aA7c8caeb1D22d,590318
0x4f0991fF87513CDD478eBd3429B0fd64f47ae4Ef,590318
0x4f22323EFAF911177eCd1dAd12EDAFeB680CA951,590318
0x4f30C5c94C339D46B7352f54004575b3688C6174,590318
0x4f38396340C3D0018E6e0Fe258464F9Fae1B76fe,590318
0x4f3B75332D3e5c744f885f9AA430c28963048005,590318
0x4f3D3b61F30E64a1bB3a093dc0F83c31B1C63935,590318
0x4f3E708fe852eF34255aCf51848DF12853755A94,590318
0x4f3e9494802d10f856c0ab57f6b5dc91afde0d82,23036649
0x4f4004cC381CA2a6432a0EdCF7C407Ebe21Be814,590318
0x4f42BC14C9a2cFa3dA1f0217B71C22EcB7CD8171,590318
0x4f5299B1B66ED58525EaE349C2f79C5a634a779f,590318
0x4f57C68eE824c59F51948c40AF6BE6377702eb35,590318
0x4f5D21B1814370eB82C1955D9480bcf739c781f1,590318
0x4f61d860C40f362032A3280057C7659355e885D9,590318
0x4f6bB5D34bc28181C4ECC873C2C3e26bfBdbeeC9,590318
0x4f764a08c66251e13bdd85B4Bb0652B739736328,590318
0x4f77BdE8e5ee5bAD6EdD6437704c183A40D82D64,590318
0x4f7e2312aaf7d04ef000683dcdce4c7cb1f2e283,23036649
0x4f8Aea0c05cB2eD9910B5226658955500E241970,590318
0x4f8b113243F05501c1A839bD9eb40F90d469Bd7D,590318
0x4f8bd683cbbE4a467975cF1f6E8f0F6d04E0E7Dd,590318
0x4f8f05349751F5e0CeBC14f22d2Ba0d94D763bC9,590318
0x4f9267B0E9788D37F7970a8b91aBAB46b823cDE2,590318
0x4f9299195E27B2bcB21982E8D78fe5604d9D833c,590318
0x4f9cBd96E9f2E61604cCA8ca30908147c2BA705a,590318
0x4f9dc46137e4bf03d9340491f6d65fb645e96486,2666666
0x4f9f7abb6be75b23c16ea8b094b6a24fde47bd86,2666666
0x4fB20AE51C44e45611C302dC2E258660C837b52e,590318
0x4fB5Ae963c4fDa03D98Fc3ff8ff287FDF49dE548,590318
0x4fDE6e0Af241816A38346ee014482F88311d0451,590318
0x4fE2E743da6e8D1aA0C9ed5489D8C2c9B5f96c87,590318
0x4fEd4ce598aF5FC00b6491Ffa575ED21a2905232,590318
0x4fcbE2DFEDfaC0e2dEA9208EBcF77d2B314aD0Aa,590318
0x4fd0c555cd6b068cc54c187606c7c259c5b9e441,25703315
0x4fd19BC722979600dD8cE63Fe31Fc11c34D924C3,590318
0x4fd480b3db660dda98ca09c19a378ea3cce5661f,23036649
0x4fd528898ccFf0d73434f043745Dac511cfCa5dD,590318
0x4fdA5b7E6Fb5532AFdc813b72Fba8c9775B24Ea1,590318
0x4fdeb19efaf99353ae0ebf40695b518ab2fc39eb,31036649
0x4feFd893B2cbF80A0b33C41eD181ef444F712E78,590318
0x50032d539a92b3fa9b174E9920A3b1D26B78B1dC,590318
0x5006efb9ca090004e6412e65833046107bf62a26,2666666
0x50084f3511ed09a2f9c7dfa6f986256fb63f565c,23036649
0x500C7a4BAAD398d088EfC0ae60cE81F09B5c43d8,590318
0x500Fc5999A9583De7cB16B019354E703995F8d29,590318
0x500d75C94f3f99b80C2E1786689bdD4B7B6D60ED,590318
0x5017a4cD3a6dDB961992Fd0FD419c06Ff5967240,590318
0x50198b7e4241Bd3EbEcC2E8dfB4A2C6c1F88a2d6,590318
0x501CdfFDCC6c810AEDc605799c1c2d2DC7D82DA3,590318
0x501d1f02eca6d68493ad4a4aece73fc771264021,23036649
0x501e2aFdF62368343E128Da337A23cB364ed4aBF,590318
0x50216b8362F7ad92f9B8a0FE0837f4e68bB65A08,590318
0x50264f9262646f9F7b94078cE157D330AdBA48B4,590318
0x5026d4e13bab8fc9a0061fa1559532230c05c30e,23036649
0x502fd539dc1495096d0b8fcb533697940d5ba5c8,2666666
0x50326E594a13Aa3a65886Df0806451FF1334a517,590318
0x5032a977022D6144075e5cC0CFC3bA9C9A22fEF4,590318
0x503A47280852033DCDBDd113663fF9e6E7A0A338,590318
0x503D66eA74445aF5E9ADa4005f3826591F10B98E,590318
0x503FCcb6BBF7D03800D8b0c99B6675a48F172fac,590318
0x503a04D04E00d9b0C0898e2D7A16B857BE6cdAF0,590318
0x5040e76fF24A494b0261bdE8Cd51900aB5FB0354,590318
0x5045422807906613dC47Dca0405F73E3701bC92d,590318
0x50472D0D3Da2617cD00AB11e65aaecaf0b8df03E,590318
0x50533412ea8119a904f4bc33eb6027e83c123b47,8000000
0x50553392eA61103cc762f84Ff8d622D7D93CaBc3,590318
0x505E22b4D8eDb68123463c9e28fa4DD5a3Da8Fb9,590318
0x50636eA92A6EA8Bce533CCFee02D5C8E4384fe50,590318
0x5063d8009c2E20d0b36000dDF85230E8a40DDb13,590318
0x5064D3E2906317905f1d59663D5Fa257c15a704a,590318
0x50664edE715e131F584D3E7EaAbd7818Bb20A068,590318
0x506685ad6E1D208d37547FD8d10a9124444251aC,590318
0x506CB640C311D3dD4fc54066f677E672dba9EB47,590318
0x507C9e2089f0Db8c4e264206bC4b32EA75ee27ac,590318
0x508949Cf26E55c38Ac533dE4df7d18c359bc459b,590318
0x508cecd67956e991a1c2a3de43304ce0897312d1,25703315
0x508dd44Ff3404e618D430D4562C3773B073a5Ccc,590318
0x5090c4Fead5Be112b643BC75d61bF42339675448,590318
0x50918C0D6E3010A6772fC027e6D2AD434079ee0c,590318
0x5092E627cd165D13108059D370D5920Bc63286d9,590318
0x509a0e0B6B60EDC067eC08Cd51ceA56ecEdC76c0,590318
0x50AB0b6EF7a95964Fc9bd22892920C8dD558efd7,590318
0x50AdF7A75d7cD6132ACc0a2FB21C019011286635,590318
0x50B73d52a00dD10fEef49a074657285515020320,590318
0x50BE6b81D7a12176093629A5bc212a968ff0DA44,590318
0x50C02Cb11Ee5cD38f976F2Fd9F7b5dE51647022e,590318
0x50C74245Da642223E191e90426aBFe8e778fC523,590318
0x50C8B7e03639A421C4F6069708C8348bDbb53167,590318
0x50D57d63006c12F43039807E0Dfb4805AE4D02b7,590318
0x50E3449024632221562C6BD11e1d5D4a6cC06a3f,590318
0x50E60107C4084A2d121d18387a7B1dB5cBB64961,590318
0x50F27CdB650879A41fb07038bF2B818845c20e17,590318
0x50F311dfFeCAf2d8ab52C6010e7bB2c34f0407c9,590318
0x50FCbCDe38663e6AF3BBD08919a0985075EF4452,590318
0x50a34Bf23687F13e8aD435b5244Fe70D27e031D3,590318
0x50ab55fb5AF694c9BCf095B8b73cB696C8b9F170,590318
0x50b5ed2f0251beedea8ea6c0ebe47b98907f0dd1,8000000
0x50b8b318714315ecdfb95127f529a980d12dea09,2666666
0x50c3ce547fa8635fCE5CBAC23E488b22b8c922EA,590318
0x50c86AEd5C1fB2222CAc09853188a524fbbb635f,590318
0x50cb6A801a08277Ad4691f65F626Ce2D5bC1deA5,590318
0x50cf7e2EC655AB899FA39Ea6a2965cABd48e7b3a,590318
0x50d0dd8eeb0ec44bc4bab51d74476fe93f41eeb9,8000000
0x50d232eDb2CeA41B5f1C265AA0f26448572Ec150,590318
0x50d5e44700c10873875b4E75C4c9396562D83bE1,590318
0x50e49a3237454e3538bcccee025282e30e2c509d,8000000
0x50e573E2e6b4c62af8e1a1Ea351ADACFdedab756,590318
0x50eE15Fa2B4Cd316B7BbdBb36151941F3352C285,590318
0x50f2d8dA7f0349bE9de72FBbd1Bf1fC87E4A2B8b,590318
0x50fad2b869521c27476A5245a49e09c338f94579,590318
0x51003119053927effFd4bBA5bE54719c24AD8483,590318
0x5109C7174444ed83f62109Aed2079CF4E23F389d,590318
0x51200AA490F8DF9EBdC9671cF8C8F8A12c089fDa,590318
0x51229929481a5F64BDB2fE2D4974fc048cB07F9b,590318
0x512DE6920f4d78401Ec759a4Ba6A81Cceaf2a486,590318
0x512b5E8bdF7C38917878A259a70A8d693BA12ba4,590318
0x5130ce546577F65635C597bceC86b1c1CCA40Dc9,590318
0x513332A937E23dF2eb085CAFDde9EB811D39B971,590318
0x5133F010c163A41c7d81f462681DE75AFC7EED99,590318
0x5133f010c163a41c7d81f462681de75afc7eed99,2666666
0x5135abECa077f6cD0be07f2E269c92D7D36A5F8D,590318
0x51360d99966724B2603182cC367AB9621d96EEd2,590318
0x5138CD71D49F6C7834A592d351377f183d92b846,590318
0x514345930a261a2D43C367c5BFD4eD24Fc762cAB,590318
0x5148F3da46c666e7Aa519514214A9FA41cD53b1b,590318
0x514C63a6DE5A462Cf499b59503f89a3EddEa56DE,590318
0x514c359E2D85484d5bc0A136878EBd0261CefD03,590318
0x515125de8d3cA5d62ad319427Ff80f0364f0bf1E,590318
0x51541a702ECB935e05DFdEA1fAB0f647e5d98e47,590318
0x5157070254d1276D2a46534B9743268F011db0B1,590318
0x515E02402B7A3f67551763206d12cBDe2d98766F,590318
0x515aC81306b62586D4208ADf621DEE1c6a20224C,590318
0x515c895B58A812BA1b27A7CC571B51c48d1d9045,590318
0x51620677a74Cfdc1429EFF476d1bab7c425Bb207,590318
0x516396Fa994897cB67e5CF637f7bAA7EFae7c321,590318
0x51651b81c895E654e5402A3fc371E3B60b0dfb1E,590318
0x51691DE4289A82E0D9DC109B0964b7746702a6fc,590318
0x516A7292fE0A067C12627e550Ee936fA8665F7aC,590318
0x516F633Ba2cA81cD5D9CDfC4Ebbc309c550bAf3c,590318
0x516e696c93d08f5a4006658fF39B5c6458DF43d6,590318
0x5171f2D223B5F807456fDC12B10128aDDD187cd2,590318
0x5176a4e730Fb129808ae764a367734CA2c63fC65,590318
0x51770f1FDC9E96EE4F802f496e82d7Aa15D9EccA,590318
0x5178fdc492d947df1b3e1c0f3242ff8f3a961931,23036649
0x518063eea31ea34b7f8908dbd4f0a15a03dbc34c,2666666
0x518697126Bc363d08Fb280e1Ea28EDAF8A685822,590318
0x518732e780F5C9d8b67e32744213C05066E86B1C,590318
0x518bFA4dc55f7cC3acC706E2886c24a2F1f93314,590318
0x518c3cAfaC895bFe7D8B66918F5242bC97882bBC,590318
0x518fb3A759197c95c4aA71c9e32245b3782d628E,590318
0x5195396556aa51E4C123bAcC9fE965FD102D1947,590318
0x519d70f1bc214e10a3FC502E9eE3A36D490a53f0,590318
0x519e1aFa9CE65b59C5Feb6446436273f4D029c3e,590318
0x519e9aa581E8A00cf4aa51ffc85B5E2BD2BECA75,590318
0x519f0Ae20455367357F0061b173cb3e201E5Ef8B,590318
0x51A3CcF6E4DA57Ae55C93C1b60682f80b58a2770,590318
0x51B6588593fb925F331f2B3f94ad1c6fd06B0155,590318
0x51Cd15879A8A1c424130164460a831F3b160Acba,590318
0x51Cd245699780aD2be18fDF254d6c519adF971a6,590318
0x51D321Db69192CFf9BC396B70655Ac877aDf71bf,590318
0x51D89be3Df7cf04cA54855aed19458F1120C4703,590318
0x51F63885534cb494F4592A0311551F369BFF2B39,590318
0x51Fff953E8a366c2331a8738d6a8258542CA66Ef,590318
0x51a2e95A3F7c2EC7614Bd341d704ED1f51ff7F46,590318
0x51aa526DC3785862d4fa82CF90a3Fc524dF7F98A,590318
0x51ad0b2ef2540d9336ec77e6e5a53f62539b4923,8000000
0x51b9fd16843f6e6c16da5a901ba8df00b1542e56,23036649
0x51c0fa661f6328777952ff0e19a2e454e7850e8f,23036649
0x51c22e7274965d0bf86009cfe482bab8c2dd6f9b,23036649
0x51cE12Af3a10db48346C2cF7D1C12D842abD11c3,590318
0x51cee9B45a3446f051e8B623E4A3154D7EC0C581,590318
0x51d43006dAfe47ec6138333cfEF5F1D0Bc5f0E3f,590318
0x51d5Bd03e4DC272b848E47f401876fC8Ca4787D9,590318
0x51d9b751008670b9da65e35b25327fa99d0f7764,2666666
0x51eb857b9b2089f3e19e57b60ee2f8df2df083b2,8000000
0x51f1c1B0878F67Ae745077664Da8619A25FF4e29,590318
0x51f8eee4d02Bdd87DcFA09301bAf36A8c06fF084,590318
0x51fc2AE2aD728660374033207E31a9aCA69Ab61F,590318
0x52021404b8dB4A89F76d25902329417eB0A74E0C,590318
0x5206024521a087a476c52b3db737e62718e5d7b4,2666666
0x52081A6912CFa64968999FbeB31387446A49B207,590318
0x52095487ddec0150A7F7ac8Ed96c9B6f3dD59033,590318
0x520c7792f2343c7A5c9F230bD39C565918Fcf215,590318
0x5211F4E9FFAB9c637D4cBF9d2598840C333CC92E,590318
0x52127f037221d7a503b02fafa5a5a73e2223e741,23036649
0x52139EEE5c4E451e6264527b8E293F028363B965,590318
0x5217915f1e2a5564f83dd0e53c303E8dD7CF8CE3,590318
0x521956486795001545d66058A79278a7A957f9Ee,590318
0x521BA62D138dF9C35551990A1D95d820Cc3b9f98,590318
0x521CF86848E5a240232BbC6678AA4Aa89A28A43D,590318
0x521aEB47E00f5A992134Ea3D50e02de020e5c6a0,590318
0x521dc01d9d26806092c45225200a09aa6d8f4b2f,8000000
0x52267fD76Fadd51237d66208A606E1F6018714f7,590318
0x52273937ec6f1c4f4c1d617c509673f376fb7073,23036649
0x522e5eb34d4BD9b6d3Ce30F29c60cA88CAfE557d,590318
0x522ffc79e80C693E45EFCa4E5468F9506401d9f0,590318
0x5232a33E75Db149E6FdD9D0616f49f97FdA1c466,590318
0x523852BE2db1a76a0e088EcBFf32e849544054e5,590318
0x523cb562c39a5f6Fb8833c26E89959ee79216E0f,590318
0x5240CebD516260a1B03e2A027495129696b7fe2e,590318
0x52449C04550CC59E4fCE6cC39BebeFC7e41680B4,590318
0x52459ee53430Ca476686DD3c929E461f9BaE465e,590318
0x5246890B12977E0eC334eE555e454A6398EE10a2,590318
0x52490D6e5Ea2e751cD27d30E35430D4aB1c25FB2,590318
0x524E88f0667E769accBeE1b12C9053c7ce3c237f,590318
0x524dfc2f40A797733b19CBD2DaD5a5D5162acbA6,590318
0x5251231815b5Af16A6784da997a8e513998d2cb4,590318
0x52528F0161d8d6162873de5993F12D5343f22fFf,590318
0x5252a3C0eBa07bF5653648165abFcCbE5FEebcE3,590318
0x52548b90C58184fb14aA15322401C8fb56dE6dED,590318
0x5257e9E8123c8DE5108D4d871Df2d221c4F37f62,590318
0x525882F56b5C055b3156F25B9Aae9998be9D6b35,590318
0x525f40dF6D0a9BA86f6893393E9B74A291832644,590318
0x5265ad0e8128b65169DE3C3B5eE389a56a00D81A,590318
0x5265cbA5bcC741f6033D8cE9a1c8b20AFcEC8592,590318
0x52661dc90C2D192c07CDc93e232b03d54b5d47D1,590318
0x5267995cd69fe3fddb90b6323e5112780c4318c2,2666666
0x527277A1690dC93E85c23427cc60Bcc66AF50ae4,590318
0x52752F927887bAfe780F8e04841F011A5Df8846D,590318
0x52760480Bbf8f9210DB9B2836f032dd892FD5E81,590318
0x52786f3DdD5B62C5380C5CfCFfD084c1B7f061C1,590318
0x527FD974101f72537ae0FB05aFDcf8480d417d50,590318
0x52808Aa5BFF08F3C5699cc3E07D19630C8f384ba,590318
0x5285ce6fd20cbe14af1b6790af3e7ed40a45f4d8,8000000
0x528608F40F9835cC5e26244309384c8C15e07e60,590318
0x52876F07c178d825D5bF4986720D8e496f21299B,590318
0x52883B07aAdb4A4dF673f546D00065e2D923088f,590318
0x528EAb8962cB9Cf49Ce125673826D8d3bbD0355d,590318
0x52929847A44B243E7212a1ea8b505A436757d761,590318
0x5296229e4bf638668e87670532BAcD607009e0eD,590318
0x52990796Bb9d7f924aB4Acf30c485ad1eb839e48,590318
0x529b4d81912d2464Cc22bF02F3F31041BddD4af2,590318
0x529c28342c1aA378b28a38dA08cDbF8Ed6399315,590318
0x52A78fB165bD57ED837FCA74380da18aEd7B8Fc4,590318
0x52A96a6852DBA91f82E279EFDE03F024aCaa18BB,590318
0x52AE96079530b311C7BdBe89b5Cb07aB6FaCF67d,590318
0x52C73013961bFB24fC243714148c28F0F967F59E,590318
0x52D44C3f33c9d145B9213455845Cd07a8aa0c07d,590318
0x52D4fd94E48840E1cC6F6c7b1E5647D776f745b8,590318
0x52EAF3F04cbac0a4B9878A75AB2523722325D4D4,590318
0x52aD8f3C506aA25b954276c5456060DAd6f3Fd7b,590318
0x52aFe4863f88337FeE4b5122223a741E2a631Af0,590318
0x52b1884f5aa774569a942ba329a411078a4a9ec8,23036649
0x52b4b41ef25ca245ee9df2fcf4909fb1118348fd,23036649
0x52ba9a9f63Ec54904C9b6E908B066Be98F3DB067,590318
0x52bf55fFF7af61D7e49C9dbFA72d3498A4A317ab,590318
0x52c70A4C87F64ded1d63a6D2305311B1113838c2,590318
0x52d4d1806832B525e6D37E7463B9C80F4Ac35E6a,590318
0x52dACfec387c5f5d5c855e6EeFe924426efc6dF0,590318
0x52e1a9C819BD747522A93295901c6BF4fBdde01d,590318
0x52eff600e9a0317981c1e3ee882c4b6d6e053f5d,25703315
0x52f65039a76BE79B31E9a631Df6fBEDE5D51603C,590318
0x53016f2500a2efc5171697752EEC1162bceDf181,590318
0x530357D271E570DEA1C59B0355c4D46eDEB25607,590318
0x5304B8dCbBCD77aFE3371B8d94A46cdE3bbE2aC1,590318
0x53076539bF42716F58BEe11a61855bF76c926608,590318
0x530F09ea449F3F84B74F42d5ea82aEcdb82F9613,590318
0x530a445CE59467732e5Da4DF9c0a31F1D80Ef16e,590318
0x530adba9a83872cd85e854d7987739682c811fb6,8000000
0x530c4169A57eB47457e783FD2969773094FfCD23,590318
0x5310fdE5118443D8e62Ed154eB1A2173cDEbB727,590318
0x5313405178E402973d1B8C9aa6C49AdB0e6425Eb,590318
0x5315C9fB04340327A4851dE419fF6762998D535B,590318
0x531868C7BCd2119820C94505DFD0764f7214E01e,590318
0x531F86f447b57CF38a58c9E1fbb7E11FA8D65ED7,590318
0x531b85DD2C4f7f913E0b20080232Dd27D72B366A,590318
0x532323481D24216ca8dB9122D92bED5BdBc41Df5,590318
0x532C8Cc56640F7C827f1F4c34D08f41f1eA13Ee5,590318
0x5335bD7c9091A9F431D846518B7F3e756FF84858,590318
0x53388048c87945b2736b3d7bdbe01a21f889cbcc,2666666
0x5339eC52e5C20963206Da7e8b68f4fE85f624F93,590318
0x533de23b383bd07432e7a88169d83b95ae31cebf,23036649
0x533e237b2ec7f2bf11c07f69745b1fdd15d253fc,2666666
0x533e3CFDf7842563c080F4205d19b986334A3386,590318
0x534Bd92fE6BeF30660477c9C49ab5090346CF200,590318
0x534b104e170B4f6c18d30D73F1Ec0c195841B38E,590318
0x53564494D574E8ACD395F044414588a257a9fac6,590318
0x5358b90e86683beF01bC031869c3518A66C0F2f3,590318
0x535BAdbEf418684D13C6B8FF34Be652e40DE468B,590318
0x535FAa541252d9650F1F8a8bbd88709FB8b55A1b,590318
0x535cB34dc5de10A16c32DBD336C61FE40Cf8FB26,590318
0x53632c114055B52d40504aC023f3A54b3AEA5A8f,590318
0x536ad5FBBa9066Cd9d5B0E67C2531BE5d5eb8F47,590318
0x536fbBaE179fd77FAe3E29b510f7B605bf45BC8f,590318
0x5370a60a273623d1d051a0fcd4b92288adec8b9a,2666666
0x537875EF902E5C9749a8Ba4C9Ebf34D9734da1Dc,590318
0x53828b9f475ae602e7bea9808f3dfef6d289ad21,23036649
0x5387755531A9dfcf6df280Bcd826d58Ba5A6E1C6,590318
0x538C4F2AfA012911851dAdf0655cb61377e7a8EB,590318
0x538d278E05A35c96bCDca1039e92C65b994256a0,590318
0x5391A81C65DFfD2002CBa32b0dD6C7D0D45A4B42,590318
0x539580Fe1020ba12F8839b2CaEc81E0E3cB2Af1D,590318
0x539b536f361a4657ed44FA791E4C4Fd1E66DfcDA,590318
0x539edd96b903c6bfDA5A54a28A74a85432309a88,590318
0x53A47Df3Aae0F6AC356b7500aEbf84e600Ec4a68,590318
0x53BEbD20781Aaa3a831f45B3C6889010A706ff9f,590318
0x53C61cfb8128ad59244E8c1D26109252ACe23d14,590318
0x53CAb28C29903cBd1E118B1E6dEFD9563DBCeD94,590318
0x53CF03B279e737e7280FEE8d5099ACB3F0d62633,590318
0x53D4E41900dECf004ebE9CEfa0396dAc1257fF30,590318
0x53E500CE588d6f2E3aeA7E4f02ee085b681de292,590318
0x53Fb2F3afF144Bf8e580775447027532dA9545C8,590318
0x53Fd9Ef4BcB4e58a05AA3F6E3701fB3f14b5a8A7,590318
0x53a84BC8207249695774a75e84574B4809fad566,590318
0x53a8Ba749229A11730989dBd51F4D30Cca3295ff,590318
0x53aA8dDa2dD76A75E65Fc87b88304a3DBEFBDD2A,590318
0x53b045C18314d8308235EE1Fb9992820100Ec36F,590318
0x53baBE76166eAE33C861AEdDf9ce89AF20311Cd0,590318
0x53c4388FC77E04f3C4d4917D6da46e26FADC9B5a,590318
0x53c69a8CD5c6d09373e42c3E64dBF926b85FF240,590318
0x53c8984a8773B440b1c79C650fc582aA38Cc5041,590318
0x53cA593f3189E20ec5e0bfa8848745060A84e4a6,590318
0x53cD3cCb2d2B7AB2624F8F3F0eC0441716CfDe4D,590318
0x53cE56e5B3ddb5A25EAfc0992Ae76800A8356106,590318
0x53cbC4D1a7e2a90C96E44D0FC2F34AB536e77541,590318
0x53cc1b407B9Cb27EfEC629B35dbDa04D05B4FA27,590318
0x53d111bae9f9cbc5469313c1ba621b937d0f3945,2666666
0x53d76D9961521bbA6a8DFb087a4DD1B641525eec,590318
0x53dFB900528e87367f93BC711C5a85cC0dB5127D,590318
0x53dc9f6E7952Fc83973A998Ae8c8B2f89b68312d,590318
0x53deba3e1b2b2c0cf923fda9b56d6426da8413b4,23036649
0x53e11458e374df0a409ada3cde167d764ffd77dd,2666666
0x53e37D76B6A9FDf6718c1E7267088e052731777D,590318
0x53ebd49f5bbca2aa6fde6756dd8bf26aa0db4617,23036649
0x53f6cF7A9C3Cf1Fa68CfeDD30fB401D9Cf3f777b,590318
0x53f8dbda30d41646208f72270937c79c9a79c810,2666666
0x5400A7C562E21e50f048b0e99a016FfAF82a6de3,590318
0x540583254046ed102B64DB6417D49c856bee071b,590318
0x540789f317fa905e42e03ee567941dbff3c0716f,23036649
0x5408eFaA7D07057de458a00324d0482a3a951f36,590318
0x540A76F2c00dFF307272e4aC08B28606fB6113dD,590318
0x540bfA6438850c06c27973a3CABA1b849f80DDA7,590318
0x54115F5c18c06538b12acf0481DcdeB5b851375E,590318
0x5417CA65259490e32cf1CB329396B05765Df1b97,590318
0x541B25DE7407872E64473Ef778e02a7bDf4f24a8,590318
0x541e077aC38c56D7bF590924D249C60b0c80071d,590318
0x5420bf138940316f387E84eA8C11a2d109797354,590318
0x542175a25dFA199aCe2a5d111D6d72946A09960B,590318
0x5424E4b4b0c915aC4F2bB7812f0391890fa6b268,590318
0x542F63D04AfD47fcC27a7d453Aa56ccDb53891B1,590318
0x543136c9cD26e42a253dFc732Cfab0e8beff6BA5,590318
0x543298794e7E195c8628f65D16fB7fcf7D096Cb0,590318
0x5433fD150CBaB820a3937255C9E68e290b8182ef,590318
0x54372fd91473e0F6F8507A955CD45De9B9D740D5,590318
0x5438de398E6dc40b801F161ed2E086c9AdA216b4,590318
0x5441e5D5e601755301653197D3a17A9f346B85E1,590318
0x54422055ba60c28b6f98ae811d532674dd46903a,23036649
0x544310Beb473b4850C45AEEB6A0814695C29c327,590318
0x544714cD790fF1cf068dB64A5dB38dc3fA445EE2,590318
0x5447345Aea1BD308c15071a75e3ff9554F2e6d81,590318
0x5447fbDD7ca4e12914bd8e43e39341D9eed16bED,590318
0x545018A7dFdc96Ac7A2E478CB02390bceeEA48ef,590318
0x54520c87f773291638e409ee3a1b4e21e93beb23,2666666
0x5452BCF28977c8E92FA1e03A4E8DDD4D172362Fa,590318
0x54550559D79FC4Fa993b1DdF00D353aFd7C3928b,590318
0x5458a306b6088D5c641e0dae2a234FCD6C592075,590318
0x5461D681a8f385BAB485d57063F125960ed3b7C7,590318
0x546457bbDdf5e09929399768AB5a9D588Cb0334d,590318
0x546Ce95E8Dd2D40a8d137E07ba4B708052A5E1df,590318
0x546Ea1EE5AE23B6085170E82430af87E1f7787C5,590318
0x547110cc9a9F1C1AfBB548b81133A66952A6134b,590318
0x5471374AE27a8466f9E7cfA41606D7585A45cbd2,590318
0x5476913b792Ec3fDBBD139fb7952871E80812443,590318
0x5476fBb78D2087c7d654Cfc946020481D6dC7F30,590318
0x54827E318E2a9B4EB35142d9022A0Fe5D11ebdeF,590318
0x54843897280a3dfF4254772Af04637275B3a32e8,590318
0x5486aFCa53beCE46842627C01699f288C7b4DfCa,590318
0x548F668D7c82c7F69d39a5C5A0E0A64071a2d602,590318
0x548b621bae6839602D225781563aDD59Cdce30fb,590318
0x5491553C2563187BFAF8a733eba4B38047fc3824,590318
0x5491D623569eD5f69e7b2da35654fF2D9240088b,590318
0x5491b4cC6d65e9638a50f8Be198708E419a58864,590318
0x549EC42AE42a2b9789F9cc57f29F6C543DF2a6a6,590318
0x549F33e7FED0b514b1DfEF8305746d8D379F3592,590318
0x549bB507d1bA925751D6FeE5b629d8BF8A53Af06,590318
0x549e6dd8453Ed87fCcdcf4F8B37162b10Edc0533,590318
0x549f7004C647f822cbc55119B035975178AFfCC0,590318
0x54A7240CEA67B8C41B7c7F2B485360f37331aeF4,590318
0x54AD158eEC82476D2F957924d714ec7ABfC3aA47,590318
0x54BDe3bFB97F199F1e3d5d4B575E082BB64E3790,590318
0x54BE3a794282C030b15E43aE2bB182E14c409C5e,590318
0x54C4849e1D25dA384B8b30Bc2fA9e03267D317f6,590318
0x54Ca39290A74cACf4eB51a1E85710ecACb161222,590318
0x54DF9eEdD4BCa708C98a4b2f35E979AF9452CfCc,590318
0x54Db6aE9E1fd4298975CAAaAAAfD3a8F148CCDDB,590318
0x54E4e2f96dE9591D67Fe3bBA440b540CecF21Ba1,590318
0x54E5e90a6679314E8339BB1ED74BeAb5cA19324A,590318
0x54EaB3d0A2f8dE6fDda83b681c30Fd864938393a,590318
0x54EbF4D15aFEEb993288F694405C3D2afBd661D1,590318
0x54a1e66add4c3c20bcfec48759da38e35e6c09a2,2666666
0x54a4c29196aAD6FA77F9b4e35288E5234ac4F31a,590318
0x54a5d1B958122e4921674d619Ac41eb085A5517C,590318
0x54a6Ba7dBfe1e700651B6Bfecba8823Ad07A83E5,590318
0x54a9D1A4eF95acC9189237D3ebCD01561983C608,590318
0x54aFEf58a10745dE2894A10Eba5a1d264eE322F7,590318
0x54b16bb149b6b4a2feb64fa546fccfd2a7876007,23036649
0x54b99bebdda340e3bd2f7ac89ef3dc6b7aebfb54,23036649
0x54c735027499808a178def384c13f90f13914c39,23036649
0x54cB9dB50780a3fB0b448FBe5aF626D32348DD42,590318
0x54d2cb8fb1646668709f8342f6cb166a901090f8,23036649
0x54d498f96374fa15D1373b7B629247D76a9019DA,590318
0x54d6F4D8Cc0F793aB540c32B8B81FeE3c8c4f3d0,590318
0x54df94abc531ab418190a7ddeed82230947be2f4,25703315
0x54e28D22Fa322B55Cae77Aa299e935fDbF87a667,590318
0x54e324219979C0D1e9a895122EdAaaA3C02cB6B4,590318
0x54e460970a2efdbe83869be97e9d7b50245be505,23036649
0x54e5Bb5eAdDd60c21AB77b7715a07A1101416bb8,590318
0x54e6960843119aDB79361A3A2D88d3D12Bd946DC,590318
0x54e93609eB454A1F152eDeFDf022480794cE2130,590318
0x54eCC92C9407b74138fCf45E284425139687ca56,590318
0x54f6f93b520467ff2ef0d2fff6c9e643f52978de,8000000
0x54f8A6A355f4C4929E55524afa8671A3CFC960F3,590318
0x54f9524155C82f1F3f2c5e086ba513DF442a18Ef,590318
0x54fE194C407896A49b90212e2C8c50d57fc95784,590318
0x54fe014a1fB506fF3A00D863E6522f24E6EDbA47,590318
0x550341A4440987f72C4970F68e3806497b152E28,590318
0x55045DA52be49461aF91a235E4303D4a9B2312AE,590318
0x550f76547c13C181D0dF235Fa22DB7E31bA90128,590318
0x5511dDEa83B8e515BADD57E625db3c9aA6937815,590318
0x55142721c40fb224aaAD95f8fdcbF92D2bACA5Eb,590318
0x55179B64D3da11fA5429838F6b6fABD3384550d0,590318
0x551892F8513C0a5e35835873E71883E6b12DF42f,590318
0x5519dB22BeBE47CeC3aAA8036E709e1F8596a8bB,590318
0x551F45f33404360d3fceB93C26400582CE132802,590318
0x5521FA5e49017891b919a0839be258eb6a4218a1,590318
0x5524E7B21530d7db0A6B0CF3d59A2d475F636B55,590318
0x55267Af1F91A57c839e8149Faa3CbF494bb0B557,590318
0x552Cf0222Ff93e0370340E201EAC21c8d8890288,590318
0x552f01d67B352AAa38bC675e30ceD97f2451DF63,590318
0x553180be264fc704A70733f2299651507bE8FB66,590318
0x55321C34B6dD5665e67a8251e41Da8F1A0b91f89,590318
0x55340Ca39cdCF83032E92b765ECf29Af96976134,590318
0x55359c2Eb27a1c0E6C6178181a9A33cEd7e37060,590318
0x553929f996244958Bd7014988De92e4624CB0a36,590318
0x55483b35F2a9c32aF91A9Ce11e6570ed4A8cd5F7,590318
0x5549567fd1C239766FE931E588CB58C393E10312,590318
0x554B1Bd47B7d180844175cA4635880da8A3c70B9,590318
0x554C72e8b241a6Af40C975353162221B2551AA0C,590318
0x554EF7d3C2E629ab3DD4F3d22717741F22d3B2d7,590318
0x554F150FacF8a00ea6eE9CaE43D67F85e52f9bcc,590318
0x554c5aF96E9e3c05AEC01ce18221d0DD25975aB4,590318
0x554dcBaF9D1df74c195490d64E37eC0FdfED3c90,590318
0x5550d9F1d786f5E0F32470D8F333181930e4B55C,590318
0x555187752Ef6d73758862B5d364AAB362c996d0e,590318
0x55543e721A5278EC9940c0E4966759Bd63F6F571,590318
0x555706A3A85eFbce379852Bd6674c68A8895A497,590318
0x55580D0F3b6F3aE1587C5e5Cbf83d94F5C6c9e9e,590318
0x5559da6ec434C5723d0cE9c4Da7f29E3f8a3d43B,590318
0x555ebc57a68921c2927b101c766e162ed07500e7,590318
0x5560650bF336dAfc2AaB23E6C2bCc78028877725,590318
0x5566BE88f2768b62E7F31BE128c5232D28049549,590318
0x5568f94d2509d39c481c8917965c34fb19ebf0ce,2666666
0x556fedf2213A31c7Ab9F8bc8Db5B2254261A5B0b,590318
0x5570fad9Aa8f4487C074aD4De085960705B22d63,590318
0x5574528CC4876AA5E93d3f4E801ab1BeEcFEd94c,590318
0x5577a5e31bd446c2798be39c7d1737cdfd256cb3,23036649
0x55815f724fDB0674CD71Bae29Fb841A66dA118cC,590318
0x5582F1E96F17C5B5F01E3633cc1c357cb366D6A0,590318
0x5586d438BE5920143c0f9B179835778fa81a544a,590318
0x55907Cf476998d2F58591C6D0a10eCbbE249A8EB,590318
0x55980f1ef0E64e08cC0B24C22a4709a000637F45,590318
0x55A72722Ab977E827433750267f60BD1F9949C6F,590318
0x55A8BCd82bb4D5A027698a27959d459C6B645bfd,590318
0x55B2511E9A3F1aC8E5946EBb28BECd0f3aDBa4e8,590318
0x55CDbA8Af83B2648819E19516239d7A8D7D2601d,590318
0x55D21a4Ab651f45ee42115322e5974140C649941,590318
0x55D4B4228e5f8175f4bB3B9C6961CC5A1ace26d3,590318
0x55E16c9181e58b7268546325b00423365EFb2090,590318
0x55E44232BE66f69D7e116F8b7f8d07755b2cE7e5,590318
0x55E4e12836C8c653A8CBf5520Ca1F79431eeBCE0,590318
0x55E643488d8BE0Fa3DAf88234DaE6384fF7Ee951,590318
0x55EdD7082B09400144875781646015204CdAd7E7,590318
0x55F179BFe7B5f0898b55Bf625Ab76ad37926Cd8D,590318
0x55FB7FcBfdfa553882e7f0D37632C12bDCE021e4,590318
0x55a01b97F3eb6415Dea143590b41209F1bbc9a3b,590318
0x55a0B2d5ee94017d9Fbe7C71C767C313CAe90Be9,590318
0x55a3df57B7AAEC16a162fD5316f35bEC082821CF,590318
0x55a99C087f0aC7Bf8f9F3D60a7EAFb7ad6fE11A0,590318
0x55aebb18cf551342C98179e78F9Cffd82Cc05e79,590318
0x55af40307083019f614c6e3FCBe7cd80E012F018,590318
0x55af40307083019f614c6e3fcbe7cd80e012f018,2666666
0x55c17d78a4a9bc3e1334d3d326ab2482506245db,2666666
0x55c53B1eE775061edE288695e96aA0cc85FC93A1,590318
0x55c99aa2B5da300aeda7cc9FD5d72d93040E9B40,590318
0x55d3305Ce5F741910f100557bA880Ac5EE838bd1,590318
0x55d37Aef8C56499D096Ba3209fD93FdAe48118F0,590318
0x55e174227d8451a5f763E9c45c261f9dC5DC517d,590318
0x55e5aEFF2403aB5c63b7b579381b4DcA149188D9,590318
0x55e7b43cE9B7b275989E9D78152dDEa826c293f0,590318
0x55e90f61d8020d0a1a979f5c64fd616865b11424,23036649
0x55eaD5f548CbB19c227C7f9d3DbD88882C075a78,590318
0x55edbba772fe6aa8426ec7d6a23a53dd38abd27a,23036649
0x55f2d064c6851ae635ae15dde2dfdee88a1d34fa,8000000
0x55f94cDb00Bf67AdA4Dc90171c89839d6F13248c,590318
0x55fA4E9Bd6225A183DB600Bd2eb441e32d5bE331,590318
0x5600778a3a768c39ce303dc1a6512b2ed21b4108,8000000
0x56053823CEcd4286fD489f671244CfC2E6b9F05b,590318
0x560A2edD994f2bA4883CDF8E0D164558d8C803Ac,590318
0x562257821731283b842cF689Df9941ddBeC3a2a5,590318
0x5624D612323Adfb560a8858B4a8965385961Cf49,590318
0x563124A0A7D506726e416Af6492A66244AeC3a94,590318
0x563143428094C0d2E0012298d0A83EEa40af8C2b,590318
0x56348e06C149F75cf382728B37754162Bb727b9F,590318
0x563bC687B4866d08c6093A696c75546978aefbe9,590318
0x5640D844924f35fb999887eBC9F7c61713f0fAC4,590318
0x56466a6ea6D50781590d361457364Edb1A303A5a,590318
0x5648C39cA288dab7844304E8E1f990911c4356c6,590318
0x564B31Fe75510a1ADB311AeCE4FAa63346Ed142C,590318
0x565B93a15d38aCD79c120b15432D21E21eD274d6,590318
0x565aFE8F1b2A40ff88492326C5e8dEa15EFdBf7B,590318
0x565d62b4b60b23840bce03ee16673f006c8e21a7,8000000
0x5660C3d85216E3894DEC18bE823328cf91C16e53,590318
0x56623d649b3e601D31Dfb80C2F246a288df051d6,590318
0x56637CC7A4C0a14743869f271a7d395345a2B467,590318
0x5664251b374ad90bf466737692281df16b4c0a20,23036649
0x5665493d4F3c0ef0d9A549B8d2ECA1B51A9Cd7E1,590318
0x5665785813011A5c37c10972f8d3D463441637C3,590318
0x566deF9709232F1035063f57FDc768d8E55EaD47,590318
0x566f2293420AB2FFF03cE291b020e9C5E077BCc4,590318
0x56715453Fe3476a17268a0C6B3CF1b18f1b6b1E8,590318
0x567432D65B1Ab2f3Bf118d9Ab02A7b63beD31dB9,590318
0x5675b8f4a7cdab04eec8e44df68be92c13fbf327,8000000
0x56760cdf3B27504418330c9B2a15Fe84900F27C3,590318
0x567ca6E8DCcd7c19B47BC0474de0A994BA433Fd0,590318
0x567ebbca7c00E3A8e2367C512910A68cA004F434,590318
0x567f23F5eB810FfBAE3834736D8A082782e8b3Bc,590318
0x568176bb4fbf95c615f5e6c4b59d26a4cc156d5b,2666666
0x5682532b3688078c07339b61c0863094e5d9b518,8000000
0x5684435fea165b1cDCBdfbdc39287F7929C6C055,590318
0x568A2e780aC80C3B741906F7257122530B149b17,590318
0x568C9014455D449e0fA2De8a4c5A74240922438E,590318
0x568D16A127265736bD1C426E2Ac97Db947b6279f,590318
0x5691CCeA44Fc4a53886fF1b8666c89321f73C49D,590318
0x5696f35Db780F41EF143eDE0CE625FcdD4758481,590318
0x569a2591CBcB9751C9BE13D16a42d284744A52E3,590318
0x569f9e8033dbc2d8c69c4386c542914d01f58249,2666666
0x56ADab35F8F3a7648EB964c6798d53d4D3B1eD88,590318
0x56AFFA8b43656F4Ea84b66Cad1E1dCD1c6c9Bb53,590318
0x56B0EC3c11109A8932908077405CE27eE836D429,590318
0x56B7e87Cbd16eF806f0e0FC8551381F26268f415,590318
0x56Bb7b8eA120100490198b0eC48B10c6ba0b8698,590318
0x56C09cAF7A77d5d254dAe3438bB843A1FFd06aa2,590318
0x56C2E82229126Ba475b9A0dCF9728a2ec0Bb0Bf8,590318
0x56C5e8a9277c8d9b32B6c3C1310498950477F0b7,590318
0x56CF652fB29923E3d705bB8B5F1A82a2774D86D3,590318
0x56Ca414d41CD3C1188A4939b0D56417dA7Bb6DA2,590318
0x56E40c1b19aB2eB215f523326F1b8F915891D27d,590318
0x56E6518BF6e9Dc89DCA3612A58436DC4552dd303,590318
0x56EE5999D033A9329095B03970Be8ff3A1Cd97A8,590318
0x56Eb4bF8b7510323B89FdE249D1fb660ae30D2Ee,590318
0x56a07F2BaBFe70E9344fFfC72091de8bd58A3C09,590318
0x56a284ACbD7318380FC8a380CD5695bB14b5A0Ce,590318
0x56af5B7BCD730ba522A7dCcD66D60d4Eb9853bc6,590318
0x56bCe2A237895709358d9d95Ee7c36074C6531BC,590318
0x56c6Db9f63Af047c013Bbc6d19d476B65325e2d5,590318
0x56cc282a3EF61A9716357C11ae263438c8022F65,590318
0x56cfF6c1F43fe9B20E74C9D46cEBCA30E5de9A12,590318
0x56d0573C786d3DBAd5669F6deD961031AD5baDD9,590318
0x56d30b15c33CEEe63D341927Fe804E168EE89a21,590318
0x56d399b3491e87d9ec88c21e56d5eb755842d509,2666666
0x56d3C7ACD1D3a893AcB23974556fDA7bEd1d9516,590318
0x56d935c37f1Fc04a1c391BEB0565d5b801251616,590318
0x56e1926C0E09Db08C0ca18A02582cD5861ec8d24,590318
0x56eBf8c025BE621fF3763C664cA34aEF60304661,590318
0x56eCe71F3D0afcB929f92af2305E42df794A63Cd,590318
0x57004780FeAB3ccdba942256f80209eb192BcD71,590318
0x5700D5F755954C65e85fD2b2ffd456D0328E979D,590318
0x57078F8e18E35A43558ae1D3838C49B21eF0bFA0,590318
0x570aA79ca6849D248a5B94D63FB929C65eDF77f3,590318
0x570c9e1fb522596c3fd5bac8e4aa2d2501c440b1,2666666
0x5712C90C6aE0304633104Fc9044167A6e4F7954C,590318
0x571F7567B4B6440Af78b043e657C9d5013be250d,590318
0x571F8e570Efe1fb0BA8ff75f4749b629a471f458,590318
0x571Fb166711da4b719f2e48351765E6F101E19b1,590318
0x571d9a3fEA6EDb061766A06CAF8A2EEBf3d16e84,590318
0x572517A24F1243198CFf6cFDa923863195F55ED2,590318
0x57296066502a41b74D2511f7D2c8F89D5A070fbc,590318
0x5730794d1FBAD0B1824c15d9C2cC98C40Bf0fF74,590318
0x573872F8bb5E4Ea603DbFD39DA062b2CC3Cb3a46,590318
0x573Af9Cd041CF1D6E48FF5970923d6B4f2A1FE42,590318
0x573B8724911ff55Cfa195B1a3caAe2C8C4A78C70,590318
0x573DF3201F924792370f87745d9EdC6057C9e9EF,590318
0x5741B083F5Ff1eF22Cc427d6366ed55e023835BF,590318
0x5746782217f9e1eF0309DE9caa72889026ebD83d,590318
0x574A9F6050a3915Fe95855A0655130eb5F436c86,590318
0x574aD4e7841D78ab66206f1983B24521D781765f,590318
0x574cb7B77aF558C1Fdc10F38206D9CD88b241fB2,590318
0x574e88Ec6C308Ec53debd5f907A4aF85F8c19A8d,590318
0x5750C56094E65E7Ae3BA7925ec9B439465756635,590318
0x575284DAeB5320c35a9EDB8aEdE0a6d8793119B3,590318
0x5754F4b4b0A281C9AcB1D5115e4e68228cB6Ca11,590318
0x5755d427690d7F60e74026490e38d42a96c0C15d,590318
0x57568540beaac9a78b353b1b12ad0d3b0719ed14,23036649
0x5758c5de2e9e94072a6ab40324ed3215f9139cc6,2666666
0x575F53510B1a6a05c3582390c410d8e050718251,590318
0x575ba3162075eae6683d6540b22d4b91ef31a0f1,23036649
0x5761d15263EaB95369273a7E448BA88EbC0673a9,590318
0x5769F9d0B9C71C81Ee3ff42925ac1518C85E41F6,590318
0x576F1E53afe5e99b2257258C7E3248d3a1822548,590318
0x576FEDd0dE8eEc847F93C2BD24316e8e1e1d3e5b,590318
0x576d7f7d5a81f105a0c16b5715ecb664f30f4907,23036649
0x5772763f0804dca7F102888F954816EeB19506FE,590318
0x5779cc0b661cAc21FEFE0834d036AA8c717C701d,590318
0x5779fdF2Cef36d78907952e30FC6AC3079C4BA63,590318
0x577C42420eA82425C60E3dE3545e971e1B2f2502,590318
0x577De7B744E85FA17c488D6B38f666DAc458EfDe,590318
0x577eBC5De943e35cdf9ECb5BbE1f7D7CB6c7C647,590318
0x577eeCf697F229B4EAF9710a611b3963Cb6aaD00,590318
0x5787bd89597b54de5775b0e613f861a79844f9ff,2666666
0x578AD9D4AF962f9041fc5a3833a99b4541Fc30E8,590318
0x578eEF570BBaAb9723feef4fF2F39F35e0C1C95F,590318
0x5790dc6Aa5D9699c1Be946Ebb3666aAdB7083226,590318
0x5796bF795e0b4D35182325B9f28A06Ed1300FF86,590318
0x57Aa14fcFeF7625Fc0409C5E5579d4899ab1933c,590318
0x57AecF11E79Ed3573d52aaB6E81E678E85D7fC0b,590318
0x57B444F85ca4E5Ad37372f16a57237522D1604CB,590318
0x57Bd7A47c35DCAC505E4dcbfa030b416eBE21702,590318
0x57C7A77523C7f8c2C58A6f79AF1d46A3EDE802fC,590318
0x57CEedF7fdf6F859329F8A3A23042918EBA7AE43,590318
0x57CbD4f20C4ead02D7F97EC657A197456dc9721C,590318
0x57D322191529268a84c3300d6866eBF6e922e1Fc,590318
0x57DD78cD36E76e2011E8f6DC25CAbbABA994494B,590318
0x57Dc975Be374ae96e6E7DBe5435e83b1EF697f34,590318
0x57Df61a52B6E80A4f728F06F3d55DF1243a485BC,590318
0x57E36Fc6c2502aa251A2688a251AF513bB7e52A1,590318
0x57F9a9C5b176196C713eBC5b314D34F2a769a54F,590318
0x57FE139eB3cb801176290514C2912706002fbD4F,590318
0x57a594A026304088C273D3924b69C6493800c9a6,590318
0x57aecba033b104ec1abde9c3ff6b1430a16a69b8,8000000
0x57bAFf1c21AC5A1E9f9a0638596d009Da1A2D2Ef,590318
0x57c309debea1bd1f24445d863e4a02fe62329e95,23036649
0x57cd616C0863489BD0231D2eBef46C616D97FF97,590318
0x57ced2370c32131b5a3fA78c26A7c629Ab7b86c8,590318
0x57d511D7cB74Fb55291dB7266bd0aD9898824350,590318
0x57d5cD5d0fcf182fB46fe0ef7C0EC4cc3A4Bde79,590318
0x57e09fac8a2ab2fb598e81632f4756466562ab7c,2666666
0x57f0a94Fc1e45692A40576cb444A4c25e266A9a3,590318
0x57f1d3Ae3F15E79dD826024ec52B4d858E907e22,590318
0x57f2819c959AbBcF22623d5ec1d3164b213E9711,590318
0x57fF4064b9A2F478259661C9c503d354180C965F,590318
0x580016Dc32aF325dDf3a7fE0e31119918B73e650,590318
0x5803589cabE116933E471961Eaa08a6390bD0dbC,590318
0x58036861B8621B4214f295ec7ecF34650F44617A,590318
0x5806B8892F0a4EB308855BF6807426721b225F14,590318
0x5806b8892f0a4eb308855bf6807426721b225f14,2666666
0x58092c976fa795056368b634045e97f2f3f16b59,23036649
0x5811dbb5137d1f884993260aef830ff45b1e8093,23036649
0x5813F12331fc213Ea1aE200c135B39CFA71C8098,590318
0x58140d676d8ffbf01609c5f754c56829ebf92845,23036649
0x58162dC28bAdb837267339aA3AA7069C437245a2,590318
0x581BEf12967f06f2eBfcabb7504fA61f0326CD9A,590318
0x581bCB0BDca9E7Ba95F7F4bE1DB39C3baa1a24aE,590318
0x581bc2f04b066d168e48aeb6414fe8bbc079a34d,23036649
0x581d2F3B0eF58aa60c96b5E0eB7B28815458Ffc0,590318
0x5823327AE76c52Bf1cdccb5dF83D84f8DAc7BA07,590318
0x5825E272941dC9B505710F48E224e0FFAA669ba9,590318
0x5828EfF23f92E582dDf4fBBC2900E7448e45BD6c,590318
0x582C2B44013b15065537FFC44400F904cDc16a92,590318
0x582a88b918231ba3bbd25a3e84fb3fd45daadd1f,2666666
0x5832744f13d8ce0e7b678017b82bD70754E34Fd8,590318
0x58336503b65Ac90Fc78B50abcD81AE6C4ADcf4F3,590318
0x583Ae442a93b098bbc0556A5e4D892C66aEA6b47,590318
0x5843eC7344670A4d13c25fb302EcfC6e488b15C5,590318
0x58444cb5d899C02b5cc8f39e6E675d4945f25a71,590318
0x5844c848b2fd8ae772fbace798c477c0c9fc1da4,2666666
0x584589c0c16C5036AF69d12983377946Aead577E,590318
0x584708bf806e2772A801683150D73fa9FA199C3F,590318
0x584BC2918B8c1a208a7e9F15a985453D26A8CA10,590318
0x584CDFdEED39622EF121cefF65f10A8875bEA115,590318
0x584aa82E6AD7CA8861D20AD73ccB58e7d167Eb6A,590318
0x584b3BFa665Ba812Aa2252D9Ff38a3B678D41d7E,590318
0x584cb18D336fF4dfCc8223d6dC9D53999a0b031A,590318
0x5855dCa0471D925183BA1c4C5Da45ffde307232f,590318
0x585639fBf797c1258eBA8875c080Eb63C833d252,590318
0x585A06f75cD9d48d39552Ba80096C68C51B69D6D,590318
0x585EA6fE7D53eccbCE294c432d8DE6B8A67F3292,590318
0x585f4fBe2d2A889c286fa71FB81D01f30773F4B1,590318
0x5867Ce3946f5Fb8402372150775FB418f5E9a0aE,590318
0x586F75B200248Dec1Dfb8b75DA055dd8ecb5FDD1,590318
0x586a817525Acc6696294B9A7ba3a1429EBD07f2A,590318
0x586aa3a0070fA6e9538eAff8001D03f7dae26151,590318
0x5872D6fD417b10c222EB3213DC2d574542e8b5a6,590318
0x587712bdeae375e91aeedeba6960b9e7261e42c3,23036649
0x587C2FA9802D26628B54e994b73B7D9A0B072408,590318
0x587cb8d958d60279da7f87f967ec9512a17c6d8c,2666666
0x5880CFfd56D00256faaB1f2EC7cb2ED0e339D224,590318
0x5883Ef1414D389C1109F14f042486ec710852999,590318
0x58865CCbFe30dd0d09458e36e7cdCbD6eB950bDa,590318
0x58871290C1c5B010de91a5E41495E6749148D105,590318
0x588C9AECbBEbC0A1c781975EC845377E63564135,590318
0x588b818fd4185b08cfa641eb1203ccf43f2ea443,2666666
0x589056e31f173F8367852Bc88E3D942e46c6E2B1,590318
0x58965BB338ee1608f549FF10033bF891a2Cae3E7,590318
0x589736ba14dc5682e57f00fc1123c465e7fe0f43,2666666
0x58A049263e0754cb51a63248C34FFE07e8434899,590318
0x58A31404d6e6A37b0f27BA3f4C390a2BA6398b51,590318
0x58A35cF59d5C630c057aF008a78bc67CDc2EC094,590318
0x58B5beA0b69c8f80e7A1830C400d0C7c89e86459,590318
0x58BAB914697547518a99c083fc421ca21F1C1634,590318
0x58BBaF1233841c14c562650dacA432EfDF04B2EC,590318
0x58C2024294B4EA5F71e4B3dA5FcA1B16c323651A,590318
0x58D891ea289db348A3e2833940D3Dc36678fB9c0,590318
0x58DD7F87F7d94920550Ca53E3f4a8E5c54b28664,590318
0x58E599E8F5f0EE02C0a6Cd2655f87438d7B5a1d2,590318
0x58E88384352B1710d2dAC1f7992B2e5c9E706811,590318
0x58a0f7c95136eb5dea8b995c7c29e5947b31fdc3,23036649
0x58a5B7BD038A30c3523CE7deDa53F11Cd13fC64A,590318
0x58a6705008a8BfF5a3bAF83BfD5E8e1F36e7acA9,590318
0x58a79C7c574BebcE0ba2F0F54aC35Bc3f682E9ad,590318
0x58b819f0D5890D58D5bdF15935d9dC38BCEDCd30,590318
0x58b8501d951d11bd7875ec830a9935384b215acd,2666666
0x58ba29F7b72B896c5F8faE603DaB7891106b1701,590318
0x58bf28cEB30fC0De5350A045d131186808f9AFc5,590318
0x58bfDD9459a2F07bcd204efcbC4595982aC92bB1,590318
0x58c164c969EA2D2a3ba98f19E10d5Fa4Aaf916A0,590318
0x58c175911C8364395ADd4e6663C3044d531a8af2,590318
0x58c611cC6978421744329AF3bd09B72B80a6a0F1,590318
0x58df131bB9d34168b1e8Fd09FDb45918440B36f2,590318
0x58e07E8b0C89941e97299a9c9C1a25AdFCD665CF,590318
0x58e203C764EE7E426551aB2A5440e4772f79EC16,590318
0x58e3c7a561bcd0e226ac54bdf5206aafbecc2c50,2666666
0x58e815306f87AB0630f4D38DA9D909FF2C9b8Ab0,590318
0x58f0B1c5E44ACcB8BB7c1259d0f21e96A43E3ca4,590318
0x58f7781c28e6C35A37E0a9577f94eBd797bA8D1C,590318
0x58f77F30157ad08b2d4A51DA8311CD07AD26A95c,590318
0x58f8e46f51f81484d03661c4eb8bc80a8a88de01,2666666
0x58fD3119F98666997d03DF9c323D8F7D455f0292,590318
0x5909227A0388BE6e1cEBee7C56D080C61057dd04,590318
0x5910EDc9D31AC33471b1EdB6A230Bf98582F64E1,590318
0x59170D55BbA35AF1f1f9c3D6B1f678fbb68A760E,590318
0x59177EC3F73351dC043a26d4D24B5b2780Af56a4,590318
0x5919ba30E2EEbc5AdF4ac75e9FdB9F686cB2C9f9,590318
0x591A2cCDebe48E3565F2D18f922955C60D90D80f,590318
0x591D70115b76fc67001D268d09fDcc661f188fF6,590318
0x591F3242C7E5f99C3f526C6e783cDC940c0dcFaE,590318
0x591F8a2deCC1c86cce0c7Bea22Fa921c2c72fb95,590318
0x59264FEf395B225B14a96373110F7F8ae358DfF5,590318
0x593F7c4ADdaeeA0f15D0Fb7fE18069f01A26FA40,590318
0x593a45B477ecBbe128B54723F6B07cC1b2095862,590318
0x593bee91EBe3A42e809d07189FCEbf9ca0414447,590318
0x59414043fd2a518e725557aE9752c32Dbef46F8A,590318
0x5942c21aa6e81533d95842155610852673e05CD7,590318
0x594876074b9dAC94d94d61Cf2d63F982bd65E02b,590318
0x594f7EA831b715F8dA52bAb5425373dD681362A7,590318
0x595170Ff30508f85F94F1C28261f6e624fA72fC5,590318
0x595eB2ff395d4cbea2951c231AF58a58752d327e,590318
0x59604f4a784692021b97375ee6467b07809a8ce2,8000000
0x5963d0e50F783F7ce82B178B27D24ACEa6f64021,590318
0x59641fC96B002E33eA4b33667899802710C84D40,590318
0x59645B7abdD7920019c256123B7Dd9a33ee4c0ae,590318
0x5967c5080b0CeA77d6BFc133F3d926753b471501,590318
0x5967c5080b0cea77d6bfc133f3d926753b471501,25703315
0x5968550233F5C7ea7b20282cd70FCfC0d871e1F9,590318
0x5970C498244CE30248711497b7886fecA0077423,590318
0x5972045c1baee5c06521b26fd5496e20a7b00807,23036649
0x5973153090BBd99a2B5D594dBBd79F08CfBd80B1,590318
0x598447f2b878dB6CD7058BB2154Ea2C629dF9C9E,590318
0x5984bb82F11171cb1DC2287E2A6935c44D491538,590318
0x5986B17A5b5F51eabf8ffede40287B50111D57Db,590318
0x5988e42443d8bb5A8aD4155589f886E8FEA755d5,590318
0x598F9EFB3164Ec216b4eff33c2B239605Be5AF8e,590318
0x598FD564215dd337aE175AF5955A333e7BB21430,590318
0x598abd49A879c2C825B335E3DBFD3BA57057d242,590318
0x598c103947cC968993C3B6cf08433EaC7AbdDA37,590318
0x598d66ad7468f11ca310458591a8e57f4ac32595,2666666
0x598dd1deA61F5A1d82998d94C9a6D8AD6Ed8D5Dc,590318
0x599091D90E0F78FaF27850cdB66333D819446003,590318
0x59913c186174E421Ef8F3D4D3f1fC3eE66370046,590318
0x59959450bb3DA79A8bC07CC078696D6CBA3bEB4a,590318
0x5999eD7434aAa58e651ca6fbAFbaF48bB528133A,590318
0x59A3da7B35115770216B183e35eCE6dEe85459dc,590318
0x59Ac7E6261f79E49fF96Dee13208BAB0464f4ef3,590318
0x59Ae0DE4BAe0ba8DCf1799aDcc206F76C9aeA8e0,590318
0x59AeAd02628382e2Ec641B49ce7ad17737C43a52,590318
0x59B181CE47F7C6A59d293aF6A69fE6DB97ceDB0B,590318
0x59B7934f3f43aa3d23B94dc22036C746F1bad235,590318
0x59B7F8E9778386855BE41be357129Fa01698892f,590318
0x59DD416eA18Bd275467F1635De17209D9E7E304c,590318
0x59a24384FCFe68315E0269AdD6A7Db7CA74A4F88,590318
0x59aaa6dc5d0e9c37ed98862dbe1245670648e0ad,2666666
0x59ab6a529b63d794bb2cfa6341845ba362ec4ec5,2666666
0x59b1408cd3fda9187a32ba772525d3cb935a630f,2666666
0x59c99f57A7974E39D39c41113442De239D29bb6A,590318
0x59d57f0A7130F2C75F41a9Ce853240A2502C02f7,590318
0x59dc534cfe7835d09736018fe5c083afda9ff262,23036649
0x59e3e9f3b109183722c580045f51c6Ce89eE7102,590318
0x59eF2C7a690947C25197CbD19F0a54BB07eC406C,590318
0x59eba8b63DAD6813E4996Ceb3EE69B844B511091,590318
0x59f02c22E6cfE1aEfbCD2c709706fc09DD94fa34,590318
0x59f1747B6E5CD6dB13862602bCC161D8f3478071,590318
0x5A0Ce929C4CB0F0aABc9F008C9c9bfc0E9f29195,590318
0x5A0FFEF5FC0974d5B857bbE79b192C8661a7827f,590318
0x5A15bB279Ad2Ab57F7638Fd188E68a0b2374F2e6,590318
0x5A17fB43794212F5Fac2298747c8757b8Dd94A17,590318
0x5A24702E6Aa21884d468D0490bdE721b4fEc30Ab,590318
0x5A26a1b8D4bb5B0e0C9D33Aba539F81156f77Eb6,590318
0x5A2719656729aDc8033F1Ce485F1039ab6656A04,590318
0x5A3f93d1D7de357289B256e724206c9d323a3F2E,590318
0x5A46ED259232616719712B127A6871dC4287cd7c,590318
0x5A47a459b246CaE50d7009Ae414B6bFB536a7577,590318
0x5A4891000f154FFfF688f690aF36F0883d0faC60,590318
0x5A4C9B18F388abfC6e1eF775931626a95e8bC7cD,590318
0x5A5049A948C97791BbdF5a2c1118600E7f30e9F8,590318
0x5A545672C201ac1fe68A472daC23af4a4B1056F3,590318
0x5A5862D39084D39E0631aE9E9A3e1A05eF973Dd8,590318
0x5A5898783ad65BeE9AC015eEAb959547f7B3a6F0,590318
0x5A6528d39CC1Fb5D5541aBb528225f19F4694204,590318
0x5A69991e291D455218edBA83420C87b2775e99eE,590318
0x5A7051BBfbdad628bFF35225139A896d657cBff3,590318
0x5A777b34C64fA603d11b66558F22a29e348D3610,590318
0x5A85E1574f86A019038806710D4c9344566e2f08,590318
0x5A8E0B9FE9f9F65448BdDf07481CBD16713D1C24,590318
0x5A960546706c2eb44D1Bc2Bcc5c473d60B2Bce99,590318
0x5A974779e64cF25658a9A159A7329f605fdE6A5f,590318
0x5A98dBcEeCa053b7845Fc4dD79124F66908AdE50,590318
0x5A9C734d86b596b381D042F63fe5FC98c7149EE4,590318
0x5A9e792143bf2708b4765C144451dCa54f559a19,590318
0x5AAe1335627118dB95FEd2bd9B69320c1962c0f2,590318
0x5AC2C4691A5B3257c6873D4B057391cdd2D08Ad9,590318
0x5AC41B7E73680a3E77B941fEE0BAD04F59c9bB7d,590318
0x5ADb84601eAe00462E9ac7E62a17C9f03e3A5E08,590318
0x5AE279A6C89a5029dC09E675bC849aE97984757d,590318
0x5AE9F813638ECbc7160D3400dC6D607Dd9cb1163,590318
0x5AEEdbc6b655C13950F32E5E8a0760D15Bbe0Afb,590318
0x5AaD81BA804A508db8e07C75BF1F46F167e792F4,590318
0x5Ab548c45D8C92B9Fa7E8Ffd030bE87ee9b9aDAE,590318
0x5AbebD91eeCD06bBd42082af34DFA3085A809E05,590318
0x5AcA5d0eEe56e37D2D1e2627286CF095624A3bBB,590318
0x5Ad73E80C5739558c6829794bD04f391450E89a8,590318
0x5Ad843A42407B906Ea00412967cF84b9a78f9863,590318
0x5Ae02F2dA032e44D8927A289DB6fCb7300A12F3A,590318
0x5Ae769ec6F156d07Ed916d9c176A3DBa2364FF1c,590318
0x5Af0efFd97F07415E451F6990bFE8E9aA110852d,590318
0x5B0c1a42F3836498D29d7Fae8268621C25701f27,590318
0x5B17F1d35330D0daE58765e7fd9454818E3f5858,590318
0x5B191F5A2b4A867c4eD71858dacCc51FC59c69c0,590318
0x5B218B64E7c5F1140D44135E19bFe7F6A2BAEEc3,590318
0x5B32dA55c0013DdE7640EC04FEd4037326903F03,590318
0x5B347cBD34E8195e8b7B0Fc3ECcFa05cB2e44b76,590318
0x5B3B3BF067854BdC74e3f38c3cC7121BaFb254Fd,590318
0x5B4BB3c2bB6e2eC707Cc39a86dD398C0A9F69Add,590318
0x5B51024CF9c16827f999C63CA319bCfb86182F2C,590318
0x5B513026A2b2A258A402003cc754030c4E986307,590318
0x5B53cbF3A7ae63d71694f7e1E6d1f4F5Dda8f635,590318
0x5B550C7107cB8b9Ec79f8695dB7834692BAc1Cde,590318
0x5B666E0f0c6d1D2612B40e1C5415B7e6449382ed,590318
0x5B6C6FA53532772320b2924702e45E874f1663Ec,590318
0x5B70385e4586ac15464db0071d373A1dbEC1860B,590318
0x5B759eF9085C80CCa14F6B54eE24373f8C765474,590318
0x5B7707A9eAbBdE11039745c68c396AD9FE825F17,590318
0x5B7F7aE5A9D803B6a840529a904974A115843B6c,590318
0x5B818f43a1206e78c5F92F8dfF66c16238546635,590318
0x5B851E86968B6a761a3E0259DB3b8a3817bE0378,590318
0x5B8dB3F1a89a49DC235e1c9Ec05aD56869E5c0a8,590318
0x5B93FF82faaF241c15997ea3975419DDDd8362c5,590318
0x5B9EFFDCBD65946F2B143725Dc244563248AA4Ee,590318
0x5B9bA25810320349964a9F0b2f2429aF9B9d4518,590318
0x5BA9dF9078DaA33E0bd9012DaD9CE5C8F89bb902,590318
0x5BBFDfBbc635959890ef4aF33404e4b1c1eAd9a7,590318
0x5BC4134ab3E945dA2D853663e8963b4A0cb38535,590318
0x5BC44592138650696bAdB88c95B91Ff034158590,590318
0x5BC79d9084b79ab6F522423d4184C1eC3A625376,590318
0x5BE8f739C8Ea94D99b44ab0B1421889c8b99b2E1,590318
0x5BEfa7184A3e6e6579fd6e3d62EEf29227c1D881,590318
0x5BF8068463FBe07bd2D4f73721e28f0A78D9062B,590318
0x5Bc0AEbdbab698e12FD33A2E133e6858fe6Cdd76,590318
0x5Bca4075dFC8065235cF75C6b15B410e62845Fec,590318
0x5Bd7410A3597c3BA436d20B430102E9F91266D7D,590318
0x5Be876Ed0a9655133226BE302ca6f5503E3DA569,590318
0x5C0EE26dD59c6C579315F49433C8dc70F1da0531,590318
0x5C0a7121358685A5ab5aB9d51b69713708041e75,590318
0x5C0cb37367Cf81ebfDe49400D113DDf40a7e6373,590318
0x5C0d9828Ca6595Db1012A4063C7aE8B6EDeE7534,590318
0x5C18D25064b9ABc166Ec38d15408D5569176e8CD,590318
0x5C21f1DC6ceBa77C53388933CF34F22796802DF3,590318
0x5C297A7F832d89243f866Bc416779198dcd70E7F,590318
0x5C3943208A241DCbd11c515D7890F2D11a4F421b,590318
0x5C4FE960950BA0E09A72869C3D51fe70f07580e0,590318
0x5C563A17Ee800C88746795e39F2a26A72406B7A1,590318
0x5C7763e8Ba2A1c27135f900e7d9a817B81023931,590318
0x5C8413d0D908C9Caa91aC36f60AFfaB023ddF88A,590318
0x5C87915F26B5414e9748300caa7A67f5f0c1b989,590318
0x5C9674C69B4DA486FdE68bD48fEab226eD4a73bF,590318
0x5C98205985cDf4fA126e13bA9e6D949aCB0DF595,590318
0x5C9bE52eb4ddd9DA7ebfEa60b242F92019C1658C,590318
0x5CA41C23798cB0bE026f8C21F7C4327a922506fd,590318
0x5CBa07c1d79D9619EA58A363e164Fb35ee62c8E7,590318
0x5CCC421a18515a8eE351009955b851ce11C7B937,590318
0x5CEfca3a19654d31c0A598B392f5213bB054338E,590318
0x5CFC5D7A5cBD70a0F7a2E69C3a7ea0F0e55Eb22A,590318
0x5Cee202B51518b0E4675bbe129F6C9776F4417df,590318
0x5Cf2CC2C71231C23cd5C5A008b9339Da33F0FA57,590318
0x5D0058A41f41a77CDf46D555306c1b0503A7FCa5,590318
0x5D00f55F53fd8500236e06F3D3EfD5A8df9c9B69,590318
0x5D18C78f374286D1FA6B1880545BFAD714c29273,590318
0x5D19622fcd3E469D1Ffb4C4B2E784ce739149751,590318
0x5D1F31e86AB96bd43E96a71fE903589DFf7b5dd7,590318
0x5D22362d66e958E7a0b2cbd289841302eC6dE23a,590318
0x5D235b61a728Eb2d0c5719e112AC9D14E492758E,590318
0x5D25E3Ebb10f4DEbF1D7b76Eb94302d2D74C7035,590318
0x5D343726F9643ab3BaB164a3D7132C1dD35041a8,590318
0x5D3d028948c0F6382c1025C0E5e5cbf2B56D27E9,590318
0x5D46ECB924b164bCa72a46ACb360C5c910691B22,590318
0x5D496a7f09D3a61bAE8b2A8f56F990bFAbE77d2A,590318
0x5D4E071eF28ee7b866Da2Ed1ecad4d103Ae036Ce,590318
0x5D504b6FFB36f472dFaCc4fB437A4E36c87d40CD,590318
0x5D5950F50fbb081Bab24ab5fda90A592D30327AC,590318
0x5D5c7e824f79D232e1505b7cF6Af937C79d5A0eB,590318
0x5D6f7C1e9f7a7DCa19b01edbD59EBB9223356f8a,590318
0x5D720BCC25542D9f0061812c494d2c8172589034,590318
0x5D782108A30857871a63105a515d6A58D4f5c558,590318
0x5D79EDFc5D347F5A67fa9Ff92306eb2a8B80a496,590318
0x5D802e2Fe48392c104Ce0401C7ECa8a4456f1F16,590318
0x5D8f7F058c6A1369fdcFbbFe652dFe29f8db2867,590318
0x5D9198D3f46f67cB54Ea4e6E68Daf8a7396B510f,590318
0x5D96a9d34F7D1e12f13B67736a12c97DF9D32384,590318
0x5D97CBA17eD029BdED94C43Be0394321733F5B5A,590318
0x5DA9197A505B90176bBEa0379b5d2DAdc27D8e40,590318
0x5DB08F47a248D7620aEe6765B97f0CBe4a8d9Ca0,590318
0x5DC2d840b183EcF1B2C775a1731A894294993D3e,590318
0x5DE440bc5f7523FC153f00B9dbcED00Cc6878976,590318
0x5DabD90f0153D77d4e91AC5a9D5E54789f6a9e6c,590318
0x5Db201AE15f9702f0a0Ff9F00b8c1c18355373d0,590318
0x5Db2d2a055466E0C5d4CF09869cF2E2CFc47b157,590318
0x5Db5631746793de8f36C0c24C1a3E23019cE3f17,590318
0x5Dbad2139b6Bd4254B183c060e9c3A494D7b9c1b,590318
0x5Dc4f6D286a16DCf35c90eB73B46F637619D842d,590318
0x5DcA47df4DdDe71069E2e205b993ca39dd3881E9,590318
0x5Ddd0CE97517F00ba03E9A8D1e31128E3c172055,590318
0x5De9ed0C3B6b428c9fDE75eDccdCb569C93b5EBD,590318
0x5E02ABbD0079b37e7968275Fa482b2aa6864dC74,590318
0x5E0504B324C1Dca7Fa98626E6a8F9b5C9e480e2C,590318
0x5E086Bc6Be8Ca70cca2eC41cB28e17CACdbd530E,590318
0x5E09444553F89857258f6f7d20084e5C6293C444,590318
0x5E0C37A0372E524B17C2C4aE540126F0549C4AAf,590318
0x5E199814f74B452245EF20657D8D5D8cBE820c0c,590318
0x5E1998fc4fB1670914A3e0c9971752DD02592477,590318
0x5E2A888cf64650140E7E6755914Ca857A7BD346E,590318
0x5E2F16dF1550e49aA44aF99Ed3cdF1be72913118,590318
0x5E34556Fd5Aa541b48061d8bfD8f03A2D95a98f6,590318
0x5E39f1ba57cb2a479108Bb12643438656c1EFE12,590318
0x5E3C951aF472E5BEa4c60D5163004175A52b422F,590318
0x5E3cbFdBC0A122AD1B2AeeeFcdd459c68d7280c2,590318
0x5E41F23FA26d448BbF957392Efc9AB0EeCe73b30,590318
0x5E451B2D167c2A8FAF0A8B23cFf27996a28F28bC,590318
0x5E46884a77E0aC5F3126e30720Bd5218814dc5E2,590318
0x5E5D2287EA3F5778562228BaD1F6449FcD8a6Ee1,590318
0x5E644eC875E694D0f3Ec2caabC81300Cd15325bf,590318
0x5E65919a34c88356f00b767dB10C565D2bea10e8,590318
0x5E67dD2B6B83a8C703C3b4eE6b78d9108C7729B2,590318
0x5E6f984B5de41eFa109287d5022B9ba865A2924c,590318
0x5E74F9671C990776f54983c9385394e79AD81d53,590318
0x5E74c62D0b1fc99D6115051B97d5bd4d692f1893,590318
0x5E818831aCA49b631C783731f3006aA6950d19ab,590318
0x5EAa3414682feA1b3639515F7877EC96AC614646,590318
0x5EBb9b119FecEF92cAA5EF181767465e831e1704,590318
0x5EC6abfF9BB4c673f63D077a962A29945f744857,590318
0x5EEEB64D0E697a60e6DACd7ad9A16a6BDd5560e2,590318
0x5EFcF8358C0948112175d580CD8EFF797D183522,590318
0x5Ea0AcAAF9A1C5d9Cf93ecdB733EF6c6d66663B0,590318
0x5Ea5Ecb93599caAc6b5b57b2Ce776E234794E79a,590318
0x5Ea64C3286acc37645a999591404072b9B4EDc21,590318
0x5Ea7317319dd0927c5397E0321C631CDb6FA768D,590318
0x5Eb63b4AD2166ccfb59Ccec70Fd0663Eb52Af9Ef,590318
0x5EbafaEe5DFa2984deE0F667FAD40f760aba1AA1,590318
0x5Ed8551d21a95e9edA1523e43E7AfB5E55BA7a07,590318
0x5Ede418055b4128e9FD4422047866B2735276597,590318
0x5EecA9db382CfdAa222450753a90291c560a4933,590318
0x5Eee1e21a9225F5A65Ea11504D0407794F086888,590318
0x5Ef74Eb02903Aea2B58386e31f2D8103f8ed1823,590318
0x5F15e51986a3c0E9e0c0b199812A9DFCEDC1752B,590318
0x5F16E39c8cE311DF6849be16Fd4A3fd5D90d9767,590318
0x5F1eA9fE87cf07A5fdAE6E106430c98A6aF8695e,590318
0x5F363952aFF350Fc994b6535370F94FB47db3D09,590318
0x5F3cAEdC6e8072aE298210bE6A6b5b00E0D42a24,590318
0x5F43Cd8B5Eead549de4444a644B4Cb425A4ea5b2,590318
0x5F43Ee7EbE6e105627C8F147fe67cDb1d12E040F,590318
0x5F47E54006B79f179e20De7Cd7692136688B5e96,590318
0x5F6b5178ca372D08C309f814Ad2d30C7Bc889344,590318
0x5F6d5a985f3Ab5331238D370F1Bd18323fA96753,590318
0x5F6fD9d880BE6e209d5ee7a5517DfB40B8a9d81B,590318
0x5F7E1de048bA1f23f60b1455849eebfce4A6b441,590318
0x5F81F635D7B1f5b06A2dd01f4a87716C0189c2ae,590318
0x5F8793B114fb4c779866a1dB859663A6595883d1,590318
0x5F87B81967917FDa5408B4b0871ceE22c6b9C35c,590318
0x5F91dDDF5822a7ed3950f85b3259511161B4E970,590318
0x5F9F133F6Ed031c96EBE095D04A306a289beC6F7,590318
0x5FA595157EF81e9a87f5D3a5A6D17E9073a3569F,590318
0x5FAf4005e0677e28B48f6488e9Bd80c9166d366a,590318
0x5FBDf92FcB95facC1E80bC780E97947F669FFB46,590318
0x5FBa65C2402cCF6Eeef49D6d0A56E1000F8Ac48C,590318
0x5FC95FC71C63D3F3DC5d0b7fA208b1DcBAeeF654,590318
0x5FCA640F57f2Df6819Ac4c251dA2872f87eA257F,590318
0x5FE411EF60dd0EDB8243768E5459f0Ee355df3E6,590318
0x5FE95a1c4eaA909a45c19c142e2471F87D880666,590318
0x5FEd79A44B663D4A019e83e4DF0b047870eC20DA,590318
0x5FF49a712E816108F03944f8518967FA8EE4f4b4,590318
0x5Fa67702Ac636429ae5ff615089F908E464F2396,590318
0x5Fb3200B70537647830EfC21f4f631Fb14C2ef0B,590318
0x5Fc6c0Aa0bbeD590566287354D456de490fCC785,590318
0x5Fd21ebA060bA46ad458D6A2B0DB5C050F07FEb2,590318
0x5FeB52dC3EA785dc9cfF5C375282F9329F676A6d,590318
0x5a08d3cac48d5c7c842fedf0fffe313daaf0d63a,23036649
0x5a0920941c1709b3e277cbdd1b05df62761d19b0,2666666
0x5a0fE2c40dC5C4FAb5Ab898C938F8b41ff52c48f,590318
0x5a134084f6bD1E115854d43a7F263429fbB49015,590318
0x5a157Edd4b99562046F467Ef2C4a7a16105eE9e8,590318
0x5a1776EdCB782b8A447B20541480B83F83a538BD,590318
0x5a215481eb95E14573B956d10BB495908621F6E9,590318
0x5a242D83a5401bF46E72213bAe915a71a4C3d0E0,590318
0x5a2acc57d073e6cee3538ef3ece7842eab5790a6,2666666
0x5a3649369BaA565b7603846c437Fc08479246b1b,590318
0x5a3649369baa565b7603846c437fc08479246b1b,2666666
0x5a3987A667326cbed1a3a327229d44288A3a77B6,590318
0x5a3e61a5773a1210c829a3d78a9534ff58fdfcc0,2666666
0x5a3f24151434d3125b2dfde4f3491e35ff2bf4cd,8000000
0x5a407865411253E5A991d3e49E8Bc7A1FdBE82B0,590318
0x5a4083FB1dd92A4A731FF6B2146f5a67f0ab3384,590318
0x5a48449f7841B91713729308653b9124716c2E1c,590318
0x5a4db01922c79a66aD7638D28A6Bb74d70aC1c1e,590318
0x5a59a21a1eb3bdf94a22452f0949f6d57d525649,23036649
0x5a5A338Eb7F5BAF9b3FF72ce57424DEeCf23e154,590318
0x5a5A774d42ffE9F34E2C815E219e9559E1876Ecb,590318
0x5a5ed3083d79f31f295BCdd71fDfB7a188132538,590318
0x5a6332cbaf2d32507b041e4ac210b836dc6997a9,2666666
0x5a772f5A13E45752Ff416eB71F971b7F0CdA3929,590318
0x5a7B66f51eB274e907C36B87D11DC6Ba40d1A0D7,590318
0x5a7FefC825AFa6d7d3E4c94D2A9fC5e17Bea022D,590318
0x5a7c0775d854c662d35b99F4F73954ed5992ac53,590318
0x5a7d40F9589d2543Aa4bA613B3Bba95e741c7B07,590318
0x5a8116f07937394e6Ac2A51995Ab6a054C08bF9e,590318
0x5a813b82e4520f5534ec617747c1887b9f03F051,590318
0x5a86B887b5FD20e49B665D6F8283593179BE5451,590318
0x5a87216E370484f0926d3799bbEbb6c8cdaF6D86,590318
0x5a94985a118ebb614f384bc243a0b3842841a75e,2666666
0x5a971c2902c388b52c6862470d06a8e548fc51b6,2666666
0x5a9885034a28e5A40d0884F2A79708cd920ef85a,590318
0x5a998006A8AaCfCB8525276B40B2405F2D3316ac,590318
0x5aAAB77e9b3B13C509e7813533FDd5Acdfd1ec9a,590318
0x5aAb78097CeF448F163a571732C68C5eF6bae3d4,590318
0x5aB2d1f5069dd2f9aeEC3b0A8e923B1cdbe7Fc44,590318
0x5aBF2eBB1fF5B9068102880c7306fB1181D9663D,590318
0x5aC37964EBCBC68efB51497031cCc355A137DcC5,590318
0x5aC69C26a15CfaAeB066043Dcc932F7D01FAF182,590318
0x5aE334369e99E3f4136B57029e9C940251E810F7,590318
0x5aE4436ab8125fC48B8a9eB5e29625102EB8C9b9,590318
0x5aEc2BdC0229F858a1ACEEE89DD545Fff61a959a,590318
0x5abdDAB6631E8FE70f41887D3322A26605C7aFD3,590318
0x5abddab6631e8fe70f41887d3322a26605c7afd3,8000000
0x5ac83a963edcbc68b99955a33fde87b2caa7ff48,2666666
0x5acc91ed5bE1Ad83d2a9c0387C9b4596328d72A0,590318
0x5ad58E77063A466bad2BD685b4E8B8bBC48bB59f,590318
0x5ad88AB667EDD12655B81B1C2383B1f3E6b1a226,590318
0x5adacc8bbe97695f13294fe1c677501c873f8cdf,8000000
0x5ae16b705509c8B11C36717030fAB43676656350,590318
0x5ae336f2ad53a317dfdd8143d1319451a75a7b2d,8000000
0x5af4e431d094f1244538072b6130fb832f519681,8000000
0x5b00F3D1644fF3106248B2C50505A67ABF31efFF,590318
0x5b05a59fC55D8298318Ba012B44ca3BCe331B34d,590318
0x5b06a0700504DFb1B1b6061000c36bf9d5c1dA53,590318
0x5b0e2d4c4c87CD609295B210D999082f6221F6a7,590318
0x5b11f988f1B78D991a328Fc60dCe76f726dDF5E9,590318
0x5b1231715107C61937F7dCC595a9B63CEa64a809,590318
0x5b13a5f579e746aa9238b8383044079313f4f213,8000000
0x5b18E9f01042E210b0aD153A1596768FDfdC39a3,590318
0x5b197E3eE6770518f6F2735274522F48aBd69864,590318
0x5b1acf0e4a21da74df8d86d245f7247397063869,2666666
0x5b1f6D418b262aBBE6a624950a5739721B99edCe,590318
0x5b2998ee575e2cdc401b056fb107dadc67d39bad,23036649
0x5b3dd55b3d2b34e8412e49d43c9d8fa0ef7186de,23036649
0x5b3e6fc68fe8fa18be962eb32af68e095db839ff,2666666
0x5b436e52eCB0E0056d5c79936697cc013Bd944C8,590318
0x5b45dcd14f03794222726cb162c938ee4139dbd0,2666666
0x5b51024cf9c16827f999c63ca319bcfb86182f2c,8000000
0x5b5d9e2872D54f83379676662907757AF3dd0d42,590318
0x5b656b215Df2fC0b27b370D329F0Bc59134Cb6dF,590318
0x5b739D8167a6aeD79DD3A54bac6bB100BB04FAF4,590318
0x5b771Eb0Da5A5460cB6c1bC0084Db0Df8b789955,590318
0x5b862f2a7a1835fa96be0b8ce1f02766fcc9ced5,23036649
0x5b865c13a937Ebde5005Cc9f0f0730599A1E039a,590318
0x5b8bC25fdb53c5ea471101aa7aE07B6EE629c26C,590318
0x5b98d864A86A0C53964d017997f3281f675C0840,590318
0x5b9f7F6C2Cbe7425B9C03Fe5254CeD9Fae05b50C,590318
0x5bAaC7ccda079839C9524b90dF81720834FC039f,590318
0x5bB769c81356BABA7372e0F9B91D28971754F1e2,590318
0x5bD16DC921AEDa35B79712FBF299602D408662b3,590318
0x5bEAA0F2A7E25fa8D902C5852F3FdccD8f222b62,590318
0x5bEe532787E527ac2dfBfF9b8AC5E857aCDb31dE,590318
0x5bFD3A8186265A69b62922755D65aDB76D09572c,590318
0x5ba0368F6d0cF136147EaF9a4D4b34ef9fC923Be,590318
0x5ba22e349ce416304dd54a46a48f44a375a087d4,8000000
0x5ba5d0b7470dc8a5fb62ce1728b73bbf4f45389d,23036649
0x5baf47751b4eeE90d7F9fd5EB75c3aD4162421E4,590318
0x5bb38AE066987922b0C67aC8d2aF215EFEE8894f,590318
0x5bb96c35a68Cba037D0F261C67477416db137F03,590318
0x5bc074a38561407a4adfc8722a6569e9a7f2665b,2666666
0x5bc8f6c407590c5e598ac9855d584132a72fb48a,2666666
0x5bca10af675325De5F61Acd2518140E04D2f3b88,590318
0x5bd3c8dc76aef15672ece9725274f85534321f99,2666666
0x5bda48e321f8190a75266141ab78a6dd42dd35b0,8000000
0x5be8edf1bbbe0414f078b7bb8091731dfb1bf785,25703315
0x5bef46ac7f33b5E2FC2b6F26628884e7163eE96C,590318
0x5bf276abcae05e2E2E496CF88415Cb96456154c2,590318
0x5bf5162ef3f5875459992046aacF114CF2447631,590318
0x5c019fDF1E81De5C32535dA69c11cb8ccddE65CE,590318
0x5c04bf87fd0eb6131e0ed6bbf642137f13f845c1,2666666
0x5c07baB37936004DFDa51cDB0B3e44ac95498aF5,590318
0x5c1400db3994a25bE52787415074a50379F60F6f,590318
0x5c17a3C35B17409610bE52fDe0B41b0977c6CB33,590318
0x5c1D15dC3da43A18E60C2DdB87B3466097855530,590318
0x5c292731e7E8b79d1dB221c82b29dfa8931dC5df,590318
0x5c31854f1024bd1e2848333500F70674378119af,590318
0x5c4A64aBD18C714BdE447BF32a8A34eDD3b63e25,590318
0x5c4b13329fa16e519fed5abb85f378fb634ec41e,2666666
0x5c525D30da62e439188D30d8c3ba0EEc50a0774d,590318
0x5c5267a02593366F681365EC057E2C5099Fa6f88,590318
0x5c53b61e03dd3f1a562a558a86688d506d4df1fc,23036649
0x5c574D2d02dCaA32d7537685d6880d03f4d4Ca94,590318
0x5c5Aa631B49948862AbCcf9d6c470765c5Cc08E8,590318
0x5c5EfEBe2035A5F3d180d545C54C8E6B95c31068,590318
0x5c635CDf609fe01c2D59EbE3b00530b4e3A69C96,590318
0x5c65891ab97D401Cb16fcC903a5DD4AdA22274F2,590318
0x5c6638f26dfD0dccbCa50D856532CcaF973Db177,590318
0x5c66f1b75A668273Bf19553044Dd2Ea8d66e9731,590318
0x5c6956442cFA2b333580cA32e3253F0D60076c10,590318
0x5c70aF3ddc7e815a40F2A09d22483e6E24EdDf8E,590318
0x5c712177430d9cFFb6bc15970e43Ab956Ef8A582,590318
0x5c76512E7B976C6CDa9fB1829829e5e653F5a453,590318
0x5c83e37eCeEBd0F3cE559dB3566408721D1511a1,590318
0x5c87f8006c0c8e15cd06fb1a557fbbbde019d051,2666666
0x5c8d386E4eA51107ce602a17845545b5C9a9359d,590318
0x5c8d92A794B534E8eCE1D60B259eB9a8804F6b14,590318
0x5c92B08c345091342f9Cd19A628FE6c85dCff5B3,590318
0x5c92c86f123681b911aad4f1cda01345e9ac3a73,2666666
0x5c9E30def85334e587Cf36EB07bdd6A72Bf1452d,590318
0x5cA0eC10eB1ee9CDcfBD40bd0D6852477Cde3871,590318
0x5cC84B2910eB23551aBB9da058aF67a9C2Abb440,590318
0x5cD1FAdcF877e753e61546C288eb875d81D0c37e,590318
0x5cF35018983637FbB4C721f4e26F6F06b517497C,590318
0x5ca12f79e4d33b0Bd153B40df59f6DB9eE03482e,590318
0x5ca48F0698062575c9F902422640Ee64B85Fca3F,590318
0x5cb7e77f0e0541d11da33267eabbf9cec4f948f1,23036649
0x5cbDB794b3B36dF58A7Ce6C1a552F117F061103b,590318
0x5cc35122b6f2ee687cc511398ed6f08b18480307,31036649
0x5cc623cc720982d485d38834e7059188ea26c019,8000000
0x5cc7c56911c238c1bb84af03855643cfb6c8d3d1,23036649
0x5cf442b3867cd2054d2137987e5b601f06f359f4,25703315
0x5cfa1c68d3d84363830F7130DDFbA371a87358b4,590318
0x5cfe3a15c0f55b8c087d5063258a49e20784de8e,8000000
0x5cfe65fd04b02ecfea01654b231a0932dc040305,23036649
0x5d03F678D31B1908DF5256Acf404909770b3Dc74,590318
0x5d0726903C2E128B99baa25Ed0e5A065cE381BD3,590318
0x5d0cc620c139eda7f767bde26bcced6001410e35,23036649
0x5d1633c322ba12721fb6c88dd1e2d00aecba203d,2666666
0x5d17458A65901e454d6fc0c71E95F4e5D0FCB08d,590318
0x5d28F42a1ed7680AE22F1aFB05f787b594f5cF3a,590318
0x5d2aec28acaae5180e85f99ce0724ed378398aa2,8000000
0x5d2d8a247af40efd8439054b171f18b9256a0898,23036649
0x5d30EA6d8EB2b0C2Fa58B0Df9d023CcecA847893,590318
0x5d3cB4D46C2112f9Ec87157A39C84731A2E3F90e,590318
0x5d40974EB02497F24D011D8E3Ac633f22cB99780,590318
0x5d42B4Cc33dd9FD52358CF52de0C202fe14B68C9,590318
0x5d46149d5Abb5D2E5BE2c8c27D9cB8F68385E3a6,590318
0x5d4781E7E03822Ae75e2ae5d7442102a01b6E1A1,590318
0x5d47e5D242a8F66a6286b0a2353868875F5d6068,590318
0x5d48534563c933f5d0BDcb9a446d8D79B1CE7F0E,590318
0x5d4A2192a0176fe80Cf53384283a748bBcde34db,590318
0x5d531EDe576cBee77e764a0BFa3AAC728a42FcDA,590318
0x5d54385fA9e30B18880c7B11B7E9bA0a90d5cafD,590318
0x5d544Cf14D9E6591894B1FeC0a0fa04327D01F01,590318
0x5d81AE293cBebdCD0fe57F62068bB763E56581AC,590318
0x5d84ea0c0f70911ccd81e7655734335e35479f7e,31036649
0x5d8744652711f59b104E7e36b78ac6D5C7f6D760,590318
0x5d95a83a3B883e9D2F6318C993CA57EC1AC7af03,590318
0x5d9914671b741Cc0f09426400AdCefE23C58fcB5,590318
0x5dC1ad7932198C3111089f32ff6865A385C6d8D6,590318
0x5dC85C89E8AF7DB85a40E7B4A656A95d9DFADeEA,590318
0x5dCe71c5fA4FA8593c9B903F093544145BdAf7bF,590318
0x5dDb4Ba658A5f539Bc02D86fd8213a1F59A7A466,590318
0x5dDf420df839a65f33bD140Eb19b4a3ac95aCd17,590318
0x5dE278B5Fc44D75bE7143f9C9Bb53E33F921b062,590318
0x5dF195473E1eA02Bd64FD76c4f0c4FBe0f010F13,590318
0x5dF2feD8188902F86f2074b70Fd36ED3A39A1256,590318
0x5da441739614ea06AF94b48AfB9a7af906d4132d,590318
0x5dbbBeA2F4eE8A2098FfA2D6b99556Cc38Ecb748,590318
0x5dca8dE77F7E1EEFf5a722d8809a50B9B623aAB4,590318
0x5dce5b0ddfd0ee565948479B729B698A4753Bf59,590318
0x5dd333167ae3FDDB8D6EC472D7c28Df7bB4921A8,590318
0x5de80314Ddb070E44f8b806Db6F6B789EA283095,590318
0x5de83233bcfD264d91fd0275a5a24E246054Cb11,590318
0x5deADbCcaC379A09ABE527DAe05C6F1c03f4c6D1,590318
0x5df59c43Bc63f8da3A271DEa1E8002eEa34607Ba,590318
0x5dfA3092bE17f441F85A4B3218A7675f0EFCF9A3,590318
0x5e03F95324D4c49b6B35c35E8A979708489B4C38,590318
0x5e0Fd9D509BdBC16A5A1b8C2f0e7bE3EEB5714DB,590318
0x5e1088B14a3a04150B1e20701a88A37c0aAf58Fc,590318
0x5e18dEA5ff64EFb5Ab6bAfb11bf24121323565Ab,590318
0x5e24c34dC8aB82964943e364ba30cF04A51cC3cd,590318
0x5e25a01724faf9a209421501e08eb83f938a2f04,8000000
0x5e304f384741c2e5481657b44361f69d052141c0,2666666
0x5e349eca2dc61aBCd9dD99Ce94d04136151a09Ee,590318
0x5e36c44a92E806b3CB9AE4494998705954a81d93,590318
0x5e375b1247bc19debc350695976e5fa7ef958097,2666666
0x5e380e1bc717add6674f46fbc2a7955827257080,23036649
0x5e3E3B6E57d37999BB4EFF9FaFC6386413245dC3,590318
0x5e40A7d82D7BaA15BCcE6DC06d5622a6e13D8d6C,590318
0x5e40e6Eb4e56Fd57F4AfFd04EFEf625be0B2D76a,590318
0x5e47eC2AfaD9D9a87f4fd47C24f7fDcDD7778EAA,590318
0x5e4BE30AEccb0c4F9811Eb3876D0271ea826eB67,590318
0x5e4be30aeccb0c4f9811eb3876d0271ea826eb67,31036649
0x5e50f6769fcc8450f7cfef8914146a2c67a8e163,2666666
0x5e54f63D374DA2BB233325F9e1680197208e64dD,590318
0x5e57FDEd90C4635648Eb7b3ba29705Ff0769D103,590318
0x5e5Cbe1593676A7735e8EF65724174664A2Ee900,590318
0x5e5D46747100A6d10797D9432f78380AEfc6eebE,590318
0x5e5fE721bfA0b54C8c67084e665983369598ADf6,590318
0x5e6CbBc6B83Dc4aa3d72d7e01748AC2e0382d41F,590318
0x5e765C6A318502FF2F6eF0D951e84F8dAE7FA3c9,590318
0x5e7C5322CFC43e01dC29Cd53A77569719e4beff8,590318
0x5e84b299586b90d24c05c95639321804fe1db6d8,2666666
0x5e87DE04fDF6514e650e3Ec937F58943475186D0,590318
0x5e89d9165Ba768965B463C92bf0393f012A5783C,590318
0x5e9415e904d20b5c789b4173265840e2f7be7b8b,23036649
0x5eA07BBdb38352553f6B66b57D20523B32341EA2,590318
0x5eAbf4Ff5409Be88439a19cbb7fE0E8221242Fb2,590318
0x5eB27C71969C678d21585C8a2F37D4df1Ad9b6e7,590318
0x5eBE4aeF41638aB91BE0EDA104f8D3501D07d4C0,590318
0x5eCb2831F504BFdDb6Ce38272F46145205A78c7A,590318
0x5eE3B4435d67b30977F82A8B62F3db2eA8c4F4fF,590318
0x5eF2ae20A3541125e65269A34CF8668d4E829E1E,590318
0x5eaBe46CC66939EEcE07967F42BFDd752d6E92BA,590318
0x5eb71ed53ec7da46191408fe64961e030424a534,2666666
0x5ec113bDF05Fca4EF4C63F774a8D1290De390B9a,590318
0x5ec4b3a9187C29a3152e6992B9b3F01957e353F1,590318
0x5ecf6e13d904be5c5708dd6bea0da353a5a44f25,23036649
0x5edaD392B2A0c19aa94e8e4C6e05065f60431648,590318
0x5ee0F1Ddf2860c22d08B8482357f3d7cb7F54dAe,590318
0x5ee29711A47f748DAf8F20243d1096Dd8b6d68cd,590318
0x5eee7cd2eba58c19ad4ea9c9784803f996061210,2666666
0x5eeeFc7D872C03296639bcc49D11c99403d2F4A8,590318
0x5ef65d0188889d906b999b5110ed64a33c6193fc,2666666
0x5ef86dA9Ed0FC7B54D0cd96b767F2891373718A5,590318
0x5efd95ced49055f9f2d945a459debfccee33aa54,2666666
0x5efdc997e4a64658b5c7615a64add871e07ecc4c,2666666
0x5efe8e1424414b663199eb6549ac00d9234ff958,2666666
0x5f1d99876ce0C7619A615c003Aadc6881ED45D99,590318
0x5f1f37Bd439A6A97d28c799f2A3e265d2b05643b,590318
0x5f207fb9c9a5e572356E8E15BdFCaE04F8F1294b,590318
0x5f2445AfCc57a9862F47Ccb1e17AD1DfB67c8c29,590318
0x5f2e203d4f7298d0d38a566b4e662a73445fcb11,8000000
0x5f350bF5feE8e254D6077f8661E9C7B83a30364e,590318
0x5f359c478DE1307dA403dff777306C8852878a5F,590318
0x5f3DF357144f748d7d53F30719A6e4040E2C7D04,590318
0x5f4016852B5e72d1570Ed71c60346875001c54cd,590318
0x5f46645b89f890b7feb579c71fffa97cfcb8d048,2666666
0x5f4825c9e2b2830e15e0f73c621bc2eb67fe8b7f,2666666
0x5f490956Fe728893813215952999f9C708C4eeCe,590318
0x5f4BE9B2AFB94ED9EaC75fEF6254cEe34e690D6d,590318
0x5f5ea2151a3e0d9ef40b755f3d666b361b44e40a,2666666
0x5f6a3D99Ba3e4857031b75D471A77AC2056B136B,590318
0x5f71a197D303Cd700511323976067ECe43dE8AD0,590318
0x5f7a1c2b82c010445a5a267313b9a7ca6eeac596,23036649
0x5f7cbd456b062aaab95654de4864e85c6fdbd56f,8000000
0x5f8014d27febe41e8bdbe4c5f4940b2a84722e3e,23036649
0x5f81E1D2C9f5497b500daf03EEb307caC09051Ad,590318
0x5f8508a6a90FfDf74e526C36906190310e61B7B4,590318
0x5f8B3D24DCb5356fc336c6B15b3716671a6bfEe7,590318
0x5f8cD364Eae5F793C5DF8E4545C2a8fA4f55b23a,590318
0x5f8d2b7a5d92eadbad7cc2517f54bd86c0c4bd28,23036649
0x5f8dCe30E7f6DDe926209d7D42e7b028306C2666,590318
0x5f8e3bc4531e8d5cb31c5763775f1386c4e9bb8c,8000000
0x5f98c7c898782AB92Daf59Ee1f114bac90B00B92,590318
0x5f9f1c63ff3c2e1b5dd366d7ca4c43663aea2b87,2666666
0x5fA4dFb566eeE7C03885eD5Ecf93aeFf45bEf375,590318
0x5fB2D40dB7daF7912E4903ac40E1B0cd35265FD1,590318
0x5fC13C5A541041f8fa12fab492D064435eB8d2F5,590318
0x5fDdAF29681F3aCD3ee5D88Ef150F066b4db9890,590318
0x5fEf57EC758aBdA7c9Ca42F2C3Ae4101B0EE44FF,590318
0x5fb1cafc2c460cb40d75c171d74a8b83d1feb03a,2666666
0x5fc6f621d6e68736a3fc9075b691a721a96aac55,23036649
0x5fc7b3499a4e4f4f4e41f76cf3211fac03a4727a,2666666
0x5fcE74A7f357aCDF7231c380Ea1DC1c32BBB3DCe,590318
0x5fd9b0B7e15B4d106624ea9CF96602996c9c344D,590318
0x5fe77169Ee8A147Ee63662160449C9Bc84570F3b,590318
0x5ff25ad012e218ba392f713395549a3ee12827fa,31036649
0x6006476d48d971723e308D6E10D1aB4586C4B0E1,590318
0x600CEA2E5Bbe326d10aE0F04AFf5e48D07e10C45,590318
0x600b9bd6d043e684971c5c9a7aaf4d734e7960aa,2666666
0x60134b99AF344024B205a65622537DD615B7a680,590318
0x60134b99af344024b205a65622537dd615b7a680,2666666
0x60166d410cbDd11540AFF102c10dD7516197E03A,590318
0x601c10943651e48E8F97Dfa64275DecCCe6f2B25,590318
0x601e0871479B29d9cd5ec3Ae74e3E4C35dd21005,590318
0x601f1bCa6Ce51f767d0F8fe80E25cb96DAcAcE61,590318
0x601f66b3C3552B7B8EB610ba33b82EDc76D17070,590318
0x60205bab990bf54c701f8850e56bc52446008930,2666666
0x60235b2AEC58bC2Cb7000C2f606798fF801C7265,590318
0x603121410742328B0AF3B0e4a066B29A9018FB1b,590318
0x603155b48D35EE71930B4BEF411c0c9f1FE8ef5f,590318
0x60327BD8165674E338CeA0EaeB4628783a7C1E7F,590318
0x60398b4560ede97e099Cd834A64092fB2F18E392,590318
0x603A2531b6BAb9666C77042B1dA1639c9C5D1c33,590318
0x603E663A18e912a968dFEb425ad7dBfF5865d163,590318
0x6041f881358C71D64bc9253c9ba0391DF69F7d98,590318
0x604622dda402f800f737ccdef7a9c8f2b6c5f931,25703315
0x604644FE47A3247f5D1D1B101E859a0849178f8f,590318
0x60472afa097c6dacf00ad250451d401b9616094c,2666666
0x60493eecc1954f5ee5c8ebdb69425952dffb8c41,23036649
0x604b2aaE9CDD0970526ec8b688156AFbda15374E,590318
0x604dc457984fF1D4B1135Efe604d8A1FCCc636De,590318
0x60528E6b1191A9E2c005FD3FD11B3fB74161F525,590318
0x6054201e0305c6Dd38189bFaa59243d7F171962C,590318
0x6055748c85D954Ef74D864ce7714dd7b2Df49Dd4,590318
0x6056311B8A0075F93954e2b67B50c1BFb56d5249,590318
0x605E2886D8e4632b8acf819aF733AA2cbdc94583,590318
0x605c93dAB353a52Dc33Edeb813cE122afCa90413,590318
0x605d362e497b785bc1cdffc69d104fe70be71d11,2666666
0x605fCbDCba6C99b70A0028593a61CA9205e93739,590318
0x60613A0e20a08247740ea23cA3Db6De082f6937D,590318
0x6062697036dbB174D0C9aa571faf60B179b8479b,590318
0x6069B7868066456c012767520857f1F932CFc9B5,590318
0x6069c3bFc29198E46d07268198618f8E56147c8E,590318
0x606CfD3A4e7Bee0fdAe596854819ccF12A068EfF,590318
0x606Fc4a54A577813cdA1c28fC328dfA3BBfC9B91,590318
0x606af076c8863228fda9bd96c7d5319462368500,2666666
0x606b48D6b2F4B168f99e1Bd47B382c8e403f15bA,590318
0x606c199c18f058D39EECA6DD567c73486026F8d5,590318
0x606ed751a34dc832eaabbe4960748a7f6c14317c,2666666
0x60702175fE8399B0E5A7937F455D4dDedDd2bA74,590318
0x6071E91AA75f2D1ffd8ADF308D76bF3c97E3A108,590318
0x607617BBd80828f58e503522060248e52d539cBD,590318
0x607987c48402996B687835b79A9532Cac3f02091,590318
0x607D8B01eBaff0732fD48D732F4cfF13fd79c786,590318
0x607DD84fB7D600E69dbFcEd0a413F3Bb5BF3e1ce,590318
0x607Fa62073F55ec7F6FFb861FbeBEd4BDF4Ab903,590318
0x607a70E94c612bA045cf48B0F8E241A611f574D7,590318
0x607e7701aF1a37bFfc117EE10bdb391b81c56Ec1,590318
0x607fe5375f3d891806d2e2268801894222fcd2cd,31036649
0x608236aD46e1e6665F511a4C452362A03834573C,590318
0x6082740d0370a48bc4ca8584f1cee7d0f9131a0b,23036649
0x6082A2C822Be50940543540376589d43C26DbCC9,590318
0x60921BD80a3306Fb9674be85ef3bcF206CB23dCf,590318
0x60979E4323050FC6783c77B097585Aa3CE355f2c,590318
0x609D03a719A5fa85eA62Ecdb90A4940Be4781B7B,590318
0x60A18E7C1A6EF5D4d3A69062a8CdD1396ceD4b23,590318
0x60A504e46b06B3314dAB1f405E69F91510327420,590318
0x60C5418551f138d5de627eA8Df170cDedE0bC122,590318
0x60CED65A51922C9560d72631F658Db0df85BFf1f,590318
0x60CEEf10f9dd4a5d7874f22F461048eA96f475f6,590318
0x60DAf0e5Ff2eC9BF54c8AbF5623f95287Bcd44fB,590318
0x60E483cdCf8Ca76Cb83594675caD74fe3D6F97eC,590318
0x60E4fF91f6a1F5B904D22917568d122496C33923,590318
0x60ED91fF05Ffb3D9a7d2022afc83055d9C06A3Ac,590318
0x60Efdf16ce2Eeb765b91632370812C054C5291Be,590318
0x60F7aFD3Ec9827cFE5eD285B57d2DbF9C1163772,590318
0x60Ff0a9D3cdD21963BF4E838da653f26a960f214,590318
0x60a083a320c4c227e8f49548c801148694e71216,2666666
0x60aC14f6E2c2C4B4ceaF6FdEdB155f9A08EABfaf,590318
0x60aD50E7D5dBb92da6E01f933a4f913e4D9A4535,590318
0x60ae18553897965427EEed0B8E6fC9194a73F1a0,590318
0x60aeb65b2DBfF37fAE79deF421b61C15bEE9BE14,590318
0x60bc18ed2ff76646ca173a9b572118d237b7c80e,8000000
0x60cFc03346B5E36A8EFf816EC9Bf465745227f95,590318
0x60ca9d786c92887451addac22236ecca5ba21862,23036649
0x60cb6b972EC074c01aB29FD5840a6bf1839BDbc6,590318
0x60d85a4d16720a98d7bced90781efebf81537c3f,2666666
0x60e049eA666e1F4d63cD0c355777Bce09b1cCAF0,590318
0x60e426a96Eb76c24Caa9b8F4743A7cC56CBb67B2,590318
0x60e9d4a789b99c86dd3313b63acb883b050f0ff6,23036649
0x60eDf17Cc8a2c4CAf7B609e1172ccC723f17D228,590318
0x60edb7cfb31c85d69a94da6491f37f3067cecfec,2666666
0x60f0Dd98ED1ad2A3a0365eD5FBCD231cDE735027,590318
0x60f22ED315B40feF548eBc1cA2d6092C7a9b8BEf,590318
0x60f507A1a0b5E5BE10D552FC488DeAe095bF79Ec,590318
0x60f5b56386983dc51decb3076c71ca6c7509579d,23036649
0x60f5e75938419667305DA249Ff9b2ea2985EB082,590318
0x60fd1113e34c9d140c39b510c7d4a16f94c19849,2666666
0x6104a3A414A49ad7fd362a50E38abBD4Ef0DD877,590318
0x61068AbfB8349f90bd0bAb12347ec10e0C55C20f,590318
0x61069bea4361Ec129593Aa34ab84975E7D8273Cf,590318
0x6109a69cf39cDad03f951f006b92a2d788201F60,590318
0x610Aec3851d7688C4C8AEF3a6173F667E8beeF73,590318
0x610B6D8553fc2c536E1ebEFebf691b94d4e3D4db,590318
0x610dc74040701c71fa6a84bc51f57ff2216f2f20,8000000
0x610efa137667a588374de5e0569f93820be7f57a,8000000
0x611889Eb5026798E0792cBAea2F287d468bCc605,590318
0x611F34F6e1145bE1F58951ffF952432611947c81,590318
0x61255e7565ff7824Dc2CD784E427f5E7C7fc7a98,590318
0x612Fabd39761661E5894543626e1c3C8e4fE8527,590318
0x612b59459C7a63288a7D89a385899Afe18BCaa09,590318
0x612fA6436d059fb7573301F6AF7EC65c84B4F59a,590318
0x61354875006fc2a1bfebad1e67c92fe4077bcb55,23036649
0x61378b1773a04A837B915a9c725ec406C4DB18B2,590318
0x614D98a57A5D879D717152dE0690ed2b04562adE,590318
0x614fE38E61729435fBdDadCc11Bc41713108BC10,590318
0x615B6B1BB60A05c69515D45401c590d630e93E59,590318
0x615b219cFBf65c0af2Fa4ECd9F230047F9411da1,590318
0x615b413a08D13D8EaaD68e547e7869Ce4BE817ca,590318
0x615d54f268bc9c67fb9e8f0491d9c95a8d126856,2666666
0x615eC8d98f3b2947F44EC7AC5764ae287bA4c16E,590318
0x6163a0e52f80b2f5ea4e51520748438fce738f5c,8000000
0x61677331A536Bb160ad60C7C3eBdE1768e4E22db,590318
0x6168394035df39f9af21F30529fFa8B56515712C,590318
0x6168623167941FF760306497960E90bd5f214d52,590318
0x616A8cAf29ef70Cd7e983B91B4ffa01Ff4990Fe7,590318
0x617157F4a23B49F095008E7d18ef1Cf50DD73f3C,590318
0x617a76534c0fACdE801673FeDC5B2731c6f8B9F8,590318
0x617aC94Ce87f092855e2b16b99cb9138d5e4ac7B,590318
0x617e37f0e1e21ee619039b90B68CbcF8E055ea7d,590318
0x617e4eaE7Baa0773d015f150068af1a873295265,590318
0x61849aF6A11375352160A2B07947262e476a31c0,590318
0x6186290B28D511bFF971631c916244A9fC539cfE,590318
0x61884d7864BCCd6d06b7900Ff507996Cb0284D30,590318
0x618B5E5A05f51377F572d325f1d6953A447d594A,590318
0x6193E36FCe0e1ED6868626e7C60684B265cb5623,590318
0x61966Cae5C057d5b0bFFCae66fa0a1e3Be4AF023,590318
0x61AafD86529951C2F4b3D22aD55fE286B23f7453,590318
0x61B4F8735Fffe7cF93B84176C32a8CF921d90acE,590318
0x61Bf9c100F997f8218a01244C00Cd303AF95877f,590318
0x61C1aD37FBe6Be285d6Da2a9Cc062A63D5B52b9e,590318
0x61C738a6a001cAA23f042C4B07c4936f3EF42ce3,590318
0x61CdaEAA81BbE6d8c31a5Eb624CbA56C57e0fe9a,590318
0x61D0Ea212b35721e021F56094603165A92410c19,590318
0x61D2799799aFC6a29FD9E7139912E3582349e235,590318
0x61D32BF0f06AFd12730fac9f5b528babd0AcFaF6,590318
0x61D897B1246fD61076914b619310707dC0BE790e,590318
0x61D974255DEEf667d30db7CDE25BAB48BecD3aFc,590318
0x61E241A5D5585452fDD5958006438867901bC690,590318
0x61E52f9C22D8b5254F6942d2B00b0844b4730F8E,590318
0x61F0d5f7c652287dB5547DD6A8F0cf7df9017CEB,590318
0x61F5525FB05C34D9422673cE44631a44e7615ffb,590318
0x61Fa18C69237bbCE55CCd67CF73B6f26AC3a7542,590318
0x61Fc94d1b542b26eBe531698396984354Cb5f272,590318
0x61a218f0a5df8a8dd42af047e37383c447ac29ed,2666666
0x61a36C36d95cD9e2b166556B4c858Fe1DDcCeBCc,590318
0x61ac65FcB7cE27A8873AC8cf863Ed196777DCe60,590318
0x61b0afE6B4589540ef96982A3e2249aC0B990D82,590318
0x61bB31c24F0db18cadC21574f553d6d52944217a,590318
0x61bE3AB867C83c04f156492eb487b13fC9A44583,590318
0x61bafe4dbe8866eaa4ef2b2003e655025ed7a142,23036649
0x61c4a9107de33e75ED6FE29550Ae2cc29cEd2264,590318
0x61c7c984811625b235e1439dc6ca1dcb091bdc8e,23036649
0x61cC4029BaEfba25d68f00e9E9662FBfE5bCB82e,590318
0x61d32d51C574E7Cd89a28c34Fbd091678E088CaA,590318
0x61d34a0bf48e0009995c0e48efbb7c07eeef1391,23036649
0x61d974255deef667d30db7cde25bab48becd3afc,2666666
0x61dA95d412C224f369FaD09c640f98644badB67b,590318
0x61e07007f6500DEcC32d0AdAd8Ba726f4C25aA1d,590318
0x61f3129deae6962f49968f6c31882c77af791061,2666666
0x61f58Ae92dad8375299Ca214aa37D204D01Bd617,590318
0x61ff9cbe2d6CE98F4C8Ecf3807339474F4c09630,590318
0x6200f3A82709Aa11AC3Fb819aa6f5d8f8E449834,590318
0x62016B340492521827Fc3837571553227D54481D,590318
0x62019DeF3369d46e3011B213f99a3f2819448b45,590318
0x620325aDfD1d6297e46dE02467b4f318D20017e5,590318
0x6204dAc1F63BfC5fb8F1E4ba804153755bf352bC,590318
0x62063DEE9Dc2eb6920B74453C6ed4BFCa9b0A849,590318
0x62090bba01e5f834F24D8f7a49cAbE572A568c36,590318
0x620910b020fD12E7B1FF8c0D52eda66bf31213d4,590318
0x620C607a445C8E6db96359d40A344dE6aBc2b36f,590318
0x621242117c9A664aD691e3196367a0c97B131647,590318
0x6212Ee7822265cE44B56C943bFd4bCcc03AeC42A,590318
0x62143f7605F943724845AD4CDd66fB3bfb5A95C9,590318
0x621D4a26725b51b23Af6087A3EC07726E3499b55,590318
0x621Ee6524245F054cC69A384e07dCBa527Fd653A,590318
0x621cbC6159D2BbA808F15dF8947D2F42b0fEBdBE,590318
0x621d5A194B86B664E10E7A1542d2fC8E4921F170,590318
0x621f2A5ef987e064E76da1EB378e7193CeFC0baA,590318
0x621fF3dA6E2D2EEd3e395f333bF62e32b9066a70,590318
0x62278Ccd3913f1b4B1ABD42ED1aa95F611308568,590318
0x62305DA56b791F9595f0A986CE3eb2fB9580e39D,590318
0x6232d7a6085D0Ab8F885292078eEb723064a376B,590318
0x62420c5061BcE0f0BC5920cF97d40Fd384244d70,590318
0x62457Fc0F2dc93F68F37F7a4764472098AEe1C2b,590318
0x624631F0c0E3a4B2592d1C51b379Fc5e66268527,590318
0x624645cce6f1367500ca543c09249002f9844e34,2666666
0x624E33AC3589E8fd3f66E966978864aa462dfa35,590318
0x6251dcabaf30d4e76c33b210ff1ff1930f0ed92f,2666666
0x6256687c7868B45B7724a820C8353DD29B614507,590318
0x62591cc06EF5f43Ce79a06F7Eb2aEC59Ef5D2374,590318
0x625B6DFA126397ae0E402ae9991C9Ef2Bd8f9718,590318
0x625CeBa7f2FA59A6B10cFaEd5C54Ebf3Cd0501F6,590318
0x625e239E46d3Ad052E23f396De3a569f6fD504e7,590318
0x6262f720679C04cc7f2a14c0c03486D0287c4853,590318
0x6263656c2887444b74049979db04649f69acF92D,590318
0x6263eecB3dB6F28f96377786c017623BD53bB2A2,590318
0x6268C51235787Ef9DD18c964f9F304b766a068c7,590318
0x626fE43ADfC5AA4eC9d49AE4F61A108D8D390d5e,590318
0x62700A149eeFe4fa20458a356c0f8b4a3f31e9a7,590318
0x6270D239aC3dd7bA9192367e50780031c82C6be1,590318
0x6271712d206aa0c3d4e3f618c8d7a154b440b813,8000000
0x6277f17ddd07c0167cea9969e1eb86C62091275d,590318
0x62894105C718e63C695E7974a6a5E4486b28DC68,590318
0x628B20d83fae9B7F265c2Dcf247249c1DB14f3fD,590318
0x62944EBdCd8E92E30D642a8F418cB06850262222,590318
0x62A8fA898f6f58A0c59f67B0c2684849dE68bF12,590318
0x62Cb583778AfCd1C35bdaca87ADdEe20bd186A18,590318
0x62D557A424abA37Cf6252a1b8300b54498d9E14f,590318
0x62De92EF3DaD871b0AdEE3c835D3F0989c1Ef00f,590318
0x62E55f23A90C4b12E9B3ff328eEee2E98c151Af4,590318
0x62E724226009DE1EDb66b8b8be841781aeb256de,590318
0x62E7CBaA699762388E9d72D8A2A8Fd164705a87F,590318
0x62Ffb5294F3feD6Da1c9F2c2920377398C8E5158,590318
0x62a0D21d5741bEB7bf346cfFbDB6f852245711A7,590318
0x62a8616461669b038F6992893Af0c9D56AD79415,590318
0x62aFE84EDAb591887c25b5983a9162909097247C,590318
0x62b76df0d7517a5377b36eaf639df0f2f583853b,23036649
0x62be975aE003f0a86F08CDF9ddab55d643CC482F,590318
0x62c39B0d201F7B2f9f08Df96Dc6bB2aC83ce3b33,590318
0x62c72c74c8f8d0c94FF4E43293b3200E79e3712e,590318
0x62d364968aB1C954be44a58c1d42E307A395072d,590318
0x62d3C2A80d3cCe916b9b645CbcDA14d35418275C,590318
0x62d3C6c91b08419685fD9C0634b289531f9bb87f,590318
0x62d577c81741001473F7A8d2Ba5Cf6AD8DA3Dc8C,590318
0x62eFaF62387873cE4f72a00622f89c5335115cb1,590318
0x62eabE54F535206e779B640396B9FAB2Ad771cf1,590318
0x62f3CBc2f16f5c24c2DB5413CCf031A770F2d2aE,590318
0x62f54d0dd7153961fb5f550d91c1f45b10bbdde5,2666666
0x62f5fF74078e14E9f2cB754558b88a88d456Ad36,590318
0x63005605A90baB8450d42b3c725198166d7cD187,590318
0x630061A9F3F5b6A1b255f566d084fDd83cFb6F3A,590318
0x63011b2a7416eB98f909F5D694B745fBaEFD5afA,590318
0x63038a310a46AC61A59c1bC5eAD5fe41040eF38e,590318
0x630df39d76dd32cf71f80ca4792e0df389620d98,2666666
0x63149668E713fEE1657A65CD5dB728e73365E818,590318
0x631F15dD6CC4b112485D7918b248F6d7A178e810,590318
0x631ab8EB40588543dF900263F864b6376d56A587,590318
0x631eEe77f40D2b8a1E8eD068bB697880b1F88B31,590318
0x63244b5F1EbCb999Ea012da652DFfee6653Bf8F5,590318
0x6325dcb9E84b9bD8af871CFCC55127a8a17128EF,590318
0x6326EA23CB553aC138617E88764Ca4799379ce0e,590318
0x632bddb8EbF43A75Cb9Bf7d589Db1CCad87BAC55,590318
0x632bebd2Ef257FAC95F4E9D7199f1BAE8e15bBA3,590318
0x633164429b4795ECd6801d503772401D9b2ff06d,590318
0x633551745AA7D93c50F3CF19d01542C5443A174B,590318
0x633b33E886706E5f4145f4909b96dC2661b15FED,590318
0x633e0F2d1fFED136be465f0888545496FF624249,590318
0x6340238B599b1AD1D8E9b00537dD923f31701fbf,590318
0x6347443CCA21850B4f544585F4F137858eDC9bAc,590318
0x634899A96190Dc4597cfFC7CE42DB0ffBd85f11c,590318
0x634e260557843628e3489f245e870F89Ca6b099B,590318
0x635c8f3ed99e53606ea849a7c76cebe3a4204e34,2666666
0x635fe39EeA8D6d50Ba98124bfDB1D6A22441a258,590318
0x63611cFB6eaF3307F1bf68524734BF32fB4600cD,590318
0x6363F3dA9D28C1310C2EaBdD8e57593269F03fF8,590318
0x6367E9d95f78FA85F816F66105748cF7885C20D6,590318
0x63736c98F617fdB7Ef472E721f65340D736e9403,590318
0x63745870aB28a9FE6aF8C95e35fdfFdEf06300A0,590318
0x6375594B4175100055813039CA22476CDDE06328,590318
0x6376bA69AdE23D5aB1e307250Ff277D54163d2D6,590318
0x637829DA12cbd9B9b30A4E09c87323Ac3e53dD4a,590318
0x637Bb85f830CFae4b5f1Ae83919cCA896c1fB6cC,590318
0x637Fed24D31822d36a74FD9e35fa5b9F05820EF0,590318
0x637aD78dFb128204c891eDc740AD25239b03EfB9,590318
0x637b38383ac04579aDC2E22Cb5401A81890E47Bf,590318
0x638021AC8951abDDa4B06A0f99e8D54f726845eF,590318
0x6385AEae7C6A8Ab8213703783bf7630af10D83a2,590318
0x6385f783506A8E4917569dcF017202FfB5Ea3E0E,590318
0x638f9e7852A83B40B4AA91AD7F652890AC0FE63C,590318
0x639043535394A587d00aEC45a62Ec30a434a7436,590318
0x63950CfD75e2290a3581B6b0E39C86bC11697D5B,590318
0x6395Adcd816884AbeEfE26a9563076Ed48DBfdfd,590318
0x639cB2bE5ca97dc3aD8408B0aeA967E586a9e1b2,590318
0x63BA54bb973942e7174D6C48Db265346E5EA7276,590318
0x63C8e1155E2BE1e10041Ff56625805abCf1fBf9B,590318
0x63D041Ca53c0572D00DF6664228362A816713a15,590318
0x63D7D2E3Dd5f00cB9276AD6DC9710807dcc724e6,590318
0x63Da608FdF72D2006214D5Ee25F1A51fAD13922E,590318
0x63F964B81526Fcf96eaF0729C92183AB7A19d6f4,590318
0x63FA7A8F90d79d82413026E85bA03fB3370004d4,590318
0x63FaDF7c9c1AC99CbA631e8b783038ec2745f340,590318
0x63a370ABfC8Ed6132025f6dC8244DDF6205C174B,590318
0x63a9dbCe75413036B2B778E670aaBd4493aAF9F3,590318
0x63baa869E7C15aFb918d78e0A8dAba6561769D5B,590318
0x63c0c9328d1d9aa15b37fe300102d5c59256173e,31036649
0x63c2ffd3b62def6d71010692b0759e5787735234,23036649
0x63c3774531EF83631111Fe2Cf01520Fb3F5A68F7,590318
0x63eA41257783bA059C668c6703ad80A67f82681C,590318
0x63fbdAC7116c11e894a32eF6599473cb83E29328,590318
0x63fcac9ea570c93c43f4ddd93625958564a187f5,2666666
0x640023a9552ae67E84399Cf586391A6d39D521bF,590318
0x640505B150CD27108CeA5b60c1C6F178c209199D,590318
0x64074d422806b018cb55e1dAD77303Bcab0f4b5d,590318
0x640781f2fa066c4e64dafe06164b86752c5ab331,8000000
0x6409fecea41dfac822ca467a54d4fdcc9dde78e7,25703315
0x64132A9d83dAAf298aafc66022022B3b4776F1B5,590318
0x64133c1B7389158E7757c9da4e6702e6040eCc09,590318
0x64154cB239716bbAB07Cf25c1B112e9f847f8878,590318
0x641844CaD17bD8E707475A884DbF9405e0f27336,590318
0x64187B8A40f88A445681683676DfB848CdbAb9F0,590318
0x64187b8a40f88a445681683676dfb848cdbab9f0,2666666
0x641932eCCD1fA318c0195954A29E0d76373aAc9E,590318
0x641EA39410a28F3D035fbCD3758aB04789f88750,590318
0x641b0C605706304f1F50393f3CcD9975265Eb9AC,590318
0x641d20Cc2A3BB0F7E5B751Af7E9BFEbA9544496c,590318
0x642373c947D2C2BED12CDE6D5da3dAb11d6323f1,590318
0x64288da78c47bafc07658ca81416254790b78511,23036649
0x64298A72F4E3e23387EFc409fc424a3f17356fC4,590318
0x642f57DB13b91C192c4AcA2263163824c0b33505,590318
0x6432c5269009c2e4Aa22Bf96cb6316A655a24D05,590318
0x643430283B19fA5BD70A1138B495c2B43523CDd5,590318
0x64399ed75a0c9B777bD8A5A7b897984793E7EF72,590318
0x643ecFb93E9D822fFd59B0Dbf9df4DA89438698E,590318
0x6442c1aad456F29e7631398283C6e87FF24942b8,590318
0x64478d05764fe4cB878fc8EBA80dBd143C1ca9C0,590318
0x6448d9ba9163cb0c6Aea00095F5E472c59B48681,590318
0x644d52d0f7af51B3c485ebA1c4c6C196F278442A,590318
0x644e3efD0938B65350215A0ea89a55886bC0576d,590318
0x64531331a558d4AA3Bf837AE0511b58c8D8772FB,590318
0x645AC03F1db27080A11d3f3a01030c455c7021bD,590318
0x645a707d8826F7f016171DF6eCfeb04ac7E05954,590318
0x645b317226deebef8b0669f231ea446be5958f77,2666666
0x64622E1058D418b44FEe143Ca2D4661Bc830bf07,590318
0x6469F95287f7B5d9Ebd720B9D93DD14Fce575237,590318
0x646a537d67b697edd7d9a4317012ef3b945939e3,23036649
0x6476b32b35236987F033CA852A00806bC4f73eAb,590318
0x64786a62Ad601A9830FFB48b6b0085b9e8aDefd2,590318
0x647bBd41441d537acCb5B75D538e6440796BF950,590318
0x647c7EF5Eba9bA3f508E46239e757d5443b6E337,590318
0x64809BdF6622856382c27A7cc73e8C8106d33c33,590318
0x6483983665c4171eb59c4FaC8b87F3e33E78F08F,590318
0x64842e636c4cf934DEFA20b0596e17d8E7Ca4667,590318
0x648576f962a979e9Ed71ea4862CE104E092bdcb5,590318
0x64864C9802096285154B78804F16fcFA3845706F,590318
0x64882c718e047be3599ff701db201202c1f73ae4,23036649
0x6489A86456b6DD9C04c3B3152a2cCDD71aa78f0E,590318
0x648A0C0f284BB86dba990EcDdb3237275882dD6F,590318
0x64959312C01930B8776A81e7775298533630ca12,590318
0x6499A74012D3510b8679Bf699B7aFD5e3e3909B9,590318
0x649AFa2C53d3a34c4e782108e6624BdA221359C9,590318
0x649a1C4Fd09558bA10A7401421EFD28Ae2b9E3A7,590318
0x649aC22544f6c9c2f1645EA0c76959257065F59C,590318
0x649ac22544f6c9c2f1645ea0c76959257065f59c,2666666
0x649d54Af013c9ed44688952CbD475A221C4F6Fa8,590318
0x64A0A400126b0184c938FC821A92a1D49fCf92A2,590318
0x64AD72a926E693Bbdaf4209b00D6005BfE228640,590318
0x64Be274767B5AEdf412587Dd63De19C94403d4c9,590318
0x64C2c0adff7eb28F2B9146FAB64f6b2E14C5457c,590318
0x64C4491Db00c833C60CfbBeDBA153621589F9F4C,590318
0x64CFF4D6D4fB9426E0E7C353CB738A9a670d2A57,590318
0x64D67Bc86dBF8BE384d1c4871870E96972B36a53,590318
0x64F38526800D406aC92C6E7e35448BB17ABe1A0C,590318
0x64FF7Ec5c52C09e673e473727dea43B2C8637F1d,590318
0x64a6cc69B86a3bc66e40e979cb0ad902f5239811,590318
0x64b59abd496aa5a16A38e1422a7dfD859ec6c097,590318
0x64bCA5E5B3996bA68A5512716413F0BB3Bd19b77,590318
0x64bD160728f5305f84fA87287fe1Ec337587fb60,590318
0x64bdDab5f13A99576FcA6747f0aA205422C5F708,590318
0x64c54Feaa755BcF0d1A02f478487eDf7E9788A8f,590318
0x64cff4d6d4fb9426e0e7c353cb738a9a670d2a57,23036649
0x64d1d1d9085b99c3880b88d3e7aea8e543b0d5bc,8000000
0x64d9bB34491659a5EB126588C523c50E5e5CFD48,590318
0x64dF7AF696e0977771a0E1e1B1a8dD22DED3Cf4b,590318
0x64e22e85c30e9a866a88b86608ca65271ca2bbc2,8000000
0x64e4BC6401F96d678Cfed475F74ee9c33b1514bd,590318
0x64e87a48e025b32340d0142fff0ad03ed7a21082,2666666
0x64e884F40bF5eA3aCC15D91f88a5299911f627A3,590318
0x64ebEb5Dc7b57f9255070E6383f7507d7D184718,590318
0x64f33c575a1040847A79e1AF2D93073903B4Cafe,590318
0x64f35fF5c86867e2314D18FFd2Ebb5221400399B,590318
0x64f6cC3ABa3164791847349fF7FE481a1B6fF12C,590318
0x64f8e38e19c1B6992969Dcd5769c149951018Af1,590318
0x6501Fb66D8f4B490F9512b15ce772A4E7328e5Cf,590318
0x6503FA429a64107B21B1cd11A0f6b47b7152Ae88,590318
0x650451C66c01b12D99178729a1877eebbB2a659d,590318
0x650e4685cd8C387ee9669C710D60c08B16903680,590318
0x6510B218d9D775aE2d223332F6a05AAf5C18188d,590318
0x6513B753670786367922fd32EfbB6Ce18abd3041,590318
0x6514304C439565BC6bF5e60dC69dC355a034E6C3,590318
0x651E4b1a8Bd2A20B40c004cc51509e8e6cb6269f,590318
0x651EAa5f9F2eC48163A17267c7d79a092fED54c0,590318
0x6527A83a2F6E9d6a239c9c42b392a6F72e7cf023,590318
0x652933Eb430fF2c92CC58DF9f175163678dc838d,590318
0x65299Bd32d80bE43404983747eb1c189918f74F4,590318
0x6533A1E5C99e26EF7D5BE7675B242F7C3704b676,590318
0x653AF7283c07d46934d26F3f55525cB7E045f318,590318
0x653D1e3219D8e636351710d06cb1B4950B853dfa,590318
0x6541512EAc77b2eDa37602175E5F352FA193e46f,590318
0x6541bfd839b10D5E5254a6A2CFf029917d72f546,590318
0x6542509039bbb952d2ac17e6ec6df6c19426a1f6,2666666
0x6543fb27f628946d85bab181f7fa73c808620a28,23036649
0x654DB3aCBF00969B803e69D6ee4946368ECa417b,590318
0x654a0D1f9fA108AD031e09E58c6B4F3a08e21bEe,590318
0x654d8Be7Ae65f5A79FbFf79eE4F7A9302e4A7FAE,590318
0x65504838463B09BbdC8be4561A05Ee611f6077D8,590318
0x6550e8D294802C55c7BBE8D8f1d5774d1689AbE7,590318
0x6552316697951435772137032762628463705058,590318
0x65525c852CDDe6CF549735538dB8aEd27Af39611,590318
0x6555Bf7587e96ca62c9DD835947c485B9Ee68239,590318
0x655F14CB2c6160eB5Af2524415370311017224f9,590318
0x655aF72e1500EB8A8d1c90856Ae3B8f148A78471,590318
0x65601f93EF992D786F8930EB7e94439e80eF99D3,590318
0x6560492A76F2087c098bB0C9AF7b3aB5cb2D055D,590318
0x6560544e6a480a65dd44e8811d97d8e879b0a474,2666666
0x6563540d8a8b2c0A2e8f31E6254b990D7C9D0192,590318
0x6567696709a1099FA6f23fa60CdA82a024b0Ba92,590318
0x656924C50519Fa52136BE33Deb8024F07c5198dE,590318
0x656BD47D556B648B8BA3d522A343Bc306a10D50A,590318
0x656C22bB7D0B44d9F894Fa8B47fb1623387f5e73,590318
0x656bA0982CdD0eE803F603F22f77299e4e963EE3,590318
0x656e3652ad3c920d8b9485107217e12ec851baf8,8000000
0x65722112b135fb24b1aa2229026216f6cd5f794e,8000000
0x6572D48041935Ac7e644392F5338f47f2b85C900,590318
0x657Fab3A2F8FFE4b9705aEA4A3b66DB213a8F96E,590318
0x657aED2f2Fa0c72Fd190C0aF579225Ab95429464,590318
0x6580A84e6ca783Ba11677d0CdAffb0F00eC95CC9,590318
0x6582479e72968847f09ccfd9f35bbdefef8c2c8c,2666666
0x6584B48CCeBD9c3E4413a1dd4CDBC38B2500cDF3,590318
0x658Be0B5fD675B279779D45990904C6392C8B49F,590318
0x6593730F087D891e54a3f26090c3Ec17526de3eF,590318
0x6594658cb8176B5B1d4491c6F8A26c3C40c8d8E0,590318
0x6595a41A2ebe230522076c544fb2dE11A6666226,590318
0x65962bedA8d54020e808546C30a62087861fC652,590318
0x659924A2F3480459C64a6f928D6b2164343D3266,590318
0x6599BE9FbEf78fe48604791f14359A61DD9Dc50C,590318
0x659BC109c573118bfF8fF54cb53ff47552CbB19d,590318
0x659e42088C214b9889Cc2A94Ce81E4BA1055AAd7,590318
0x65A573583098F937B2100AAD8bB6fFe631d79332,590318
0x65AEd00cc3FF8c2429b1f1DCee976945CDF6665B,590318
0x65BCa6e57210d8eb7f7754AC28C6725fC60fe248,590318
0x65Ba4f92D7DFA813DdBd849D9Faf38a723Dd9b12,590318
0x65C08819f2ABd8D4E4DEa9C147bBd7BA6CB7Ad0D,590318
0x65C3564f1DD63eA81C11D8FE9a93F8FFb5615233,590318
0x65C713c58228a92C8c67E9cC295D89Efd1f4060D,590318
0x65D66B6FAf411Ce9eB24f78375715AD5f0133e62,590318
0x65Da4ef04A2E4e6862DDcdC1835818369Fed00C6,590318
0x65ED98D6f02319c6268915f405D951acEAB04a5B,590318
0x65F3826F6746812d2f795C9513292910Ae9eeC01,590318
0x65F946b64BD609259E2192BDC1bB9e80caF7c855,590318
0x65b46c8Ae9147aeA054D5A8b2834A85aD10CD9C1,590318
0x65b490cB4793FF6d32471B32F2eC15Ec4302AA36,590318
0x65c874d474532F4f5Db9eE02F1290f3034E78d73,590318
0x65e50ED0A04e080933e39CcFFDf99335C7410076,590318
0x65e51A6F396599558E647D7E4D8e6e6ca6eE4A9b,590318
0x65e6e38D950eb80B607b8C93e9e0e6c1B97a4823,590318
0x65f000728B7eEA6F4ac41Da8fC2Fe3eAFCFb3fD1,590318
0x65f057BAaE12390962dF18b3dBD37e797802e6ee,590318
0x65f106ec944aF77914d6DF5EaC6488a147a5d054,590318
0x65f34c6269956460b86ce46cb1fe65c37b4d5e12,23036649
0x65f3d3314fC2D7Bf867b4716B514Bb5c694D9ab6,590318
0x65fa707895ba2D662c4a064d824cBC48F0E5B519,590318
0x65fb42b2Fd8f6dC6857F5bfC128830f7Aa2b61db,590318
0x65fdBDf4c07ccf1B59F9A3745697c764De63395f,590318
0x6608d5342ca0fc0aCF0C334c2496F1542Af1Fc71,590318
0x660A0646cD1Ce64F422f623a8a82dE6e99ef1DFf,590318
0x660b946DeaAAA7B37fed0008547D3f52315C9b71,590318
0x661218f97EE63af34BaA42d8de03CA57c2D64F1C,590318
0x6616020cf1dB7F34036ff05b2E460Cf7F161f4F4,590318
0x66176E5e4d28Cb4c895A039F9f00d717dDd24FA5,590318
0x6617E12B9b7b2147E12a0f25A01E6266f9Be58Be,590318
0x66212a3c4eB5c934A5cB998C8F5D74138022767c,590318
0x66266a4c0aa51C21E16C17aB04626DD3A354006C,590318
0x662C904A42137930531796E38cfaFAA3922d5deF,590318
0x662F318cF224fcB053607037866600E2Db2988db,590318
0x662d5d79849113A5403Af776210307a7c82a5267,590318
0x6633fB5864D8A1Dc0855B20de79b701D856304Fa,590318
0x663400622Aa4729aaa28bA21326397289bD0E6cd,590318
0x66342CDb636aba7b1CcC2F95EFABbC7bA3B1947D,590318
0x6635159add6B4C53fDDF64002c2Db7905fF52e7c,590318
0x66353CF1b2C65602DE8Bc9884E3B591FfE541528,590318
0x66362B929C1a9AaF14c51aaB9B455ad7fb8268c4,590318
0x663Bec312342181FE6403614901b4eA1C5c5D9ED,590318
0x663Db54E1592B3164E270bfD4D7A49A4dDbcc2fD,590318
0x66415E41ac9f9B3C099204E7c2Ba4F5Cab4917a9,590318
0x6644948D70478cFE1F7FaE8C57877a2f9e3C293b,590318
0x664784B2a4019B85AA095488efa86FCe4e85d8a6,590318
0x664842d7C0d57E3e90FaD1fE85eFb18995450aFa,590318
0x664C3a556ec04E26aFC054Aa2581aA3AFD3a61C5,590318
0x664E08CAA9f8b99E92169fE383B2a4046df76bd3,590318
0x6650bf791CB78452b538c23E09c3874B41550C02,590318
0x66535463d2a4b8cd8eC7fB20988E85E5ce48e5B7,590318
0x665953cCb6E0B5a037D91eBA51f2EE4f4A2071CA,590318
0x665B7290f4B76D40AE5AE4282B77CB3f0876C2e7,590318
0x6662304e3198C8D54530fBdf02A869fA84537639,590318
0x66633Cc6B84CD127A0bb84864c1a4eA0172469A6,590318
0x6666666b0B46056247E7D6cbdb78287F4D12574d,590318
0x66666F58dE1bcD762A5E5c5aFf9cc3C906D66666,590318
0x66667Ea2891BfB7791409b0e19057a2f6237788c,590318
0x6667Bb8Eaa06BA51Cd783Af69d4639765f42B4D1,590318
0x666A3CE57C1F787c7D6E410a71b74b6B0b1A06cB,590318
0x666e41b360740e346a62275865ecCb413103f4d2,590318
0x66741DBe71473188d2bEB7893F1dCc28ae9cEb6E,590318
0x6677e85ba0a61311d15b731c289870a3430b04b3,23036649
0x66789216de11b5c16bc3ac5d0d7a1974e0768a4b,25703315
0x667B5828022135ce82078155AeF14Ad80A28dDB2,590318
0x667Bd8766EF7Ae56453FEAbB15e7b8EF984F8a04,590318
0x667C66A1DDE2eF5A2f92414Ae51e07a8d91E135d,590318
0x667F90f8f831d72c4B571A2e2089A659790e243d,590318
0x66889b32Ae7a7aEe8136611F95e5EE93048DbA91,590318
0x6688Bf37C797c6176b17a92DD5E5A7e4A5CE09A4,590318
0x668C6f75486d6882a1AaCF7BF03eeE605C96fdaD,590318
0x668a5b2330b06245e01ad93930463fdaf91db832,23036649
0x668ee345328e3fEFc99bc1c3745cC2Ae345E32bC,590318
0x66924E4c78b1D7508F08DaB42a101B0d53d937Ca,590318
0x6692518210C76419e25f9535Eccff2457A942E91,590318
0x66977070649F682e26869a69C758F09C955A87B9,590318
0x6699397361F50F3800d36a7C33620B6dF9473d7C,590318
0x669cC9868684BcA92486788deD110246C7184856,590318
0x66BD8ac57603FFaEf81AF63e22C425a03e52dced,590318
0x66C0f3dB396E43a51787C580251c58275640c7F9,590318
0x66Ca48C967d946a2C0637E605c493653bD59ebEE,590318
0x66D3189634D397eAADBF8ED48fFc8C717B55f479,590318
0x66Da63B03feCA7Dd44a5bB023BB3645D3252Fa32,590318
0x66E1Cbb8943C62927Aa627f55A4F76317C94eFde,590318
0x66E2a637Cc99dD0BFE1922A77CF747dE727836b0,590318
0x66E4fD1E403833F8275245258365453E261b2d71,590318
0x66F6DdaC108Fc3C89137A1085E7CeF745c39F4ab,590318
0x66F75DCA1d49bD95b8579d1B16727A81839c987C,590318
0x66a4c06b964b2d726bbeaee813be96a8c9dc6ae3,23036649
0x66aAe224f13Be153C6Ba4550f9e24D6f0B0Be671,590318
0x66b9BD3a9F0d44121533F88C94D4e35213222917,590318
0x66bFb72F818e6e1e8FF79f914F495857dEDa5003,590318
0x66c1ad2e833abd1859ebc862ad7ca1663cb0a7b9,23036649
0x66c68b5A77d009609C2A1C0797Cf991D0D0e9126,590318
0x66c6d1d1f58c9449f906de0154d81a5e31ba9b6d,8000000
0x66caeC94015a8751013677d38E1d0aCAAeA1a2cC,590318
0x66d4Be66e6775d9e73E6996DF71aec6850aB207C,590318
0x66d4FCd66A0A240f8Db254981d2eE18DeA625942,590318
0x66d51567c5d419ef09ab180ed0c0d9f2cf46fe8d,2666666
0x66da213025fd3c313A10184C97cAb4f44E4e75b6,590318
0x66e9e38110cBAa8E0F1e743C3986c4460018bC59,590318
0x6704e754055f3d6D533461AA4D16af2c02AC99b4,590318
0x670a962409cb1407de0A4d1721d798088eCD9324,590318
0x670c989294042F14b1D7C80562DE867d15a04e8E,590318
0x671028ae7f9f366cfc5705c343b5fea48e3ac60c,2666666
0x67124d64de8f0d4d209d66ce33776f4f806f6266,8000000
0x671bc55ad0ECB4167B3d9040712d8b57F395dBdb,590318
0x6725E2a2F5d4B58ce55ABA34F24C2b6d5b388575,590318
0x672Cc5B6F1e9D1F0f3E2f279f4cBBbfce274fe24,590318
0x672da68a15ef7fcdbe20f231dbddbaa0f1f28b1c,8000000
0x6736C8E6bFB7B66B049bd4351Ef91a657743FE89,590318
0x67399b52bb3e717d688e7867ad0af5639ea93294,23036649
0x673A827c0DF98274fa94EF194f7f9D1a8A00BBB9,590318
0x6743406E32127B7EfE84157F6fBED69FBBA309fD,590318
0x6743923a0CB2bFDcFD49668FaE6799341DF2dD26,590318
0x6746673FF1db9880238DF5A2cC6f93B8dB0A0EE0,590318
0x674d9488d67dc15a7ce3b56632c0a1bf1af58796,2666666
0x6756fd803cc084d4b48689e69b0ab85003740a65,23036649
0x675baC9192DDB53BBe4211E606c74B7546d5B19F,590318
0x676494e73a77edDFc4d249c1CA53Aa7D2C987Aed,590318
0x67657b4cb071e6e48faefd3be08844a156a77b3c,2666666
0x6766B4CcE2a681d498b0d64E7E42cb7220E036A9,590318
0x677681FA5135eDb42AD64161726bED11297a8A14,590318
0x67770b782Cfab1dA42A0079C35Ee47e49D89c584,590318
0x677A487A852fB151C0b2ad2f3D538e4DD023fFE1,590318
0x677af891C34FDa72c5dD9387897444d584bA6d20,590318
0x677dc4fa094239619e76240a52e9df09007a24a5,2666666
0x678AFf196d55D1D2474c103115847e5231F01Df5,590318
0x678a6105719dba10b3ae518f17b82207d7a8633b,2666666
0x678d540fC464caD637Ef1ECbb9c1472269fE3323,590318
0x6790ddF40f7Cb2CEA83Cd14A42d0B312252d1ffe,590318
0x6792D062A2A9B3a5332085CDD7a15F04b7111111,590318
0x67944AE87a61512983FBd8aE2356D16b6b1925b4,590318
0x67963000BA10e91589571BE65e01fdDfb12dF1b9,590318
0x679744463C49670803C73f6698C79a1851640484,590318
0x6799Eb21Fd024C3546c8a2e17650Df4f3BFc327C,590318
0x679B4172E1698579d562D1d8b4774968305b80b2,590318
0x679c384a0993ab4fee7a9ec02b02ffe48b56f6f7,2666666
0x679f0Bf3F6e3B38b52Bf010d78df41F90851837B,590318
0x679f360cdea00ddc17a60680f211d15a87342601,2666666
0x679ff8b061A0f544FA6d66b022ebFB5dFa115FBd,590318
0x67C1349C589afc7571dAea622b250Af8e4cE718F,590318
0x67CBD1aEe9576C14049E720bb35Bc18b3386322D,590318
0x67D21ebD269d61Ef8cD9F0f3698869b3d818a4B5,590318
0x67D3F2A5E0A8d06ff53846CC063B590cBfe60711,590318
0x67D6221235657c1a6461233D25ca11E78e4B17Fb,590318
0x67D93ba1DbC194341Ec0AaF99c3F774448A798CE,590318
0x67D96d3a689b0FB2c9B23E2934616ec5c8bDF4Ed,590318
0x67Dc83874B04AC4f435237dAc5823736F7228cF2,590318
0x67E2c2D9B795C51E49f0FBa175853E6DE0255a5E,590318
0x67F1Ab8Fa91a4de2edA323781CAa3CBc6F23A3b6,590318
0x67F216e55D9905fbc4652d5bAe89524F2548d980,590318
0x67F43748DB11b8fC14a85f63871Ab30aF08AE335,590318
0x67F64a6050F4D6f234319829Bf91aFeB51A1D763,590318
0x67F87B4968c4F33CBD99a6D22E9dac44029c30e9,590318
0x67F9daf2997a8B868dCbdf9eeC03c4d0444B5395,590318
0x67FcAE6C9e73BFf1DB37CBf7a9363ff2f4bC9922,590318
0x67a45d7c2d46abd8ec744f8ecf921140e6be7eb4,23036649
0x67a5B3c0A96CdC436B86DDd7F139E49170d39473,590318
0x67aEb63f0d4c2d127025b1cE764321c13E199F87,590318
0x67b0e530301482444a926E735FA7661386Cd0120,590318
0x67b7416acb1d9f00a567d292499e66066f093ac6,23036649
0x67ba6abF3fd1B9668f1aAe171Ff450D054418ED7,590318
0x67c93e334a7920d24176273d7c8dc616bc862aac,23036649
0x67cc642f32D724724765DBC40472a3d520b9e02A,590318
0x67d6cDfd015FdCb701E818A5844F76dD6847B9eC,590318
0x67defc11de2128f60e261c3a56fdffc385f90e55,25703315
0x67e4c454c752A0965a098Cf5AC4658854fa40bf9,590318
0x67e9a0842dc9ebDa346eAD3F43f73aF12145e0f3,590318
0x67f269ba69Daf453e5EC1E966e14f79b40d725F7,590318
0x67f9899Cd9668A9a86a1250F32966bFA5ce628be,590318
0x68029d3d2de18909adfcaaa0e25c645d28cc9d86,23036649
0x6806c537a8f5028F515e6C9De2A9962356C61eb7,590318
0x680E8A5A1DC9499342a7bc0BFb3B99dff60eC1F9,590318
0x680d429D47Ee8f648F22A04C3E695604f6F5a7CD,590318
0x680fB6245c2D6D166518BacDB05fBab475835860,590318
0x68108902De3A5031197a6eB3b74b3b033e8E8e4d,590318
0x681245f16CC739FcD0a2FF08C73d9aa7A98239e8,590318
0x6818E1dF816B3ec6DcE704046f27f2112CF60b91,590318
0x681C03e15f253081dFc3aAB3393c5f7eD627B813,590318
0x681DDb91ffA4E700F3160D2fD5c6b1eA1d42B514,590318
0x681e1F2B626d466bDC121f5c22b5e38f5E226D9b,590318
0x68251b5f3889b1B98349f8aF8dbC1FAc75Ab4Ce9,590318
0x6827D58147523c36E6faEC356477E388fCf39d92,590318
0x68292357E9b0B35E08861CcDb53290BDB92999C5,590318
0x682D452de5f1EE3e5A80442C8ca0a00087D3c7b9,590318
0x683198adE05673284D50116da4512cE44e7d86F9,590318
0x68339de78ec16a9acb0a973eb305842c714d3c3e,8000000
0x6836878709548e0d2f79De9Df99DB714B025B84d,590318
0x683b8A82e86A36CE7991eDa643E0E608D4bdf04b,590318
0x683bb2fd6e4718883bfe376b518760737a649a4e,23036649
0x683f76986bf4b10d460Bc3d760e858f7DAa894Fc,590318
0x68411087eA4493C79aB3B7CA8A374075eA282512,590318
0x68412532CF34b99820bD973E52688fd482d87C01,590318
0x6842265c0a1f1BDa753437c28333eDDFc96957A4,590318
0x6844b345852A97d87C2bED4e0c123EE5C935c000,590318
0x68450F21c47aACAE722205645430212A250dDc05,590318
0x6851f6741aa3a3662bd0b06944a007c7884b5df1,23036649
0x685281b1Ec788F15C7ae84dA6f10825FE4f12E34,590318
0x68529ce2bb83cd9537f136cdae963cabc52deda3,23036649
0x6859dA14835424957a1E6B397D8026B1D9fF7e1E,590318
0x685Be5B3759f050a744BcD5bA78c3237bE69e576,590318
0x685E66fc0BE7dB4E1BB99090De62c6e48562f4E3,590318
0x685c13cc62d6a81c5b46db6820c2261f52147c9e,2666666
0x686060483786C337f9F260DEd7cC4223845716Dc,590318
0x6867BB14c5e1f93F0dB8b56a8F986402b7028D04,590318
0x6872D39a14698e86d521291cBfd159fcb030Bd16,590318
0x687Cc9B6AD62882a54Fa6105700c1cb97bd3848a,590318
0x687b322144ceb67675c9066d30b5717751ad56e0,23036649
0x687f212d7E7B68Dbd651D83a8404b85537b096fa,590318
0x687fb7a442973c53674Ac65BfcaF287860BA6Db3,590318
0x68856c1Fb2525E65bFB3F945E2041E24ea373C21,590318
0x6886d295115e2e5Fb095d2886094CC02d1fC9872,590318
0x6887f1dd73b10f174eb5d240161ccd5442823920,2666666
0x6888FF4bE3262F3232e1c022De731680a16dDdA7,590318
0x688B5c7B549339922C0D2243debE2Fe921A1A488,590318
0x688D940dB4B57D8E3CBf815A9f29bb45edc618bE,590318
0x688E5d6a616dAC36307B15d785C93BB2eCEf6248,590318
0x688a9F062E372ed7E4e3C93196591DeeD9D371F7,590318
0x688c0a468ad7BE8Dc2e1cB92cc1b9b6fdca84d5A,590318
0x688d4b23C0222608d3C37D48A664C1994f79240F,590318
0x688d6164fec91fA6e0f1b31c1e20Df8a7A92eCC4,590318
0x689021e7174d3d5e916e84fb1d168e2b0d80b4f8,23036649
0x689222e837229c45c3457942e33De48AF2f01569,590318
0x68929570Ee8a4Da4Fc7634340D0d92585B2Aa313,590318
0x6896822370Cd32A2cFD9abd330299ceeA656bc34,590318
0x689717c0B1Ab0f188235CfA487CeD32fEEbF9698,590318
0x689d33E81A90e2b5d0EE464133EcBcC9E68dCb14,590318
0x68A1d0cC11BcD68DDCDBa7331Ff1c289f8dD5d86,590318
0x68A410113fAB274D4e66685c1242e289AE76c01a,590318
0x68B5A37a5A45BdE9877f90fa1eB1E506DA44f174,590318
0x68B69dF885D9fb03BFc371249BA5eb98CdE4c6d6,590318
0x68BDeFf9aca67da30Ad7e78feACb3685A5c0863F,590318
0x68C213f6012011ecD31AaeAED250e8De88cF382e,590318
0x68C2c7dFbbE886017b60402424a5f6B2Dd20eA37,590318
0x68C67a52e55460741B37E2Bd67d948A4E1472593,590318
0x68C6f9AD7e33c51aE38e0F368E75853B27725e51,590318
0x68D6205afFacbC67d258e1bF05963eF79352Fd06,590318
0x68D91F40746a5DB51D1922F797b278F85F61827D,590318
0x68E7EE41a0b37be43F85A2345Dc61966561a117f,590318
0x68E8cB6cd8dA66C8e2F93D71D1e6917a9C2181dd,590318
0x68F1173Ae6D96A11D05f6dbd7D3226855e4c4C5b,590318
0x68F1940C96D53E9EfAEc189EA8Bfb5ba817C9e65,590318
0x68a1A703a7568F0aeb6cbEb1D6a1dA70B36acB80,590318
0x68a3c541F726C59C6084C13d6C4837A85520936B,590318
0x68a3da38c6c65a33b8a944ed0fae2f4ec11371b8,2666666
0x68a661459dA0bdfF820d1E8ebcCBDa98b8e49551,590318
0x68a8f79b30F1c9240e6Ed94553640995e9DDfA9a,590318
0x68b2dEB1564F60f9c8224848293A39c49dF721E1,590318
0x68b3129d682cd3219f68ba0ecdb6d308ea9ab324,31036649
0x68b44Ea0b78afF90E328406768beDcd387000d31,590318
0x68bB7075166B3eE3F84f979c9f3Ca60143Df33Ae,590318
0x68c329d932F0c80d9D0784a3b333B51F41596d9c,590318
0x68cFd51E95bC770E56d34333Fe7F480E1350b81E,590318
0x68d2b579b842cdB29F25f15591BB0a00F43c4b11,590318
0x68d7d7f920E599aA85373bC2527c7bF15bDb7caC,590318
0x68d8c1da927723132ebe6c708febc4cf9d4d7438,23036649
0x68e2BF5BdC36785898CcD37D9310684d862d9f16,590318
0x68e33A587f1d697c5e0f8b8794cFA304B41a61e2,590318
0x68e799B82B1495FCF192fBBF35a11E3101e9006b,590318
0x68e7E72938db36a5CBbCa7b52c71DBBaaDfB8264,590318
0x68f272b72e7bf5ead2f81d17b444a6c9454d5073,8000000
0x68f7118Efc5010f29b6aFB61477954F210F93078,590318
0x68f76348e8d71DCA0d2e1e367d1C0fd0438b133E,590318
0x6900a4593145a1a4Adae93B03068C1c6463ce9Bb,590318
0x6901d18437304AdF9d33c9f03b929C3C4f73e3BE,590318
0x6907c562E4FF1545366b9afD4340CEA41EF2f782,590318
0x690B09b37DcE654AB77b49A111Db5BE92bB7b3C8,590318
0x6913ccAefe89a33f6F51D5F8633A377eB0FA9b55,590318
0x691558854BC94a59404f3c8CEd521a0267A15571,590318
0x6915CA9E8952168E59EA0b8328351ac249dd8fFE,590318
0x69196bC5035cE85C28DAc0c57D0F27f50712A0B2,590318
0x691B08e56c4cD072297ED8620a6a21e7c5920E4B,590318
0x691BCBcA9C0925dDC10bFDA734A01888C5b5461C,590318
0x691D778D010e1c466c60F11a68bB80CCaaEfa628,590318
0x6921c1BE0e129714815418e8bf752a6F1eBaF62A,590318
0x692AdEF6eDF108d9c7f211f61e75Dc8131691C8a,590318
0x692c2B93ee954B933837178d83946e695389673D,590318
0x6931A34560BE9727d0e20619e74f294bC4EB6D84,590318
0x693658AFBf87ACA8Ae0Bd91BB76017fB9d2e8331,590318
0x693658afbf87aca8ae0bd91bb76017fb9d2e8331,23036649
0x69386f842A355B809512bA3cF3072D6096798097,590318
0x693D05AD1cb61B74Ef523540dA3907c5aadf7B8B,590318
0x693bEa6b8202358fb518d319bfd774caE1DB8499,590318
0x6941b9F6763993F2F31b94f3fe08489B26368DA3,590318
0x69423c20CB04da697996534507f8541Fdb3e9Aa9,590318
0x6942e63b3FC9650Ad101048e88Ad3C69bAD9A9B7,590318
0x69452119C08D6A31e2E21D3299c2C6dCc8B31967,590318
0x6945717c4c8af96E0E0Fb625E8f158fB3ea22947,590318
0x6949a8837efF81e7fE03CC754f72884bb9BF0bed,590318
0x694db880a0929131FFC6ea87FeA878b5fAd39444,590318
0x6952929b1CDBDFe79acBE7BFDfea8028973E23f6,590318
0x6953d10D0715139cA9B5E27B0B967c9A461b3ffE,590318
0x695690D9d5Bc9aa69B3ddDF3eE021E0FB7AcB8C9,590318
0x695740D04048805812797D4affa88774806d6B56,590318
0x69591F84e68e1D0f0cAAaAe6f90f4b7bcc7833Fe,590318
0x69593B81F78E5615d4104f57F54aebF1Dbac1A74,590318
0x6960D32C2Ef65F169DC2EcBb8626611784132522,590318
0x6963B940c563Ed9add515c9b4c800FfC69B6773D,590318
0x69653C8b7DB1b971AD7d605f510b201A06f2B869,590318
0x6969F51d6539dB6f7412602dDC507F750D5C2E59,590318
0x696eF2c6F8C0271629B3f989F44b8eda9cB10931,590318
0x696ed7b26f4B019CEeC78DC8b9140ad64A6f354B,590318
0x6972E614F10c9d92F7769F0E8117aae340868f08,590318
0x69733be4C49Ea0963FC1397453c2cf6008b4C398,590318
0x69767b5eDd1f1cEef919fceF19Bb46D345368590,590318
0x6977A95412146C2Df1Ef3AB3B7603935C6E9329b,590318
0x697Cc76077BEAC434fb2EA86EEe037f5bfc2B64D,590318
0x697e8c66c741cBAF605E9d6a3C73B495764175B7,590318
0x6981378E696B0dd0e585D4D519C98B8A2c5bC020,590318
0x6981bad7De09B86CeB5B237C0d118dA88cb5358C,590318
0x69906B0ED626ca01A4b7C001E5711E5714Ccf207,590318
0x6996e932a1ec70abc8c394b1a8e7caf40fab0ee6,2666666
0x69973dD1609f39DFdD051dC41584c91E13dE7276,590318
0x699C96263857ae21dAF3736ba49331A207C4762E,590318
0x699aee689eb67a0e0e5f225e14c2e97ca0e01a15,2666666
0x699fE57573f418E9670fc84b30B3f7523f49af8B,590318
0x69B0bB0A5862BFDc33d8FcCFae5401a09DEDBcA5,590318
0x69B538372673Fe4bbF76BA9d9A2093e0a8c85f35,590318
0x69B6cCFe36cFd3e241dF4153d562DaFd8b62bd95,590318
0x69C37950A2D41Ba7080e67aD05F4fa6428d340F8,590318
0x69C8a3889B8a573E0F63e8e33c51C9cEbb8C371e,590318
0x69CAC9Da574fE2aB58C3064d644450Cf2A41755e,590318
0x69D180742311A88B0112679621da853D1EE3ed59,590318
0x69D567CeD53B8C5438e218aF5cC27560900197D0,590318
0x69DC230B06A15796e3f42bAF706e0e55d4D5eAA1,590318
0x69E22fBb1e95c26C39fE445bd60cA219C91ef7Ff,590318
0x69E376e9b9218b98A3E2B3f84E9d56b35d222E62,590318
0x69Ea85adb784FFB757acf24bE40DBfE8Ff9e666a,590318
0x69Ee0929aec103e3C50d26E6A431CE23f1Ddf504,590318
0x69F66Bd6628fF27222DA37245Ed686c3Ef4766c9,590318
0x69F78B84B2562a4Aa861464030e0C68C277B2CCC,590318
0x69a7deB6a881867d9a7C71723160e7f1FC12f71E,590318
0x69adFb9B631b0F2D02e73EE0f612a54bCa7366F3,590318
0x69ada258f1afDaaFa6d8339c4e6AcC985F2E6459,590318
0x69b3c8889b0a665689ffde6881899eddc67b88c6,2666666
0x69b9e2357D7f6100B69531b766cAc117F43d0444,590318
0x69c4B35530faCF4dCFC684aA92D6Fe0906aC7d29,590318
0x69c5FB51Dd3668799A7a0f80D805A4700000dEaD,590318
0x69ca57961fc7e2f1417a8ab3ba196bc4a2752529,8000000
0x69d1B11aA25810aBea0eD30c5ed80E4D89574997,590318
0x69d52857feeb0193e9ac6d4f165cdba7bdfc818c,2666666
0x69d7f3ead2F96f96792C9B2Ef5E5508273252A08,590318
0x69dD2cA491B98E01554AF6B83E82A14B74edC9b0,590318
0x69dEF685FEC846a41b8eCd47aa66094877A49305,590318
0x69dc2Af3989E3F42B6824c16e2a3157e3fd6dBA5,590318
0x69e45D4b853D2864450E0C25d12B43f2AD845272,590318
0x69f88fC6a2718143B7cB82ddC903Ed661bfb80E1,590318
0x69f9Dca27a2A8f05A09B0e1DDf51736E8d7a5d82,590318
0x69fbB55c9d21cf4a38Fa23df0683D59BBA7d98bB,590318
0x69ff2b4b7cba043f833616e5cdfdb132f6f55d1a,2666666
0x6A0129cee67778cd45Df5A35A3802E4fD80b77B9,590318
0x6A193fEC345f14c1Ad277998a771a42c9Fe145F7,590318
0x6A1a252e84bF1569bE1652c53801C85E26b142Fe,590318
0x6A1cD4D213287792F94FBCf1997AEE4864A235D1,590318
0x6A20cA6e28D8401F5883b3c7dC48b1e81AAEdf30,590318
0x6A24707c69D2CC6D52CE1D9F1c5b7239Eb32958b,590318
0x6A2D4C670fDE52a7C03781bbDA2692adcabFAAD6,590318
0x6A30c06c826eBA9Ca344C947264A51C8f2fcCBbF,590318
0x6A3E98F964e93f183a9e5bb607dd9dF75110D2ac,590318
0x6A42a2B53f320421846a98e0531f01B917D329eF,590318
0x6A704a0e46dcC67A6316644372E261e8FB6F658c,590318
0x6A875B51f6AAdEB875831eaBE1c1c1CaB199B54D,590318
0x6A99DaDC216A83AdB0191C264A1774e82fD31AfF,590318
0x6AF51Cd063B852761041192b38f40A9cccaB4FC9,590318
0x6Ab0BDa9cA84e47Bbf6dc0Db14307fCd5C8Ff9e8,590318
0x6Ae21c678C600bA12d47f16ad5151805E4534a3C,590318
0x6Af7dD75a49D3183E596b05f2d920cc31a6D74CE,590318
0x6B00ea6fC7a9b699Ce17Bd7825BC16D45D2B3455,590318
0x6B224FD0E91029208785DEDa163C5BA20d79901a,590318
0x6B226AF5f1192B5DE9E81C652Acf8240bAe6DBdB,590318
0x6B29132ea388a308578c1d3Be068D0e4fc9915a2,590318
0x6B29E053B2f357E1147e140b2cF43B7d23B0e7C5,590318
0x6B2b7b0fd91e398c9a908904723639A8dD2387b8,590318
0x6B2ea72Ba8A7346cEdd2Dd5dC1476eA8df0B57D7,590318
0x6B41881c40c3745d4a10e866f2710797c00674F2,590318
0x6B4aBbCF1f665C096CBEC28F9712B78Fa63A1c5a,590318
0x6B4f7D73F43DCdc80722383930236D6538E98702,590318
0x6B54846c115325e0Ddea336FAc5690bb2B6bbc41,590318
0x6B5fb19D235A80AC3CD450B53D37Ba79f9E4BC55,590318
0x6B6512Abf3d357D64048E92FeE9b1267D11fFb65,590318
0x6B6aE848F555f70944Bc99D736fe29fcAeCF8b23,590318
0x6B882b23cC87648aE765Cc1906FcbF695c8E8E7D,590318
0x6B8bf7cE93D915B40EeD86B9D0334Aec8cDdA7b2,590318
0x6B90905d646280074FBD75338FA82Cf1533740d8,590318
0x6B92686c40747C85809a6772D0eda8e22a77C60c,590318
0x6B9410449200579CF66e641dF17d681f71537a7E,590318
0x6B9cEE98A4Ca6cFF357F576Fb2a6Cb2b5E43c39f,590318
0x6BA024B9D94144893f7Fd6149739f6d3291A1EAc,590318
0x6BA8924BF903C473ddd1a0C596de401a9821FC9b,590318
0x6BCaCa94eBCF35f269265A99D1C078a3c6f3Fd8c,590318
0x6BDa0404288459CdC35B95A0162636088DCCBee8,590318
0x6BE05f8be4eC39f82A918e67AF22D76676141F6f,590318
0x6Bb971430554e3Af58Fbd469BcE46AB2359a2D23,590318
0x6Bc9E333e04dcE026B8D3328f78Dd2Ff536baa7A,590318
0x6Be85eE7a54390f7b6093310C33eAB569D64570F,590318
0x6Bf5404fB0fe2735a7D0592353264bBB421337e3,590318
0x6C02b50e8044aF30F136d5Dd49C86BaF927Ca69E,590318
0x6C0d1eD9dbcf23eF4AF36d1Ea621Aa643CC31dC8,590318
0x6C237281C28B1De394B3418c9a59F7Cf22f372cE,590318
0x6C2D5207Cc386fe9eECbbb3b95c45Fdd82945C7C,590318
0x6C42AF8A86513746cCFcE2B588336603eAf2D125,590318
0x6C4532dCb8C188Cf3c751a1bafd63D592a5f8F3e,590318
0x6C46f3F23eD4a070dA8D7C1Af302d09394EfB79f,590318
0x6C50bF7Ee47508898362a406c7e271B9988fd20C,590318
0x6C53c0451345923b34798D49815F324a377CFab6,590318
0x6C54A425958d8833532309e3ABD53d034Be554D2,590318
0x6C5B9CCe839f173d64268a23a94953E13bF1b456,590318
0x6C5D02B81dFA78d5DCbBBebFDDf7D8065aa632E9,590318
0x6C691B3BfEcf16AA0164f956B465D8C15e2957E3,590318
0x6C722766CD1dD55e5Fa1800300b3FA843326a175,590318
0x6C7e5b5c386B824F0dD77Eb32e770e9277135978,590318
0x6C8031A9EB4415284f3f89C0420F697c87168263,590318
0x6C82C94F5CaE83139E46ED053eAE6f2482756715,590318
0x6C8612EF1727E96B68B2775Fe8E831De72804a95,590318
0x6C8B0195bB42Ff24B0B6C9FC5081aF5EC8aCF8D4,590318
0x6C8a6D5a1475C0e35F5022F167Cd191551FF3279,590318
0x6C903BaeCE88D07c7650C598C18C586B0e9FB595,590318
0x6C994eEF6fdbeE8BCFF9016B7CE3A53b489Ad155,590318
0x6C9A8E12106AecE721c7E3cc7770960fc86b37F9,590318
0x6CB1697fe884570681edA5e4BC73B6CBDeA1c61c,590318
0x6CB5c9fd6df9Ec4fd1B61C611A88161965E0D7D0,590318
0x6CDffA6ee60522578bfFB3c5F20b2B0d5de62c59,590318
0x6CE9A8aA379667B1A3FcADe7e3227D632621295f,590318
0x6CEe69922C486F2de81e69d27Cc14c0A944bE12E,590318
0x6CF69059DD4a86987Bc8A4C334b83ea8fa9f4037,590318
0x6CFCA04Ec34c6e625fFfb9DE523724a3Cf11A953,590318
0x6CFa99B2352163D70bd52de24CdBf553374B9335,590318
0x6Cc7822dfD7061A532a19431Af9FD82e7310985e,590318
0x6Cd41A6418Ddd8251EaAf41Eb136b5359A115ca0,590318
0x6Cd57998cC8A6Ad4Cef6D5991Df0b7417b85aBf5,590318
0x6Cd68E8f04490Cd1A5A21cc97CC8BC15b47Dc9eb,590318
0x6Cd715c58Cdc291A35B20570191B9b83C281904f,590318
0x6Cd8C91DBBC12A4548DF5b32D46165b0494e35F9,590318
0x6Cde95CaB607ba89Ba2FF3059d202956ecB5C290,590318
0x6Ce9F49239E8adAf5BDa1154262A3A054FAD9DB3,590318
0x6Cf24DB7c9042Fcf7ac929fA694Be700adACc5aa,590318
0x6D001EC9fE7d57D72397F317f098d942058C169d,590318
0x6D03579C1d700Ec51dDdaA8306552854cfA5F6B6,590318
0x6D0471B13C17b96457BA76F29EFa16A05A20072c,590318
0x6D09045aFC3C38b225fA558FAE46D71E58780876,590318
0x6D2402aD0919Afa1B9fE5144ACa44d58b20DC696,590318
0x6D361440Dd4746387EfF1Ae65DdBFE891059e0Ce,590318
0x6D3B90747dbf5883bF88fF7Eb5fCC86f408b5409,590318
0x6D4543E1ed8Fb7d21c3Ec58Bff5C9e8744813b1C,590318
0x6D460D8ff89fE8814dD40ae68e3F0414ae41f777,590318
0x6D465d2081b799770d0Ce7E755d8dB1665903fFB,590318
0x6D4a4d80Cb039DF4b722b931fAb53553d8E13CE6,590318
0x6D57e82bbbB8175c42799AeF28987EDfaFa322f2,590318
0x6D5Aa13AA12006016B825E138271b464370fB4e5,590318
0x6D5F2Fb7582B4b1d9b5ccfEbA60126dE7Da9D02C,590318
0x6D60D0e5aFa322aFfB5792230EE800d4D656fEf6,590318
0x6D61d195a4beE660414AC2842b57158Bdc62746D,590318
0x6D62FF73BfADAc8e24aF5A5D86135d85350f5C09,590318
0x6D63211811567B32475b7Df84468A447d16E46c1,590318
0x6D642D65400f8295bCDeF7ba706F049435D6AA28,590318
0x6D6Ed89729F9fE16b494E97F8Bf1780ebbE12610,590318
0x6D6bcAC07Dc8E1B33876b00b9De7DCDAbDe5A38E,590318
0x6D7823CD5c3d9dcd63E6A8021b475e0c7C94b291,590318
0x6D7Ac63Aaa7bA8925dcB3E44BE6355261dCF688f,590318
0x6D81FBdba7Cc3AFB7926F80C734965746b297668,590318
0x6D82C3A89dA852F369836a0f850b7E2488c78cf3,590318
0x6D83e49D3f612E8aFAB7a7FF143BCDbBDE7Da402,590318
0x6D8A74A86B87F7E47F52C8147797ee7dd8165feb,590318
0x6D910bEa79aAf318E7170C6fb8318D9c466B2164,590318
0x6D9bD8a83533De4E3b26370F18E28e5e3EC86DBa,590318
0x6DB8D2A5eCea86679d01Fc8D5cfda8B209cdF4cd,590318
0x6DC330A7e965A1836A5038c26f13063CD1a9f8FA,590318
0x6DC91dF367804c858CA864B3c510e044729d3d98,590318
0x6DbD61C345caD500Ba0F8866616Dd8EeE195b835,590318
0x6Dc3237908467F123543E198992Cc4A601ce21f0,590318
0x6Dc43be93a8b5Fd37dC16f24872BaBc6dA5E5e3E,590318
0x6E0b07f2E190B12c3980501225A7eDf5A0b8E4A5,590318
0x6E1461AB56D73Cbf39355ca0a05e980012B22260,590318
0x6E24cb99c9c084634aA5490c4afF97a72deF929E,590318
0x6E26a34a8CA973A4A5a41213b79cF2B0cB1a508d,590318
0x6E30a40a23509D334134FB412F4d89b870E07103,590318
0x6E36035DeF1d7F3Eb4A2f335e904D049064F0b9e,590318
0x6E3622F14697fB88C3bAc315eCB555c219e8ac45,590318
0x6E5364c619e82439d3FA330F6C9A018a7825b66d,590318
0x6E55545472296325a726b9f3fd5A349e212cf082,590318
0x6E57088Cf525283a0Bef7498F26f934769744587,590318
0x6E588338FE3cc991EDdE475f6746D534897c9E7D,590318
0x6E58bDEe94a421f967Ad93a0C937681E9C75Aafc,590318
0x6E590c4b1Db6eb8B8d09A8DA7EB1Ac8c8413a81f,590318
0x6E5C47C22f25D775Ed907B2337DEdFB277D12945,590318
0x6E602ED1F1E4F0651A3EaeA66d3234D269bc5b9C,590318
0x6E61526B020096e1f2aed74Fdaf0e66247b6fF49,590318
0x6E63a4CAeCcb4F341EE9C9175c9Cc554bDB6d10B,590318
0x6E703F9264375b88791c958053Be7834eD49d769,590318
0x6E7240c38893180C88DDCedDB51CAfbdA0458899,590318
0x6E7d140df0B15D28ad0f4C3659a856270fC7b6A3,590318
0x6E80eC88a284291a86181719c89F2514745946Cb,590318
0x6E8206dDe51691AF4d81965593eD5Aa5D77f65B5,590318
0x6E82554d7C496baCcc8d0bCB104A50B772d22a1F,590318
0x6E86b16372B4612255DF1469C057488CC63a1CaD,590318
0x6E93Ebc8302890fF1D1BeFd779D1DB131eF30D4d,590318
0x6E96cb26Df0458aE71e00285EfFA5Cf09d8Bc957,590318
0x6E99f7564d060AA141dcC47ede34379Bad0cDCCC,590318
0x6EA4a13b09281f28b6Efe2872E4E6B10E887d468,590318
0x6EB478394558e9229b17c432bD6a0c54d286CE0f,590318
0x6EB54A9E1DdC90566b0357f32EE7F0626BD4cf39,590318
0x6ED63Fd1FC5217FD453df5486328219Cb28c45ad,590318
0x6EDF6Fdfe35d4BE39b4a5Cd5F36994207B034aF7,590318
0x6EE31F6954Bec68f5d0b72b9532B63d315c52014,590318
0x6EEaAAcC8959d6883612FeD2218E2BdC955f16E4,590318
0x6Ea3c2E9050649954A4cfdcEE3e3d2034b0EbE38,590318
0x6Eac30E598697e49d782c491df9516917eF33014,590318
0x6EcBA7527448BB56cAba8CA7768D271DeAea72a9,590318
0x6EfF29E7EB2D7bD3973f345Be11715038C65a405,590318
0x6F0d30Ee2BC8D381eEfc23d5149Fc9Eee268321B,590318
0x6F10719408d99d917f395efC2e2EC9136b873cEb,590318
0x6F10Fd4AF3415ae0FD4Abf279E59f5F8ea7904A7,590318
0x6F117B23069406653CC313a9c62B9F3729Cf50A5,590318
0x6F142cc70bd7829D9b41350B5Dd13Ba20388a473,590318
0x6F19a8ADdA5a0B8d009A687D7aa2d36EB08B6688,590318
0x6F2A8Ee9452ba7d336b3fba03caC27f7818AeAD6,590318
0x6F3329eCc9ddC6758d0C8c6A35636088f7934009,590318
0x6F3b276B096B2f82C065Ca423906071A3BAC64F5,590318
0x6F416b95B067eBD3cB42CE61B9399F9c96015E6A,590318
0x6F42ea7888A3E1B556274dfFd364f0Aff218fAbB,590318
0x6F4823e660915982CC7a58Ba9287E9d4bB39Ae12,590318
0x6F48F870cea62930efd45EbEBCA0E9Bec5d17Fc6,590318
0x6F4F5D6bEBEFE58978aFC393159b9d0EC57626D7,590318
0x6F59E5E7cEA55dc812f32434727e494307e054A9,590318
0x6F5f9098b3EaFA6202fcda607A9aFAcE52Dcc4b0,590318
0x6F6011E7dF72736fE5b5BD61eaD71A689292E595,590318
0x6F625eEA2Aeb7204B45895190E408298E632fC9F,590318
0x6F7678c02dF2ca22ccC7602CeC01DC4Cb29f1781,590318
0x6F83E25c9f4348Eefb0766319093d82EA9777300,590318
0x6F8B7A4F750b0134ecf8e3fe5377b5C622F3Bfff,590318
0x6F923E527a9Ac0fCA4E4a14EE10778fbf0d8013c,590318
0x6F9459E3189bD1Cfb0C427CBB86c57624B55C142,590318
0x6FA4535243a555FF13E32C1266e3b296ac590063,590318
0x6FB037F823Bd61D61DfD9cCde4714fBE0f1fC946,590318
0x6FBA1AAC65478fA7f269C668B82977612eA9Cb95,590318
0x6FC0AF3756C7300943019E7349BCFCB80e76966c,590318
0x6FC935160b30AFC27f38Ec1AF16e5255742b541C,590318
0x6FCbBcD2bb71B2EC18F8E956cd8624C8c0b0CBeA,590318
0x6FCfaf7cD5D2A8ea7DE15967786cD8740A98af8c,590318
0x6FD0a57BD9F9Ddf2122C29D24BA5E24523983266,590318
0x6FDE618FB9fc08372c58C15174796A004bae3EE0,590318
0x6FE30cB188BeBA39b4516Af42CFaE189BC43Fb99,590318
0x6Fa6602734FD61A08512Bc2179b19B982e731ed5,590318
0x6FacFAE30D08DE971e21b79902345E8C64f01167,590318
0x6Fcd475BD847488652176988cCd1038939700cF2,590318
0x6Fd50cdB870061aAa07edD2b91b77FB148D0c686,590318
0x6a167aBE38959433aaaA984B3d50761aC60ee875,590318
0x6a16814338195E77E3384f06F5995C93Ca8dcCeB,590318
0x6a2E9eB637c4d34dBed0F03A793fd3fF5E99BDbA,590318
0x6a3867484b29744C6d01B9040A0515711828DEB0,590318
0x6a3DE4CFBB5d9cc59E598F5df4B64a729711cC1e,590318
0x6a4A2b7D3763054da63EC3aC85253E914acd9668,590318
0x6a5162003a38b387db29e138dc0ea36e7c3377d8,23036649
0x6a54FD729cbF39705997011be2F1763244E5E579,590318
0x6a553970D1c03493FC3b1dF43022939A0B0B818d,590318
0x6a574cd41b7ad9b682ad5f4a073a70146b3f610c,2666666
0x6a5feae42529d0dc7a4306bc706189355427342e,2666666
0x6a65EacAD35dd0b5815AbE691B5e93E5FAAC3525,590318
0x6a68953B5e43A4b97D5E660E00D3FAF94Ba2B881,590318
0x6a70843127ef87Bca3A7c8b45C42FD96EC9Df57A,590318
0x6a797b1721AADbe0E17069DF49Ce941B7ff0674c,590318
0x6a840c15910efa2fed002edf304d65de90422a45,23036649
0x6a8c4de1a8b47a5ee21ecb089e2da3ab61b89a28,2666666
0x6a8fBDcD862fd48398dec9D50F2035217FE5CC0C,590318
0x6a9898D0109003806A86E102f6Bc958c0cBaB337,590318
0x6a9967dda96408D04eAe0b97A63361a37d5B804B,590318
0x6a9c60398Aaac8eb0eFFB4c3D49EC83A3a2d3cAb,590318
0x6aA71F6434b42a9769f29159bA90a7840c1aeD9F,590318
0x6aAF38274063233044095F27392BCD41aF3921f7,590318
0x6aAc95069c74273503258FfA7950aC30f9236fe7,590318
0x6aB23dBDc2116035A33ea241f83f6d27836e3baF,590318
0x6aD073B67cB88F81fffFD88434551FEf67F1E986,590318
0x6aD6c55E02D7FB93AB571Dd94814B6C3e15801a8,590318
0x6aE827976e8e8aD41A5c43F90CC9e0caD521202c,590318
0x6aF6A66C920a9D668F370167F7380E7023773756,590318
0x6aabd336c0E52F0c20D9Db89E0824Fc3A3233480,590318
0x6aadc6cDc8da615C2Bf0396B8548D48093Abef44,590318
0x6ab791754298D6D6d7C182DC1572126B4eD24897,590318
0x6abd6ee238369f097aae4902729328a6a764f401,23036649
0x6ac625d107CEeE595a35c464ED4c113cdBF20FEd,590318
0x6acdF2954cEEECDF9e938CaB389c942cAd6fBd66,590318
0x6ad0e27b27c77f6f8540606c5af30162d07e810f,2666666
0x6ad5321592d747e7e0fa25b04c75CFfc0E0B4229,590318
0x6ad999Ab0f9d959be7BAf5B126c454f7d741f95E,590318
0x6ada5c6fc71294a3c6327a048cb9b66bebec5d20,2666666
0x6addabf896fd9a622f3a6bd4d1f10d68393f8597,8000000
0x6addba5b30545b52578b80ec39f85a8f51671259,2666666
0x6ae5b022c5f0ffb90f7f881ee43311fbd1ea1b20,2666666
0x6aeB62B9F532C7A03575d9F6D43a390176fD1213,590318
0x6af2cE9f9eD686D88829a5e041BE56851BeEc9dE,590318
0x6af58ced7d0e5162aae77aa05b7eb6cb026ef60b,2666666
0x6afbc33d7e0cad497e8c4f070d2ed34fbcd961df,2666666
0x6b00136fa93dcC140939d3f87F2036548Efd9c84,590318
0x6b0116b0E9C17Ce8afef0EE04Ff5D7067630AC74,590318
0x6b0874195e86636c5555d575213b2f50b63c7276,23036649
0x6b0ABF7fcaa10EBAd592409d931571306B875CF4,590318
0x6b0ea98a38fbd26eb10f76fa9ac4101578fc33f0,23036649
0x6b1866b2ad5667e039f07195a783debf1c75f50e,8000000
0x6b28fb12EE41baA9d1Df16971DE53ADDE6d1bE5b,590318
0x6b2978B55A89aEFCa9215cBb8aDE8F45E63a9fe1,590318
0x6b2E8Ba80A330E26b0f13074E4F2B0fB6bd5bcFb,590318
0x6b33716D771CF8e1a7B80e05A5ed25b75d863e3e,590318
0x6b34dd13CE75a1aB05B9bdE8C3b31AcA77184329,590318
0x6b3803cf3df30fed35586ba7b58069fbc6362370,23036649
0x6b39D8909B7F50905EcB8703e12D5eF94ddC5a36,590318
0x6b40A20E431E50f11b4F262c8b04ea1a0E7d1848,590318
0x6b44D753B4311D73B6a0F50761A06cBC96b6b2a0,590318
0x6b52e524F148C6D15E0Ac05E367F08C113284d04,590318
0x6b5AF9643be3e5E9AdFcF6033A38561E65842885,590318
0x6b5f00D3E92AD782FFB5c8B80Ac7bBAC0cd230c0,590318
0x6b6389C11441917Ab9291BA14923e7c3CaAde6fc,590318
0x6b648902A0dCFCA41EF7D520D85636Aa4F49aB98,590318
0x6b648902a0dcfca41ef7d520d85636aa4f49ab98,23036649
0x6b722Bb7555a05f215CE05FeF2664D2157935eb2,590318
0x6b76b2b1fe7ffb473255ab182514b7733d414f5a,2666666
0x6b86e9A5fF88F3830E5EE8e73AA2728110e93FE2,590318
0x6b9111aE68D5691d156eAB196f4Ee20dCe4701a8,590318
0x6b990673242790705ccc27AA9a70664fD26992a7,590318
0x6bA604963046512Cc0143693E9A52Faa2eB41ec2,590318
0x6bA83561516552Ca43947a192505F3100914615a,590318
0x6bC27EAbaF416832Cd523d3D98CBa3D12926e619,590318
0x6bCd98a6a0736dC88c2C6456a81A6E89137207a7,590318
0x6bD0F20881BC59B41C4BFb8Fe409dE06DBf9Fd37,590318
0x6bDc7B4F8BdF2c54eE53A65b575b0ac006a164D8,590318
0x6babeFB4E690915335C377cB29F3bDE01D51C5b8,590318
0x6bb2833fe382F509B29287E623b2ac08A6746107,590318
0x6bc6B0BAb2e19d97AE2b20770361B62DDfca862E,590318
0x6bc7aab7a75697221164d67E37b43d89c743B175,590318
0x6bcFA790Dd3c9cb1cF79e0BEe8635C390de241d3,590318
0x6bcFdb234694e9a8488d88df97110b1dB9f58e08,590318
0x6bd8DFd1D2f7f94e07761768D9d681945a8082f2,590318
0x6bd8dbc771d9a8e6aa4333f3b8f8d8ff2972890d,2666666
0x6bd963357ab1428b9751952edb31cc9ada3ddf38,2666666
0x6be866965ed76eb23c44f38fa36f2d2ddce6b054,2666666
0x6beEF2B2fE00FDDCa12A8CDA2D4B00435b0ba3b6,590318
0x6c0578173dfe9c399a1ae93647e8cac7dbb3022f,23036649
0x6c167Ae3f9247CCFBe9b9Bf3C1b014612ca680A5,590318
0x6c1DdFb81A3666188267296F10253a5A9b5BAe40,590318
0x6c3F26ae7312Ca3602697557786C5Eb760FC2542,590318
0x6c42af8a86513746ccfce2b588336603eaf2d125,23036649
0x6c46102199E7e545a1876B08Fd8e199Bc38D12ec,590318
0x6c48ac677c439301842ce44DdeFD761Ea12a3023,590318
0x6c4b435aaDce5128420aE6Ad3dfd3E4e36Ec8f72,590318
0x6c55bf49e010d6d0db0f94b0410ae7f4095db042,2666666
0x6c59240E64a85376cD6cf566Ba078b179cAeEdbF,590318
0x6c6C25Bf7419D89AD7649f4632CcCfE02b09127E,590318
0x6c7386b13756936edbbb96fa47d4dd9240c7b64d,23036649
0x6c78D4d24F7a025856Df4658A4822FefF07b39B9,590318
0x6c894dcdc142820cfc731a077d01929988d5eaa2,2666666
0x6c8B24906DbAF24Ab61a717E3938b93375B24565,590318
0x6c8eFffB9A1067deF371f543A52f41B9722f48C1,590318
0x6cA011Aae6D551a3EFA533c40c24A810321c0384,590318
0x6cB95B23E26a995266A173a9c41826d0f9EC6F04,590318
0x6cD520c1A07c9B53b33d62d04D3c2a3175161968,590318
0x6cE72efe6b0D406E76869Debc2F8b3535782c24A,590318
0x6cFc601514dDBfc12d9741c7e80A717BfA6572c2,590318
0x6cFdad0772EDC2EA15076A9706ec7c1F0a791aC1,590318
0x6ca1e34dc62f0ce5574b4cb94d0bed23064497ff,8000000
0x6cb12a9fe9485BBde7B20eCF673dC6d0B64c00Fd,590318
0x6cb4890d712C91020df2E62FB7BB869CE6Ca3e8A,590318
0x6cbC72C57938e3acd36AB74CDfFdFF1093EEf28a,590318
0x6cbb8ba9e93a295F6fa0f8eCa0000EA9Db083059,590318
0x6cc3747CA6D7A0AAb591d1c42478c578B0eb675C,590318
0x6cc78993fC28D60B6653A2e7e89d6a5B69975e6b,590318
0x6cd66DbdFe289ab83d7311B668ADA83A12447e21,590318
0x6cd769409248c17e6fb9a22340db1780ff409b93,8000000
0x6cd775fba0e491c4fc807e366eb767cb1b19a09c,2666666
0x6cdbC995A956bEae9FC950490ac106F9E00476D2,590318
0x6d0F9474436152C72614e8Ef7Fc5Beb5a3191059,590318
0x6d10193463FEbEbb7407A2B13179428F2f0FEc17,590318
0x6d1Db9158cC8E6d3Cacc2677eBE91B1e7b53d0a6,590318
0x6d1b0721A5564E0e6984aA74165979771ed00521,590318
0x6d22007eA32b2904117586A9deFED313d7e08f09,590318
0x6d2C80315bB93807676E6121060E4505FeD53ECd,590318
0x6d4F97bC946e75b3E7ECDd88deDaCbe46Cd41870,590318
0x6d521e54ec46726D8bA95f7342e6284EC285dAf7,590318
0x6d530751dD149F38df891D06AB9b1E9eDF2E6299,590318
0x6d60C896DE9bAD6cec5AbF6B521fCCB8010d8460,590318
0x6d63838a76c1abc783e4c7ae628700b8665f105c,23036649
0x6d6f9aE649FeC4fca9065752ACd8286e1c7C5e3E,590318
0x6d76cbD9762FC415f9d679BC557D6fFb9F46583b,590318
0x6d85E73D5184a4D6bD56141284e7906924948F1D,590318
0x6d8FF663F0Fd9aEdfBD96d3ce290D09628701fEE,590318
0x6d8c4f82f6787945181d8c0de1036a8825937aea,25703315
0x6d954FcEd90b21072AE03F85AB5b7c000456E7f2,590318
0x6d96094300d64dcccf403a12010aeb80e89b9b7d,2666666
0x6dA0a1784De1aBDDe1734bA37eCa3d560bf044c0,590318
0x6dB0D2FeFB449e8022b1c37821EC6714Dcf75080,590318
0x6dC3aE8799e33E4D67796e387cadeb7dafD12ee2,590318
0x6dC5063eeF8a91EBA64B9D57d84f2322Df3ab9Cd,590318
0x6dE5eA8b4387c9613cEB53ba41C1deD6aD2B6Cd7,590318
0x6dF7478Bb48E047dACcc2a70D1F8FA57A6bC495A,590318
0x6daD9E20e45d732258bD31575939A3f93A934044,590318
0x6dacb7352B4eC1e2B979a05E3cF1F126AD641110,590318
0x6db8E922741C8bc816B30E8c944C3002c3b6098C,590318
0x6dbca5a833c0b594f0fb5330da6adc74253ac02b,8000000
0x6dbdc76ba0c9bc3f4ea75bdbf5dffd3622a94b0d,23036649
0x6dc72af4fcDC48E121eC0aDd87026FA2F3a58aB2,590318
0x6dde8381Ed88fcE301c85d16a2CCE157F676bE51,590318
0x6df01853fC014065201d5b9Ca57135f76142882d,590318
0x6dfa7ea6f53971604f95ea82fc6449886bdbfa0f,23036649
0x6dfcB138574e586cFF7d4702CD888f5DdD22eB90,590318
0x6e0a0b3D776A3b1014a236249253131B41DdC155,590318
0x6e0bec3dd348b82715f9ae5d9deb83e1fd72ec92,25703315
0x6e1A61d1EbfED848Dd916939Cf637193BCD8236a,590318
0x6e1Ae94810de8D10B4Edb6Bdd1bc6255BcC4eBd7,590318
0x6e1C24586d0DFEB608E0442a8A1Ce772afEC03a6,590318
0x6e2527a0f442bb9c351063ab9551afb059d975c8,2666666
0x6e2E4b53DDa4ddCbC1E47ddcE426Af10EE669730,590318
0x6e2c5323888A98cbbE4d29cfBf1113841FfcF48E,590318
0x6e2e6b023589cAcf6D7a6101db456f7903Bcf67D,590318
0x6e3258Ce4ECbB70E3Cb18692D24E82B675d2E2cf,590318
0x6e379b3c8e350223F10FEDfF957d3478D809d0e0,590318
0x6e3AA85dB95BBA36276a37ED93B12B7AB0782aFB,590318
0x6e3c9DFE5413A98720E29f8245c63064f8687492,590318
0x6e4D47DAD1e97833F4EcB0Ef56347bA8e6Fd1c0e,590318
0x6e6613a3AB5FcDC4Fd1DDB9d5A7B73527e7e53aC,590318
0x6e66e5ca5bbd0d1af9a096635276b312ddd2600b,23036649
0x6e6abB59dc84D09116045d35D4b9b8fcA42aC6B9,590318
0x6e6dcebbbbde768ef79a46a8513ce0927c7b8e39,2666666
0x6e71970ecc062888a05Da630c6055200B1c0c043,590318
0x6e76a17e5DcAF37Ff9e8b5909f797cD756B8bBb3,590318
0x6e78D12DAA629766dE44B4C207d48C55bD56D40A,590318
0x6e886f772Bf4bc85f16284d5E54433d5449Fde11,590318
0x6e8a66a3CeEbb51697EE2120d433E2DB8aFfe0cd,590318
0x6e97da38A05B56efedA2E860a54F3C386232a90e,590318
0x6e9932E85E635fCC1dc94BC5A265535DeDE30e3e,590318
0x6e9FE36A143b0A9a66c0bc9b30c4545D17B5b1CA,590318
0x6e9b7128c1c2544e487da87d1694def6842a3b5e,2666666
0x6e9c3C64829C495db8A4fE938c4841496E046218,590318
0x6e9fe041e0bA8C2Af35215d900D188d53d7A9B41,590318
0x6eC93150e5D2F0C38f5dc5cCE19DE8DC850c4501,590318
0x6eCb4025074Bda70b1D23E80f8132B4D60072a5B,590318
0x6eDdB7F888fbF57427Ce8Ab5fE44D49D282bd478,590318
0x6eE88c946cc0f94194242446749E52CbdbAf0759,590318
0x6ea80f5c62b51be57fbc035547838fad77099771,8000000
0x6ebd7534686fb1e9be83ad63d64b03cc534031f7,2666666
0x6ebea301096b8137d691a4D1fAE6F0061c817B41,590318
0x6ec8B3feb813040666dac4B2Cd939336Fa66DcDD,590318
0x6ecc6C5aAbAFAFD5D246Bfc5e34872f3EfA0872B,590318
0x6edE3C315770CC58E1D62C80d45bBD57bCa02e3F,590318
0x6ee1e9fc50d672ba16a9c457ca6013c4202e614e,23036649
0x6ee5aEe6c8148285F4d156b5B5732659c6F7Bb4C,590318
0x6ef7dd546852445C68320D6E245ed057F2C6C5F1,590318
0x6efc3a06c1ca5ff83a0aa8d11022c01f8237aec6,23036649
0x6f00bd723f4765fF3E03AeD81e2aad4Ae70882f4,590318
0x6f02109bDBeE424d9CdF69Cab36f88674236A660,590318
0x6f0339ca73c80dfcf747442a62bf515911a8c96a,23036649
0x6f0C379aB3088887ab3710CD3f0046eA3d795ef7,590318
0x6f1719811019877D9bAf8fe114A0B52E5168E812,590318
0x6f1cCD67F2A981eb10c77A0B0c13Ed7FaAdaB6C3,590318
0x6f1d35664eab0EFa5A796091c28D14f1472D3162,590318
0x6f20Ab4899817C8d9228B0978D4fDBebB8cEaEEc,590318
0x6f25320C9A79386E0F458F584d2562Cf36059fA7,590318
0x6f2881546f6867e46C6853f81c342B0B47Fa23BB,590318
0x6f315edb0b9FC770e0F999142F34B4164d2665C7,590318
0x6f3d5fE21f98f56a5B9e4793Fa84e61f3dAC8DED,590318
0x6f3e4AEFa7E042d3cC01E5DA41828EAe547CDbbB,590318
0x6f454FA5C8c9dC56209f6f5D4c7dF32c735C4946,590318
0x6f4a70a392a3dcb69c729374dc6366c7397cacc8,23036649
0x6f50487B6867bA435d016bA6EC4697582fB6734b,590318
0x6f51807ab2C25e0E872A236C5B5146a41a5d2102,590318
0x6f5bbfBFB82729cf356F37f88911952cA115D3F5,590318
0x6f607714046da940cd278f68295aa9f496cb43e7,2666666
0x6f65c1900dcAbbC789B0aF0bf8616d42293Ed943,590318
0x6f6E58303805BF77F465ef51d6101C738537F645,590318
0x6f6EeB742936E292bD9e715f41A2C9499e0d9f8d,590318
0x6f7132B46658Ad86aD4844dc804Af820aEBa22f0,590318
0x6f754370cef4C943D56CB769468950F7988eBdd3,590318
0x6f7e72f2D5bf63C71ab629077481d912b4159044,590318
0x6f819ce5D2c93b6a1e3508A80C313a9D46F064A0,590318
0x6f82195B4Ea9a75F00ddbe3da38Fb93ce5713B75,590318
0x6f834f17ca09093d918ae7bf5c37619e49714213,2666666
0x6f94Eb63C73b835787Db99b75A13DD87D2E5A55F,590318
0x6f9BB7e454f5B3eb2310343f0E99269dC2BB8A1d,590318
0x6fA3Bc57C5e44182D2B7b2dD76d0721bC368207b,590318
0x6fD31AABE056c95a87158f1e69629702aD3FcBAF,590318
0x6fDE95F9f7F7E5402bDaba710BAF31BBC150107e,590318
0x6fE18B15E7ac6D43B30a7EAB2F75C31D51Dc41aA,590318
0x6fEdfDB4249Cd5DCA3030FD09E0E1368f23CB4F8,590318
0x6fF2258489DD25520fBeD7c788389fD714e40e49,590318
0x6fFbC6B3c1063F3A2cd32d33054b7A4ea015a536,590318
0x6fabee780c1af1dc5242860884fe2e83e2ac8efd,8000000
0x6fae4b084e50b486dd3cf98a96f209170a3aa9be,2666666
0x6fb1673F007EF2446DC61287947ca7d993D569AB,590318
0x6fb9c3d8a0eEd4e1403a18909D798c08f8632338,590318
0x6fbE81055140287005fFB5659A9312EBa019F350,590318
0x6fce85D5BDc5Ad16Ce4496D5a34A0F6ef6f1A6a2,590318
0x6fcec5cc7573b9a4c19bc5e209c0b98da65faf7e,23036649
0x6fd212c3f0ed7fc7958daf9f6d472af077bc3ef9,2666666
0x6fd4b26e00305A883a87FDF2e8A1648362e641C1,590318
0x6fd8ded4ce73c88110ad87fa3ab3a592325e4f5d,2666666
0x6fe5783c9944EBF23529D27F3170fF9395184Be9,590318
0x6ff6E9F1e3554e53401624d88875cf5D1bCC1CED,590318
0x6ff8d35a84Df8ADA066439b84529a66f47C2a113,590318
0x700224866E0c09ce6dabA8d1c799C04D7b098182,590318
0x7003AaCb28c3b09A2dD123C87D2D44853c905205,590318
0x70063e00201b65a9fedf8ff006dc15f8eadb6276,23036649
0x70096F6B63fab7074C224981e80eae4f41A46bbB,590318
0x700CE029b0f9d89491321199908E6a46C38e8e9A,590318
0x700afFE5d2258E5d9118Fb9c0234030a2EA3f442,590318
0x700aff5723bc51636df5f4847f059d2a6829bc39,25703315
0x70117E02633344Afa3071d56fa255A9bc8091B10,590318
0x70129A44A413DB00E28E626cB34d64F7FC4a17F7,590318
0x7014B6CD65b26c6FFd06153481Ee439ec2E38281,590318
0x70185dAd833811aAC48A17Aca7967d9bca4b3Fd2,590318
0x7019Be4E4eB74cA5F61224FeAf687d2b43998516,590318
0x701A2452b7C35540052AA76D171Bd8C42B5C558d,590318
0x701E37643DADa13DE79e66A74E7d6187FC48faD2,590318
0x701b64892860EA8C84881bE1e21c8B3Ea635206d,590318
0x7020D15dD9AC18dc0701f14aE32AD100efbB8Fd6,590318
0x7023bE3D401c281fF89E2366d1ffe8Ff64aA0295,590318
0x702D6DeF95d59E31ebA8420372821c2E49F2D607,590318
0x702f18d5541D12fcEE217a0891ca90a9c24eD80C,590318
0x7033c4C5bc1CF2DcEc79a90d0E56819d6704922d,590318
0x703A40F37de40CD4A1b299e6122439E1E9E1d49f,590318
0x7041ec2720f4900b06d9e87f0468a18dd38d9626,2666666
0x704CF202792341d79A9Fd6DD97046aa7eF3F4319,590318
0x704D54621AfA3f57EF969fCeBE07df35183f1685,590318
0x705550d868DD6da69Ed2C649eB15c9Fb4647C566,590318
0x70580aac29F458bC8f6d69885F81E84572592FdC,590318
0x7058b690AA202aA40e7c6089a314DfB331fe83Ee,590318
0x705A42EcC5dF243BF9298f1D091b89761522a796,590318
0x705d9580952Ba9137F14CB9749170B1D8cC41824,590318
0x7065EE90dfC9fDA4D6abe90EeD96CC299d0e995f,590318
0x70675eCf273f0CA355575892B69165042037113A,590318
0x706c6a9c4b2cb6166fc5eeee9b2c34461b6d4fb9,2666666
0x70710F1Ab79fdfC07B3cA778D98FEf9948e4cD33,590318
0x7072e48BF973e5F371d82A7296D73A125D16105f,590318
0x70804D36c9fB2844f3c82961305dEb06fa173E8E,590318
0x70876E59a551CD765B45FF30Ef3d75CCE4974b2C,590318
0x70889978e206022D7b1BE39d457FfBc473B6e475,590318
0x708F0da98f5E11C3E547ec3B6bFF352bF760250E,590318
0x708dF04E03AC02c440937Be6e631FA8B46CB89bC,590318
0x7097F3EaD19d522f5a179A3661fC6C5E9E2F2cDF,590318
0x7097b5994cf01c44DFC2C2De7AacFD31C2703d84,590318
0x709973c42B94d074dcE8178D3B35609A7Dd1f9Db,590318
0x709c98D630eae56A4ceb69755E2C9a26819045D3,590318
0x70A0167d8eD9e57799F8E028345A7565450a74Fa,590318
0x70ACb6C9345edFb47b7563224722Cc762d217c51,590318
0x70B26C484581B696Ae33E255a789E53089ddfF48,590318
0x70BCB02a559c4f669830Fa4a4a7e403d7CC42dde,590318
0x70C1509e82AE4373ed649CD24e6B3ef0589b4D7f,590318
0x70Ce1B86B06d99fDFc159f437f4B1DAbd4322cbb,590318
0x70D12CA660501c3263F9319f6C7E124270DC167d,590318
0x70D70b5B746493e4C247dA944032aD6af77e0D97,590318
0x70D9D1205198199dDb51D4E264A0E51a4250FcA0,590318
0x70Db9413327F370098DE8061BFd377b692De30E5,590318
0x70DdD33089a6C52fdc1723ab62933873f8838b58,590318
0x70E0aA82452aD60e7fbBeCe640971634235e51aA,590318
0x70E940eecA29a7F23EC6a242C64e10e71F74D3FA,590318
0x70EC34970f76A318A66Eb0042D5E1EF795bE0825,590318
0x70F28Dbe6cD74B515338E80e23285A9941AdaE3b,590318
0x70F65a050DDf1AF785cABe1dC658809851003699,590318
0x70F70AbE2C5021694231220381D8Af74BCb39D56,590318
0x70Fb4f5f301383690d0Cd8c472114F40F37e7e77,590318
0x70Fedb8c3cddC74f238DAb098AbF956a17936F39,590318
0x70a29cBA0425fE23BA92f8F98E9A6a220141b590,590318
0x70aade6ae0c73fa61ca3a6c276f60c235901065f,2666666
0x70b02ae48493fa1bf2ed2eff5bb2e739c36234d6,23036649
0x70b1fe75CBA4D66aCf906dC336c8506A37f62947,590318
0x70b491cd377dbf04a2f07afea986679c95408c71,2666666
0x70bB7d9C4fBBD208c38b8FF8aE6bEB23EEB93c8A,590318
0x70bD59B6B9fCD6c30ccFF96cb25DfDcC3B506e02,590318
0x70bdE14a67f6cCaCe6d27F07b58c96c6c6Bf9dC3,590318
0x70c365d1ACA4e00D2a949a7dDB6E30c87BCcDBE5,590318
0x70c3af18425b3b004aDbF8aa7C246ba66f50d5F5,590318
0x70c91298e8b0042e2f3c22f9fc26386b382be9c5,23036649
0x70cb864ca73e29bc205f94ad55167a2f803be4a3,2666666
0x70cc711C52D00D7229b89271E885B1716903C649,590318
0x70d64865d1b67c92a80ad14e1ae441f76970ec90,31036649
0x70d9f98ea60658fd81cc54086006e949aee207f3,23036649
0x70edf56F5b7959f93e888ff0Ccf23aa1275cBCB8,590318
0x70f28AB07aFEb26E10ee76ab3A07c64bf089BF1b,590318
0x70f45b4bf46cbd3b3c83247739737e273269f494,2666666
0x70fFcB80B2A216f83140d06B8dfFe0c62aacf1f7,590318
0x7103E51444FFd49e948922A7500c07391883A72f,590318
0x710AE5a984b933fC7da22AD7CCF0adb56991E3bF,590318
0x710e3468a60fC59bE6C760E5e25F3Cc753e3e0A6,590318
0x71139B25fF714dd6DC24a35e13884858B0386d4c,590318
0x71161687463077A32982b25cc34C2f562231012D,590318
0x71173F7C5343ddFB0BD2bFa7BdF643bae6C72829,590318
0x7119770138810363491BA29A31D6FFE508d05089,590318
0x71204600819DB62027790e6391665cc763996B62,590318
0x712054225Ac08595422b0BEe4c386Bd420F7e166,590318
0x712881dF1701862a5e7418E44B39A887A3497B17,590318
0x712a98f29514dCe316f0787473D5CC915a29B2cD,590318
0x712fab5643685e919ce9a6021c99a7591ee646c9,23036649
0x71341D7909776a10eeE24FCEc10a8dE805AE193e,590318
0x7137fCC077A157946c26248a4ebB78732E38a447,590318
0x713EaCD5d678414cd5B2E7Cf084DecD0a5fF0187,590318
0x713c3dd81370065f3f4f3aa6cef156641ba97851,8000000
0x71407082405e42f5B98573A3c115A00693Bf3e65,590318
0x7143fBF7cF066bA2390Eb66F309999019B34AAFE,590318
0x7147Cb959b2D833BD147D0260B04f908538e075E,590318
0x71481ca8ad4252956f44f4ed140b00477215ce97,8000000
0x714B888A9eb66c99c678FEd76FbcaE19D4365fBD,590318
0x714E7ad9Aab0bc992e6C2446e027E42B2EcBe601,590318
0x714dDb0370e3d4f8edC1a5FEab66EAaE19162467,590318
0x716103393284064c8DB76D28961c8CfDD89405Cb,590318
0x716D26B20Dbce6d927e9Cb5080ed6b21ADeB7b1F,590318
0x716a580bd431414A8E8dF226e8f53F6052F465e8,590318
0x716b68F0bDDC0d39662F2b8209F3c4fBc162b145,590318
0x716bF14f4Ed465e62263816c2A1c4835979aeC3B,590318
0x7170f05085d2a57Cb2Fe713E2C2ffc2F3A885E82,590318
0x7173B4400cBF0221cd3a2BbF6d98c03431f4135e,590318
0x7174427d81cec34e9d45742e5011ae81a52dc5fd,23036649
0x717b014ccbb04af67335107a4ec43fbdda91c797,23036649
0x718E04F104fEaB1a0c4b7Fe60e46eD58313d84c2,590318
0x718E7B7e03F9370394CC8a3BD41B395C72B90fa2,590318
0x718a085F6D45A955395881BcefF30eC97FFb1013,590318
0x71916816db008605385E334AcFfda67Dd0363809,590318
0x7193b82899461a6aC45B528d48d74355F54E7F56,590318
0x7195F4b07425A03DB762b939D040286456cBaC8E,590318
0x7197517bD6e27D63F5503eA7FC2a3475c57fe074,590318
0x719821b5274df34661d685989c4ee09d236bd18d,31036649
0x71A00f0A1493E9939A365404D0fD0EcF44e72228,590318
0x71A0496F59C0e2Bb91E48BEDD97dC233Fe76319F,590318
0x71A339294e45aFAf607d39b5BCdc12dF64d4A12a,590318
0x71A832D8039F00f02f7fCCBd49cCDc52cB636630,590318
0x71B601a9B42538904fcE60A05AC37ac632C88d39,590318
0x71B95b16F04d2E27cd3dcAfFd9b48e73af45dC69,590318
0x71C2da9594e0EB3AA59c621baa4E034Ba1de3824,590318
0x71D19C9aaa3771ab28E7cB0855231A2A9b86d719,590318
0x71D6DAEF52495f910ac73e5Bbb99a59468466c64,590318
0x71E78c7197EEE4Ab2A5C940477383B89bfB7C5Bd,590318
0x71F12a5b0E60d2Ff8A87FD34E7dcff3c10c914b0,590318
0x71Fd93290F8E63439cab74d1f4F5dE03ef415962,590318
0x71Fef45a4Cd5bf6c2792BE5c03dFCc952aD2AB5E,590318
0x71a4c3a05ea8f30dcd74549d16b024669a2384df,2666666
0x71adD64adBB965Bafd01437295968502eB61145e,590318
0x71b8475B3C94daa434b736b3ed9475F9944104A1,590318
0x71bcadb6d029556caa23192cb8047b460afbdd46,8000000
0x71c85E840A22668045031457E24eECD0be5BF293,590318
0x71ca66E64D1A7564e13519e5577BccaF4FA2AD2b,590318
0x71d8c1e31ce08ef2729e14fb4fb7310500f67bd6,8000000
0x71e1809A9f36aA083CEC4Df1D0bc10Ba61e57c42,590318
0x71e18C339795799fE56AaF3d5c9BD4dc93bE2842,590318
0x71e9689892263fb36a75052bc9e571636c45b28c,25703315
0x71eADA7FDC891863A0005C5629E8773c5aef3Fc5,590318
0x71eB8935C0473F1C2E29090fa0EAb6072C077d19,590318
0x71ea692BfB9ccCA31399e1a436911E4035c90180,590318
0x71eaE7Cc07Ca14703Bf72f02EDEAB936665F5D55,590318
0x71f2be10d4d5b493114331e55647dd88fa1a2537,8000000
0x71f350Ef88B5E4fF5236B2272d5EBcED8d7a802c,590318
0x71fCD2bA51f2B44216E90d9Aa7A2681980b8c641,590318
0x720651e4834b9a98b5f32fc851538f9b3a7a60cc,2666666
0x72068CDf3cB9f817764250a721282f6B859030D6,590318
0x720F5665221a85337C28433B9b11C953e6153Dc8,590318
0x72151fB7fBed580C270aa5ab9f39fccC65367e57,590318
0x7217D290FADB0659363aCA92F99Fc30C7351CfFF,590318
0x7219E0E79B26B3eD81103E37Da0Db2521b074d5c,590318
0x721d3907fc9c4224c3afd344ee88aeaa940fb313,8000000
0x721e8387337a1b37b0acddb168304af44c2bf2aa,2666666
0x721fb1502510029ded284897c5ab2a8fbd68d668,25703315
0x72263639B5c028921Acc1cA851A83A80e0F5989a,590318
0x7227338022AE75B67da2A68073755d3A71266b96,590318
0x7227338022ae75b67da2a68073755d3a71266b96,8000000
0x722BeB330f4Bce5cFCa600a0e2Fe989e8425739E,590318
0x722E2A523D7A57f312f3957293a88ec90b22c4AE,590318
0x722E895A12d2A11BE99ed69dBc1FEdbB9F3Cd8fe,590318
0x722a20e70188c95a5e0c17cf816da9c2e4525e72,8000000
0x72352A894a264f8954eb0E17d1b202c6E5675265,590318
0x72369765BCB492fBde4d7977F4f622170c75C914,590318
0x723AAdF9329A770c8A77F205EaACc879b6E83F55,590318
0x723BAf4C0B7A6951b2BCCeFb1d197cE722a22C95,590318
0x723BD6390A0a24aD9b7025201f259A51a2b89B5a,590318
0x723b6a0e6758d9a37f6261aab7e1d1d9875c719e,2666666
0x723c8d5E40d308059707f0a09F6633Badc75fe6E,590318
0x72404F96D14F6c1ce2d94e833231C659B98babE8,590318
0x72418813a86ee3f1c812b1fd077ea3121eb17db2,2666666
0x72458dec82b4084fd8fd4a1c55f7ba355a04a3e2,2666666
0x7246396045c266aAE0FBe4c6F853a2473aa94092,590318
0x7247b429A8FC2F172c8f1Ef21E418709CbBE40a6,590318
0x724AF1792d5bF8B5a40e74995609D8B50AC83282,590318
0x724bD41f573F468296429649E45a6EF640E508aA,590318
0x7252B11BfCCd83C212cD095CF132d3981e5D4518,590318
0x7252Ff5703260D0724A6Ce7e3934D04ec59Cd72F,590318
0x7258C59532ac6aEBcE9E5809b8FEBe4Dd6d7fe13,590318
0x7258d00a24D6829Ac4bf355127bFbc9E2303aed4,590318
0x725bed20a6E0F214C1A51aA20BC53FeFDb2A391d,590318
0x725d88FB02AfE715Ecd7e55257c9d927ae9331BD,590318
0x726244E62AcCe22bBdF25CDF30c7463640a1cC31,590318
0x72703B554A7089F93Ff1fC6CC6c0e623900a7b80,590318
0x72714874522D9B27DcAcB7A1AACA68f78B6b664E,590318
0x72725Bd1596FA3517383eD68FFC7785ca1bb3251,590318
0x727752ABbF7A9Ef2F3C15E322Dd43bf642D26eb7,590318
0x727A6E5beF1CE3e85271A7A2B8dE7bb4e3fF3eab,590318
0x727C7Cc35e902dc2ca2C0EaEcb8B8914EF721c2b,590318
0x727a2538D64c1b785B4b5cC3d174424540Ae7AbC,590318
0x727b0665e728b49D96dd291B2323cc66E6f64dBD,590318
0x72825C4A3bbE6747FEcFe40F2616d43bac680562,590318
0x72825c4a3bbe6747fecfe40f2616d43bac680562,23036649
0x728F86299855402eC3b9760cb9C1FDA4c9d0e245,590318
0x728c6cd031e9e5080fddbf2e321fe6a4ca7e2541,2666666
0x728f320513bc3c8cFF9Cc8086C7fE9A4D521E9cA,590318
0x729094194379a4f3b6dbd642041e06be781f2234,23036649
0x72915ad3110Eb31768A562F540aC1ebcd51d3Dc8,590318
0x72967D57223D0C78CdcBfBeC510C74bDDc1C20b5,590318
0x72971eed379b5bB4Ce2805a25d886d13d1B13bc1,590318
0x729AC467396Bdd1C8832377eB09d37B3E4F2Fb66,590318
0x729be2EB86aE64bD7158A9B428f5FE3253F36b0b,590318
0x729f42716b59e9f90d76649d8646f71866e0e74e,8000000
0x72A055119b99bCD8170E01793E367f669514eb0D,590318
0x72A6841B6fc5Fdb04Af32F20f1dfD68b4B81953e,590318
0x72AD6722eD47E5c27fa854E7E0cBD43F536389c0,590318
0x72ADfd7F52832DA9783A3dB71C739aDD3145356D,590318
0x72B06AbcaFB335c5EFe0C85a609Ff9e3a6E8E8bc,590318
0x72B26F333C18CcB2f9dEc28cDa1ce46F38789398,590318
0x72B293417C86d21493f9a7B487eAC2145fC08286,590318
0x72BF7f68edeBd58467859D268cd9385A4bbc987d,590318
0x72C7D23e269275E997F5292cEE6571E1B1FBcF86,590318
0x72D927B8e3465E9c53C9d8A12b31F855e66432F3,590318
0x72E62002AeeD04670c270a063B815941198463D2,590318
0x72F45D6609F5a2F31d0e58494a020677ba8c593c,590318
0x72Fd89d529E620772A61D9793FB1521a08f449c0,590318
0x72a4c184448C4776ac8504Dd07a25ea5F8773900,590318
0x72aAC529B35e22c21D51DFd2762207A03EEB26De,590318
0x72acB3a6B416A018c2976Eee31d0Ff854b782936,590318
0x72b5620a9FC4097C547F063aA0BdCc20664007c3,590318
0x72b7448f470D07222Dbf038407cD69CC380683F3,590318
0x72cd81895a02f706c30ce23d923109b68c2febe2,2666666
0x72d0455D25Db9c36af5869BBF426312bA923C643,590318
0x72d18FB1a58474C92066740E7820A9256B21F8a7,590318
0x72d74a290625e32fe77bd83dd59125071a10a0e6,23036649
0x72d7CB2B294cd41dd910f257BA6Ad6C6a3497E0F,590318
0x72de516706387fa100ba372e7864cefc3475572b,2666666
0x72e44b2bFCf28755b5c1d54442F18e2daec5b561,590318
0x72e9ACc29A6a15b6ECd82714dfef281398d9ce51,590318
0x72ee819c3e038732393437ff9a8ea08c4263215d,23036649
0x72f159f358de71e0c8433cc29c55f25823b149cd,2666666
0x72fae56a18230939fcbc235bc60c44d73c4603c9,2666666
0x73015021bEc514759b9F60B5727d979fb7792a48,590318
0x73047992b1b5f0f33f5f38c8da50a6e91bf27aca,23036649
0x730515eC27AB0750502AbB63753621FBeC564103,590318
0x730de66b155477858e6b2f4cd6ac4ac9fbf73929,8000000
0x73141E719F8041A50e75Ff8f4f9dB52ae4D3c5E6,590318
0x7314579f1b0147d855C0ad5E7031B1C4FE3cEC04,590318
0x73147F1A2EBCf284b2D0061299bdA8608fe0177F,590318
0x73149478d280489423588956fa8c887bfee616b6,2666666
0x7314b647668c32ddfdfb8A31b5eA802A82C2a008,590318
0x731Ce67f432533c5B2749ad77320Cc4FdE312caB,590318
0x731a35932D035C544961801Cfe59505A830D09DC,590318
0x732045AaeE24fc9ce2D174BBF2A029A205688490,590318
0x732422A4afDe3DaE61657F0731AC1101b061918B,590318
0x733246BCEE1d39f3Cae699a1f1cFfC97D67D2e57,590318
0x7338afb07db145220849B04A45243956f20B14d9,590318
0x733A7D5F290309e60344D3aA703D8d0a03a716FC,590318
0x734123c868514fa04AAF6adCea96007E9f5FFDef,590318
0x73462ED3fdCBdF1dbF470fAc98f3d0E208cc4Bd2,590318
0x734a4beE88a0B9bDa33B957B220A51edf80140A6,590318
0x73526226A883D78b81ad98981767ae00B629Fb48,590318
0x735C0da3610D5ed6Ed616Fb946083324c005CA02,590318
0x73606090d1b40adC2fa310118842B42975A31034,590318
0x736283bbb71a565211e74ff5b2613b881b045724,2666666
0x7366A29950149BC312d868053DD68fd1c83EF790,590318
0x7367772422348626242bb837a35a0224e5d96c6a,2666666
0x73678B0CDF49E1dcF9601A96c0E0eA93a6FB0A08,590318
0x736DdE3E0F5c588dDC53ad7f0F65667C0Cca2801,590318
0x736Fbf35964693F9325417FF281d1a3C9044B213,590318
0x7374DB37d90eA5d57055557e15cB905a91736fAb,590318
0x737C7cb6d680D6707AE53358a275744F9D468aF2,590318
0x737FEfc91A4E1f7cdA843880AA285C4E8A9EF7E0,590318
0x73839B4B2B2a9f595bD40B839300369d46829E10,590318
0x73845D092C315fADA78E656c2536E38f22310F2A,590318
0x738512644257bD9269369322D18a0D92B0A64a2C,590318
0x7398B24473D1CB02Aac1Fbd4a9802F67E91B4383,590318
0x7399049d8aF459AA0aB9203B3917c4Be311395Aa,590318
0x73993f5E51A3ba277cC9E545Db1e8a83E552738C,590318
0x73Ae34128D2D88248dB569665950989c96465287,590318
0x73B48CAD9eb9977C690dDca0f4a593d0A2ea0417,590318
0x73BF6276515d30B7763aFE31B61BBe222cfc9A11,590318
0x73C081ea8c31ced48ba201da8881d3F334960369,590318
0x73C41a553351f63D3dC4897802641516a63c43A7,590318
0x73C978453ebAf65b243d1C42E86BfD8fd2Dff0DA,590318
0x73CF10aa925e728a03dC96D9ede06eB6e44E02BE,590318
0x73CdCA011660380534D46BCf8a9b5E02f7eD19B0,590318
0x73D6f98441586F04080488079AAcAA6B151D36f3,590318
0x73E1FD1298F1e027D8731e0E95d3A82DcBffA4c8,590318
0x73E2f7BCC702638876aaef814E660A52b8299cDb,590318
0x73E4a2B60Cf48E8BaF2B777E175a5B1E4D0C2d8f,590318
0x73Ef8d73E0b6ed93df7BA9ff704A27bE9a699E33,590318
0x73F9639F79555f64DcC2de5A57ec98d1a2AB3180,590318
0x73a09afD1E7eb81094b30A408e324281e1C5cBB6,590318
0x73aB8d8f8335525CEa5CA1B1563ecCeff7425f86,590318
0x73b55731F3c17e684840776eCF4cc0A20ed40B50,590318
0x73b80b010cf1c33970dc1f46d20e74eef7384291,2666666
0x73bc9108dcf2de3a89d51bac3815be0d5fb03015,8000000
0x73c121D572E065c8B6FA6aCeC6B40DefFB62E1dF,590318
0x73c41a553351f63d3dc4897802641516a63c43a7,2666666
0x73cccA7296DfEdB88Bfd68cEda833d8D79abB35f,590318
0x73d143a2aA8aC5caEE82f6b6F2Fb47AE47C8791e,590318
0x73d38D824fb2a24d1D888DA0E582A850CB34343b,590318
0x73dAcb15185D54C8ab48137519eb0403De73e377,590318
0x73da1aF06106A7f3Ac717EF0fD637177175D98B7,590318
0x73dd160dbffb9e62be4cbeba01bf03cad5b5444e,2666666
0x73de83588F8D99d8043143b29BCD015A61433A29,590318
0x73e3c47F127AD7C7a97b54931B6EE4E95B73A791,590318
0x73e9CCdC19F7e30764A5Ec2F56F10C552b2d9253,590318
0x73eE1624826495Fdca90e6dD1a6e262A598B5a1a,590318
0x73efA2Ad6CEaEA5330cf8Ad558890d77C299c759,590318
0x740922622811A8Fc1A5AF687aeFe6D5BBC460Be1,590318
0x741047AE552E58e89f1FF51D9a06e5d9DfbA3fEb,590318
0x74147AeF4Cfa989Fed3372a7008d29b001694307,590318
0x741a581D5F92E2BF2331ce16EC8f6bcE4254B170,590318
0x741a58844ac349D6195d0B8Ccf7Fa07501eBa5C2,590318
0x741ef945a756eb47d1a3041bbc1b794d2713b820,2666666
0x7423a096DB3475578cd3f045Ed13dcD2641cb2E5,590318
0x74249F25dB788A17d48707188ee00401F2186186,590318
0x7426A1b6F708e578cc6f8DD96932694C55E41AaC,590318
0x74283a81636C33C593002cff8782437C4Bbc1ef8,590318
0x742b97dC68bCC3475fEB734C2dF2C76f25664532,590318
0x742d983855236C0Eca9D8AfFceDC9B82f9539319,590318
0x742d983855236c0eca9d8affcedc9b82f9539319,2666666
0x7436119Ba3f904620Ed114A15D0963A16B5c09cF,590318
0x743A7D624E6B80511b325c9f174901F047AF72Ce,590318
0x743D7B30661d65B41960Bf6b5d1bB93CF7972A73,590318
0x74434a418D9dEDd0276dF89acC00cf1944f98e4e,590318
0x7444b9cA731C287750348c6010CC04bA8C90112d,590318
0x744574708aee0d9eec7cd3fcc2e1c6f8ad459fea,2666666
0x744Ec7DbA1E080E43d8C304ab685FD2a137455C8,590318
0x744d17684Cb717daAA3530c9840c7501BB29fAD0,590318
0x746644ca8614407e33d4fa51f1fc746398c4934e,2666666
0x7467aFaB86540aB1F46162A40b908C9f2304DC07,590318
0x74688Db993ae03b19A061dd5EC3E4e31Fe29030d,590318
0x7471b50FB90e976825E6da0DB0408Ba760E342eB,590318
0x7476D1e9659a49B92C3f65F0A6De00a18fc3D6fA,590318
0x7479fCF45C09D8d37fE20b600770E50c702114B1,590318
0x747A024D7104995B08D6B9d54E0A9626397dC8A6,590318
0x747C09186192466e2Dc1f482786aF2018d556050,590318
0x747C758126513586821f4d39B109cD5175f06160,590318
0x747c8a49157005eF9f30766D63760177957a7ddF,590318
0x747e6DD873F4BAC98924e9C31645746F73184Aa6,590318
0x74883Cc7239Ca671911Dd2837b20400a29afb4Fe,590318
0x7489BAA3923202f631b699B904d6B82137C28c81,590318
0x748a1626438952ba7cbe29c1e92ceb3a0822d82c,8000000
0x74900cDe422586EbCFce794e8B7A3B5ffB96480F,590318
0x7490aEbe717B512C1D465253909FC8262F75B047,590318
0x749565C3e1e96d7944680e684e005Ca20e0BdAb3,590318
0x749581301425Ed34E7BA16D323c2ae0F506D4F47,590318
0x7498f303b1b131d892313b1d36ee9d98cabeb65c,8000000
0x749FE7d399E46f6D4ad5BeC4154E9a7726f295B1,590318
0x749ad0975fD789bF2c2C958deA3bBA32606F2E2a,590318
0x749eE96F3CaF6B0f2c268e681534bF5C12A1BAC8,590318
0x749f816b587b31eDA790aD6A88e02282Cb74a291,590318
0x749fEE22929ffb4d9BE21fBeEF05ED076A94e68F,590318
0x74Aa01d162E6dC6A657caC857418C403D48E2D77,590318
0x74B3Bb13Ee674428795877742148C97124EE7358,590318
0x74BF9Ba8F4b692Bb0d3E06Bf19b74B307331eb10,590318
0x74Bb4995D5F1302b55b14BF6c1Df9eB39e3F57Ce,590318
0x74Be0Af0bf7254328DdffC09425fF71d64a1a836,590318
0x74C64ED46F7ABeC8400411f4Da2159fB920678dA,590318
0x74D40128daC6204A3bfa17768d36a49AEE66482b,590318
0x74E2560995ba0b3E27539CEa74D40b784F54689c,590318
0x74E30a2a30733d9Ee332F8c8c73fe28034404C4d,590318
0x74E66a000B14212a2bAeEc9Edabf1EF4164F9E80,590318
0x74Ed2632b2fBC40207F3e8De0819f4d0c60aFea9,590318
0x74F0178db3E51c3bb8315eE6232927f863c6F43a,590318
0x74F125e11dd6468fc94297AF33aA4DB5Ea4FA952,590318
0x74F1Ac30F5e3620C55477c6a0b6fd2a22D624aE4,590318
0x74F5ecBF8095978948FC1e2d9E7ede81093717b8,590318
0x74F7D8e0b8f3151b1BD0726bD4CC7C7b06E06c92,590318
0x74a2AD07D0B9be77768EaCd1071a297E4a0845CC,590318
0x74b1D0A699EB8ed4C154A02E679562e8c2532CDC,590318
0x74c1dc3a9247a1c8b25ae3886f4e210131493682,23036649
0x74c248f311Fc5FE6c0b7B2284F9EcDF72529d0a7,590318
0x74c2C2751e1CAfdC735b50a8d52ba6581bAB6AaC,590318
0x74cF6840Aa593a85a271AA76377f56aa6c62885d,590318
0x74cd2A5EA403cBc5BFAe354B3E02d10F644eeC2B,590318
0x74ceCdE9E31b961a65D0a1CbF494836e44a55b1a,590318
0x74d40128dac6204a3bfa17768d36a49aee66482b,23036649
0x74d5e21288d9e7a5fbb9fbe70be718c3bac5ff11,23036649
0x74d675a72b0e2772b817484f2d26dfa61917e7f9,23036649
0x74d754378a59Ab45d3E6CaC83f0b87E8E8719270,590318
0x74d85b145A1a1531fb527aDd04d41018E12df746,590318
0x74d869688005e6A9BBFf891DF6761CaFe4D847Cf,590318
0x74eb8d26df54cc0203d6b45b54b4e8acaffa930c,2666666
0x74ed8c3fff6617d514261e2b2a0ffd101d735eb8,23036649
0x74f2C36Cf91D3a19694AD59902c78804F6f99731,590318
0x74f2FeF5D1C24f8b7237740A507A97098615a0a6,590318
0x74f3584EECAc18d6eBfB8BFDE96c3e613c069828,590318
0x74f51d7325Ce8610b3498D8A79dB987487BBA1E7,590318
0x750558fC4411F9AE75078a54883062bBa35000f0,590318
0x750837FbE56BE0650EB4B66ae7Ca521CbaB9d21d,590318
0x75083975C88cfF9F8186551a28608E8A353116bB,590318
0x7508c5cDafa5CFaDff1642b8b2142A7f6EEE440b,590318
0x750A31fA07184CAf87b6Cce251d2F0D7928BADde,590318
0x750E9A7b449904f47B793B805dB469FA6e025E33,590318
0x7510279CF76645475868D56Cd0d3B15407A54309,590318
0x75110fB3A167CCdfb3A67840965dc22C50463d08,590318
0x7515fa96acafeaaa827303acd2a5c5d1c885023c,25703315
0x75185187F8bc82C35Ef902e76eB8510288190533,590318
0x751A398c5d2a19FA4c8428014Dc3A35E415061df,590318
0x7520fA62a33605BDBa82592CFB80AbaCA6610d30,590318
0x75255e715ff0C004C6C6e87D7Ae11d3aE2BbC152,590318
0x75256A46E98Eb0F9c4eefc197eb3DD88d559a771,590318
0x752579C6cB68f413EAA193478D984eF84773FD76,590318
0x752767b9adebeb4A756D5Bf031CDD8f226F62bF0,590318
0x752Dc6Bd7C3930DcbB3779f896db856253Cb39C1,590318
0x752d85814B3B1b787e35aE0edEB5591C3FD7Bd3E,590318
0x75399B821A5ffCb363AA570Dc3AcfD3edEe6CCFB,590318
0x75409Cda56C5DB767188802Ba03b2064A7d29Dae,590318
0x754F8C5df6Fb5bFc2b3001Fcbe4aC5797F2FE534,590318
0x75501fcA1b1abC96E2f0cD27a0204eDF9D797036,590318
0x7550981d3494634268375a335d7754734643C7Ec,590318
0x75548B3B7DE8A0964e82a44C428Fc3320d849099,590318
0x7558B9A644CcD3C815F7b717213Dff0B0a9b0f98,590318
0x7558be8A7A8B103cB0aBA7Ce54d83Dd5d70950C1,590318
0x755C01700b789465972F97912458f3FE41c58f1A,590318
0x755abB4943Ed9382fd4ACCe09821400927D7E4C8,590318
0x75640B1eB20E9473AD40Fcb600B016eefcAE2A7F,590318
0x75651F324c7F33007028076339A491865455049B,590318
0x7565DEdDCB83a14B185eb9520914bB918cDfE983,590318
0x7568aED2c1Bd63843a8eAFbdfF82eFf4E8251D06,590318
0x756cbf2fecaa904fe06f69ca4047a873484f6bdd,2666666
0x756e68F85226E17c2aD9A36F5f3c81f88A01B20D,590318
0x7570024267954B9B60422e78fb94adae92453983,590318
0x75701Dd580Df918B1d79c0a3567433571eE937FC,590318
0x757026eFA43363770df21bB71E3f25aB82C7B68B,590318
0x7571332656dC141D78F8971B0A1fE96e665090C1,590318
0x75749bE2cB9f4294B29C35E968B32C3cCD09088b,590318
0x757725E2c6d0cCCD6f201eA00C4685789eD980bb,590318
0x758091A94B7904d982ee5b6d85baE5ae4aFDe404,590318
0x75823f97980160aA9cEBe6989f4d27aECB13fC8B,590318
0x7582fDd324E2C9aD260aC9530f32D3606fa16ebd,590318
0x75832054440DbFB1DcE2CF0cc0e1Deaa1E3505Fa,590318
0x75832887Ea97c03E4FA547bc825C278d7627A1c5,590318
0x75895DEE1c1A5bB7E91c18af2625d343B52E9235,590318
0x7589639d0476D8829Fe603D4e79ae73B42292737,590318
0x758c6C2a4D60cB1064e2512f08bD2B39D41f2Bb4,590318
0x758d9A820f23Ab1E83889CE66887e30B46A7DD47,590318
0x758e83c114E36a28CA1f31C4d2ADB5Ec7c04C578,590318
0x75955Bc028a2d79458266BC3E8d15bd995f07312,590318
0x75976D4d18cD9dE80d6Ab1425163bA753df7969d,590318
0x75AbAB98205f02EB985994FF7d3A7e0f385A28c9,590318
0x75AbB60749999461B91E14ba4f73ce484a00a9C8,590318
0x75B54C449Ff46fa39e5F7101F40f682D71F2FD89,590318
0x75Be317bb910440FC56b415E8a535c3853F88bE2,590318
0x75C56081d3Fc8005bF4E03cd115AffA8c26D3aeF,590318
0x75C826D21481355AB75Cc02E267491c92232a878,590318
0x75D03979b3e151752293B1F36D5F039106095117,590318
0x75DB0d45ef0C90F06f8fd58875Cf5e6bA479082e,590318
0x75De1D16423d997F2883c5eD95984a9C86af095F,590318
0x75E698390F225568510DB5b56B34EA4C94AA3b9d,590318
0x75ECAacCa38C3518749bD21a1f93825df2e959A3,590318
0x75EDcCfa5F9D1F1571dDd0fdF02aF03a28fCb522,590318
0x75Fab1D2c6085c622e9d750B2ac66dAbE6315FE2,590318
0x75a6115BD53F25F23255707F9f4b0ae94CE03b34,590318
0x75a6115bd53f25f23255707f9f4b0ae94ce03b34,2666666
0x75aDA70E2792EC872B385540c710259c071dAc7A,590318
0x75b41F70D44eA9143AC7BF86924F966dF3b45c57,590318
0x75bae50999b1919948d5661E18165991e569a028,590318
0x75c241Aa74E13dC8eFa5B5f6bAD5a6b9Ad4Ae450,590318
0x75c4e30429c12c69f66F026A33f60e77Bd6AF068,590318
0x75c755ccA14f66e90d5187c56A6216C735236BA4,590318
0x75c9269f51bBeBA18A7e7cd1b2a5a883F4ffc077,590318
0x75cA59c8b6Ded32cC32F5DeB8066f50aaC37BCeA,590318
0x75cF8d888D163f9BEBDCCb57ae7Cbb831C470ad3,590318
0x75cf2b28f23ba8cfdf5aacfe137acc4e867b451c,2666666
0x75d4bdBf6593ed463e9625694272a0FF9a6D346F,590318
0x75d7eD6Fc04E7c2466b4794754F9c637Bf197c4B,590318
0x75dDEfAC8c42a11cAEf34C8Ab507fdc8C72007b9,590318
0x75de4ff4f0eab4a152c6772a6778750a1f0dc7e5,8000000
0x75e67414E2B14E1881c737b02da9FA2875D5A43a,590318
0x75f463F3967f94C85fa510F32B4B81C7d708F686,590318
0x75f57D5474DE096dca10078a58A47016216E7CA1,590318
0x75f58030c190bb4288f56100F0Ee49B6EEb4A134,590318
0x75f5F4f49f73697e9db5399Be4FF54564Ecf91fd,590318
0x75fb160bF71C80e7A942c7f755Ff0dAA69CeaB14,590318
0x75fc6c413F854685643DA0b8a49a927a4C69915D,590318
0x76003AB80f0441b3c26e3F0d63282a60e66ebDbf,590318
0x760105F66d34877c2Bc43c6681a0e40Ba2bd5A02,590318
0x7603dfDF0F3689BFC34484358e349380E37BC0AF,590318
0x76091C33C112cc4f3598eD058C59B98829Adbb11,590318
0x760e7B42c920c2a0FeB58DDD610c14A6Bdd2Ebea,590318
0x7612A94AafF7a552C373e3124654C1539a4486A8,590318
0x7619e2b608e1f5b032c7efc28dbe9a96d0dbd059,8000000
0x761A3d78ae9da76469857472161273EdF40c1a02,590318
0x761C6EcBB6e705a2Bd71cE9Ef6Fe21B57D69c591,590318
0x761a5777031cf6cea24F6e51F620636e28b3d6b2,590318
0x761be005c52ac3c82587bd99374d6973d1f4fdce,8000000
0x761dE32E92408F751d95DFd9B1adcceD970f49C6,590318
0x7621b711506aB43A2C27F3B353DC133c9Db52d46,590318
0x762229E03aC76D5df17447EeF0c3e5caf60D9709,590318
0x76222Cb4A24c2E1f8e922899014f27025C4CF3a0,590318
0x7624Ff758352706056Ab4Cc2b5222594Bd66A6cA,590318
0x762Fb73D84cD72E1a7564e558Aa4C5C66d4A7dB4,590318
0x762b052E2bf3d8c81203654d026A047e2D0b4f15,590318
0x762cB991fa0A274999EbA2150778C0EFD45f6E4A,590318
0x762eF7BcdE00C7cD3b27545480aCA47566768354,590318
0x762f7C8A4f41990AAB6cDeDF3B29398cb9D28e20,590318
0x763743B080111B5071145C659F83B8cDbb2293B5,590318
0x7638c71700f18730b46646937ca5a6149429fb78,2666666
0x763Dc2A2b9243124ce6bC6c460cdEFAF69a89773,590318
0x763F1048cBF05b4d0570D86AeebaaF672307db52,590318
0x763a192af111c8be7918281275e8db9fd99a1b33,23036649
0x7646a482a615949e7010BABE41941f642e6c2e2D,590318
0x764E427020Ad72624075c61260192C6E486D15a5,590318
0x7674586111ec6327C54FcDE0bCfaF43384E1FC7e,590318
0x7675d60f1512Eb6740409757C66400dE8B335421,590318
0x767694aaA269984a505124F4A29013B09D71D18a,590318
0x7676A43aa7ede2B01a831842c1cCC2450FE66aEB,590318
0x767904fc30fe7A634AB3c2b27c9a3eEE8fB218b9,590318
0x767973EAF3CFF050Dec265864A5467ae64F5a5E4,590318
0x767Da4E1d6CD7e3826b9A56f0aF03EC6e7d432Ca,590318
0x767F64298160ac93DDC8B508378092D0547b3376,590318
0x767ee3a8186846048e85fd78b09b27cdaa6d3a3d,23036649
0x76830fe613B1DAf483FB05f306B78674E1843A69,590318
0x76903B8CDc15357543C2ed7cB411C2Bb69e929ad,590318
0x769380D02Ec0f022B610a907abdd090DB23c46F3,590318
0x7695fd6Cba4E4286435DD7B693Ae2C4FC473a3dd,590318
0x769880DcD8EE9989275b5cD06cc87C55CF10a94f,590318
0x76AD1d76cF160F31fD3329AE35AC15c3838C67F3,590318
0x76AEb3C8c96D10b7C6eDEf981486f0C8933c40D1,590318
0x76AeBC62ADeb86Aa76C7484bF9B9498FF6e0a05F,590318
0x76B687cF4E5a4e73Fa3950D6cC642bCC64e40B88,590318
0x76BfF302fc1f70B9C16264D553e36173e6678599,590318
0x76CCc6562c377d08A0707452786063d2497a2e41,590318
0x76DB02500F7631d57BC2DcDCa9d4cf782b99E119,590318
0x76Da9F88e63a85Ba8BFA19F3821D5A271753D3dc,590318
0x76DeE34e554Ec1377310bf97ccc8A8BD2f2Cddd5,590318
0x76Df465183e68062b27e2dCd05194De8a657fa24,590318
0x76E033541e156F7baFF9279c61De182Ea1B9c275,590318
0x76E18800Eb8DA93E438eA12D49aebD9b4487de1B,590318
0x76E9EB9e6EA511A56D5625014c8a1708Bea49419,590318
0x76E9c1cD3e21f9A0850D9C91A3096E22E9c66b3d,590318
0x76F1815b6BBfb7105aE04fdcBFca1E6bE47ACb93,590318
0x76F3d84f791237179b5A12bd6eECA082C3d80a65,590318
0x76F65188E0eBEA02Faa42bBc026ad31AB9675575,590318
0x76F845a44F3D3cDcA80CDA816dbf3F25AF1b891d,590318
0x76a96f96255A7984dA77Cf36544F9206dF730fb2,590318
0x76aa323F83d403AE70373C25c9a1D7561DB8677d,590318
0x76ab1989cdb79a32e331534ab50433e0bb1488d2,2666666
0x76add8b76C0f2E2177e9Cd7694b5408c3dc99F0F,590318
0x76ae1c6be521e1e9b75f686619bcdf52a7af60c0,2666666
0x76b1D5DBDAf08fA1BB59799F7cd313eEE02dFf98,590318
0x76b7F7f0e0a0933270659180E590D500f3fE1b85,590318
0x76b95cC92289c98514F0513d41247d0dEF23Ca4f,590318
0x76ba2b462E2F24903fF47E9e7F5869c3c592ef6b,590318
0x76c03A4Ae5FBCC45AF9C0Ca48A8535B5BA3bD470,590318
0x76c96af307b1121d9255fb52f925778393fc7340,25703315
0x76ccEB9e8d0eBDCC1185750C3AF435dEc381b8Bb,590318
0x76d4A7b8E78cb37d76623F41e1f57a506F604641,590318
0x76d97c37315865ce7d6a55e2c8079f0b416a5e4f,2666666
0x76dd6ad9cb3d1288f4f288c9060841267ea62889,2666666
0x76e87FD7AbC2c51419E7fA5E04229b7D59f76b90,590318
0x76fEEe7eCE6D12993d8269646894845dffc1Fb44,590318
0x76feC08cF59488F8eC217ca97C30b9143ed09a1D,590318
0x7705d8798a8F2069c966C85ede7588c4C9340349,590318
0x77061b517F98E6e71757F45A8739741C6C9605b8,590318
0x77072e165bD34A845EEEe878d64cdD295ea03B75,590318
0x7707fa7b4f6a34b7f2b4fb3d439a71f8ff8b3760,23036649
0x770e6d127e8a9009c6e2d87b740f6f388feb058e,23036649
0x77104DA0F21b02a493D4314461ECb1669389447d,590318
0x7711A9a7Da504edF800Fe80f7E52A3aA33DAD07a,590318
0x7712350e98669e6505cfd67148a8f4b2940eb83f,2666666
0x77125b18ddd44603ad721aa7e67a77c6ed024a02,8000000
0x771668d5cA9f328073035B848eD62b96829d992D,590318
0x7717275dE7E38EC247b0426aC4fcB22903b7bbCF,590318
0x771C3994d0F838eb7A163513B1F41f8417458f28,590318
0x771a3A8Ee44eF742252477e75017f2d98Bf04C8F,590318
0x7720B4bD07aD1f43F5361400f59A1A7b2A2A8fdc,590318
0x7721F140C2968D5C639A9B40a1e6CA48a9b7c41D,590318
0x77238364D63Ba994A76Ed56a0fBF5C9F9f03dd17,590318
0x77245204f38be1a0554cb430bb3bd6747b80c162,2666666
0x772714aD08abcbF14a612e096Ee60986b5b5E481,590318
0x77375A8c9d13bf79Afb2a87f1B0ac1dFd5F5Bf66,590318
0x77385E078d1252Bc46a80cC23423edbAD4EF821c,590318
0x7738874Ed14bAea6971Bc955103e63f4661ca331,590318
0x773b4558c889F56D62bC19491c8c008B1D2AEb91,590318
0x773e6f42a770ebe63dd66cccfcac51fc1d94d787,23036649
0x7742253C1F89D1193A1fEEEf152bad0FD3bb0C6C,590318
0x774237c2a8Fd84c0D4D2C97cB03D3B6C87cB0431,590318
0x77435010F5E34E2Fa04f5Ce7D49e57A8BD8de4Fe,590318
0x774F2096804c8B8a986f251E4b58585F39AaE372,590318
0x774f44b649e5B94b8eB4EE35b2D6f0f5794A29a7,590318
0x7754aFB5e0a40fa0BB7daAacdBAEa27B2E7E1De1,590318
0x775C4B0f9f13fc32548B060ab4bf5eff44B08348,590318
0x7762A13Fa0Ec59eB3C444014CE7cAEEdF033B049,590318
0x7763BA84F29aEd3b290d03C597e40fF001821629,590318
0x7767E3720Fde3166E857dF331D518103C592C60C,590318
0x77693Ff03FD85F9181E5e577b8CABfdDaC00880A,590318
0x7771f9FaD38008d54E251d4D5568d8e6df92e57e,590318
0x77777c95fbF451FDDB45AAEFfa9f100089951337,590318
0x7779756dC9F66a5F769f34bF0918d6c180783bd7,590318
0x777a1A357E26A8889D4A2421FF41a2B33E73ac8d,590318
0x77825D831F36c897326Cf4a56A2556f8554CFEf4,590318
0x77882F13975aE3C861F473D6188F0aC625a62614,590318
0x778d0b6ecf1281d4e2C9615F44baC68A9695fa54,590318
0x779067b703f7cf8480191F00259EcA8dbDb5CFa3,590318
0x7790fea5a9cf5ba50895f2cafa77eca7de017aee,2666666
0x77921beab8a9e172ee577c5a2ff3d49383e7c2be,8000000
0x77939400e40ae5a89695a5b0AB741025fcE75AFD,590318
0x77A4567e718d4E1c07EC03711caaFf45E13F9015,590318
0x77BCF931B9FDC0fd73eEe670fD8404B72c631540,590318
0x77BFeCac1D1Eb046D8a75C1D4cdABe267180646c,590318
0x77Bb41b3a80982E19daAe2CFE94403AfCc613489,590318
0x77C838915Da2F65A921c589781ace23915Ae6cEA,590318
0x77CAA067bB802f01B60c5d94AaBC9eC6838C16e3,590318
0x77CeFA0233B53C088Ebb30558D2683Bec2ce223E,590318
0x77D13b0de85FDAfc12597E075E30b06Cb6C70564,590318
0x77D8b4357EbCC9eb09826Cd0bbA2de92231bc00A,590318
0x77DCB767ae72d6aff6B8C20c2a76C6f66A5Cb46c,590318
0x77DFC7a3C57fB5f8D7a489B402BC970992318622,590318
0x77E39267e87fDD02D62d831708b7E1152710397c,590318
0x77E978Ec1f2841Eed3239bE68fcDc82B4D13F021,590318
0x77EC040154583286586E88BD53de4d466f72514F,590318
0x77F1C07D929dd647c8614cDA248477481cc1b020,590318
0x77F45203b5AaA93bC78f1d355c69AA991a57Ca6d,590318
0x77F528715c392509aaBBE8128761416df2879caA,590318
0x77FcA80bEB68B3CFa67DeFe4F56aBed3e7e3E2f5,590318
0x77a07474a45267bcc367026166be779fe4392d38,2666666
0x77a219f5f2d3209750297bfccffd7df64bf9a016,8000000
0x77a6C7F96C4A76070C8EC466D1d32C7992B4813A,590318
0x77ac3958148da0f36bb15216cb8f65460811dc7f,2666666
0x77b34f5E620e8Cfd1839b245beAADd27ae3A25FB,590318
0x77b3dA73472f6c6F39803048b8546392e3935CFF,590318
0x77b3e419f9DDa0Bc1Bbe6B847E23E48bf116eCc7,590318
0x77bea061c78f489f46e7511b065354ae8113c855,2666666
0x77c76d898fcb48aa88b646d9f4cdb86f44790c28,25703315
0x77c7b30bB5387820DBb6873306Dfc8d9858c36F5,590318
0x77d059c2b67eeba64d46c6c630ee38a878885f99,23036649
0x77d14f9833816876a3515431e0c697385f5426c6,2666666
0x77d8fDFdFCc09889579F2FD3B8Ef3Ee2dE716a51,590318
0x77e7de4A0ABd2293Ddf3ca4980c05775c6c7D617,590318
0x77e9c9227e9e89ea9739604772555b6f0599a10c,8000000
0x77f2Dc5d302e71Ab6645622FAB27123E52e3e035,590318
0x77fa1eE96A92A4F5a64e53Abf906Fbc00d9A788E,590318
0x780B6b1a935e52B41FE895236073D254f189F3dd,590318
0x78148676dc5f3Ba6213E124FeA5d65899a86b17E,590318
0x78179ac91de472d3b37600fd82978565cc95b4c7,2666666
0x7818E2d40cc8195C0bFa7D2AF44548e2038091aC,590318
0x781F939973ee299A187529FD0b7FEe5f9Fa9bC67,590318
0x7822159ee394D14745Cde63a706F965fB73c7Ac8,590318
0x7839E2F2c375Dd2935193f2736167514Efff9916,590318
0x783d8e78007fef7e3d2fa462273239a513cbe349,23036649
0x78463be6a13d28f11db5df3bd0bc619483ec41b5,8000000
0x784ef860a461eb44fe3717bf5403ac0aa24e4e9a,8000000
0x784f65CEB819372c35248b40787F12b165CC9Acc,590318
0x7850306EddE8EEf85e4e32cbf052187dD7B4c5F6,590318
0x78511F3130943d431294705f6040A52911864F06,590318
0x78520Ddb65486E81BFfB624682F7b0a7f9084a2B,590318
0x785354Ea5E52173EBaAD7F3852D47431b45f2FfF,590318
0x7854ae56c8D95a0167e4B13811740b57c0779f9D,590318
0x7856627eb001fC76F35239419919525C79751688,590318
0x785EAF018c3E9Ac5D38D7781929DaabD3976e81f,590318
0x7861C7620ef6FE2e409d5691433716045d5b584D,590318
0x7866e70533A52BbDff6D9798e66e23da00baD73c,590318
0x786FeFEcf01479f665FD67d45160e84089c70403,590318
0x786b64a6f32fdcc2e03b66f812d7330a39ee27a6,2666666
0x7872bbeA9Fff3e43F647606a519Be86E9f83676e,590318
0x7872bbea9fff3e43f647606a519be86e9f83676e,2666666
0x7876f6AF2aBC7A3dd0e31683Ee4dFe694E8729c2,590318
0x787cC2dd552FdDf1588c77F7a9A211a7a6E2Dcd7,590318
0x787eB27CD753e4001641227F3c516C52A35A41C7,590318
0x78834238C8F4CA04c73256D221cd6a1d29b9A81c,590318
0x78853Cdf98889D771Db255DBeCad4889daA47bfB,590318
0x78898E750E83111D955bC39217b6ec2e36c388B7,590318
0x7894Bb4cd20E08c2ec1895968dD0B3d97EDCa5F7,590318
0x789BB3EE653bAedC5dD5f504793E8b77f683E520,590318
0x78Aa8eE4D1dBc3976eD1b2d2D33bC653423CEdc2,590318
0x78B2De47FE499e0a6f7A67DBF965B8Ec765D2D9d,590318
0x78B332c2AC94D5B2045fCdCd1a41B96Ae0A216cA,590318
0x78BaB5bE398b278CfAD317e915475E3996A5B539,590318
0x78Bd805379C006101f759E0c07F704f8E9a4Da25,590318
0x78D0CA8fDbBE5233f51FB9185D5E92f4B4F0867d,590318
0x78D3b8076962c398138C59406C6E583fA92024f6,590318
0x78D61E923CB81698CDa966bEb77859e747d324Eb,590318
0x78E36e51814796D499F8C940f99A098E1f439a9F,590318
0x78E72E8C9ff1D82e2a81f5d6166DB2cE0FAdF97B,590318
0x78E98027D667aa538A0738BFDBAFa9aCBDc4927D,590318
0x78F5164a4427F2C91950eFe80A4921896b07E755,590318
0x78F6f07025c2D81110edBb23Fd836E2a17122341,590318
0x78FFefAb225e3177CB83f5B51C4FF1b58ba48683,590318
0x78Fc0a57c4f488c96a5Ae017623f00Bf2B86eb8c,590318
0x78aA6328eaE8028A089C35D2819f79C78DE2a7E5,590318
0x78b1a0f58bC09C02C9b331eF3d21B9BD71720F8b,590318
0x78b1fef3ba201b21fa02e11f523ff3d68ee3cf65,2666666
0x78c0d40831c5ba5666696cc30090f2697ab5b57e,2666666
0x78d78761030Fd938006fe9123e190Ab8F9E1fb8c,590318
0x78e07DF0E361dDAE634515334Cc4A16ACDCC1e36,590318
0x78e90B46Ee542441e9FDcD1E072C3BC962fbd62d,590318
0x78fcdaf3315b1f5773c1867caf662001e45d24f8,23036649
0x7904b5bda9daf4c0b76bbb0a98bc66cb93d98813,2666666
0x7906d324657131A01Fc75EF3E018A265F0f17553,590318
0x79095c3c17313ECc20236B23f3fe4E35C28E29b5,590318
0x7911670881A81F8410d06053d7B3c237cE77b9B4,590318
0x7913Ef1B288d3eF4D72c4EAa183dc64a2F81B6d0,590318
0x7917c4f9923178fc9d196163f58abd19f6d5b802,2666666
0x791903B08B9c23cD911C25fD6A97CEAc4ED70866,590318
0x7922598ffc4c0c6afe1b12bc93349d11150e57d6,8000000
0x792B37c2244ECc0bc18aD193498f17B27EfAe7d9,590318
0x792eDb670693216b52d9d558C1b40Ae93d607056,590318
0x793014B7852233312f061F23729EE7542371288F,590318
0x793216EC59d68E928a8C32bD17992909D67510e5,590318
0x793273b456bdCe672238f3FEE3ca54b2748e6BbF,590318
0x793357a7e6A678c378d9544E8201290571A37546,590318
0x7933591c365B61e15BB163E0B9be2BD9529faC36,590318
0x793491fe4A7b25EEE0065e484A52C7A0dfd8C0d9,590318
0x79373AE50217803E3534D0BC49D864d09D42D62c,590318
0x7939be3bF02F901dd9831Af7396D3e36191033f6,590318
0x79400E65009ef0703bE28Fe6AB259D8D97eEDBcd,590318
0x79488a7a6a9b062ed3c34ec2a4fbc96912c40fad,23036649
0x794a607cbB3d168bf2Fdc40497DDEcf71cf76EC8,590318
0x794c94f1b5E455c1dBA27BB28C6085dB0FE544F9,590318
0x794f94e19637Da5b607FB436b5358EC64BA93CE9,590318
0x795050DeCc0322567C4f0098209d4eDC5a69b9D0,590318
0x79579C650a37A56063188EB75E2A274C587b1D43,590318
0x795C8727be7C64c6f3057ed75C44fAfA56c4826B,590318
0x795fE6F884eB7599abfa814aea3Cb8d0B3CC47c2,590318
0x7963562555556a7A801e8F56452D4E60DDC74964,590318
0x796479653b76b1bf3b4d3fb37A34B9F180cd4F6b,590318
0x79653d4A9779cF593d1f3E04629066d01e80d754,590318
0x79688d81c318AEaf0fDA6A667aF6aeab102cFc23,590318
0x7969434e63fa5fd13445c2c770f10c9e45ebc2d9,2666666
0x796ae2dD6911585b2427305A43238D4c2c67a841,590318
0x796d774d025Ed77cd6Ac61f63beC6E5b1024c14A,590318
0x79714d34A44AfecCB03BCAf5361b229734104aE1,590318
0x7971e007A4E4D4dc1F8380f5d91d3F52B5e53461,590318
0x79789FeA728A0620ac6348C36E53dF5cA76465Ab,590318
0x7979DBB8001e49561DdA0D9731D86250F71D8014,590318
0x797DD8B5dA7a10BF6e6534D549A9c256F8F4f0AB,590318
0x797cdcf995c8a2ede5db607083bf1eec0f59ce2c,8000000
0x797eF74d45DaAEbD7ad0567E4b1BB5a03F51b31d,590318
0x7980Af1494b801895C45B84533596F3F58df152F,590318
0x7980af1494b801895c45b84533596f3f58df152f,2666666
0x7982cbf39d9890d5d32ed62e4343755b4ddc622e,8000000
0x798349E06c67272465123B91bd88C5d19b8c7878,590318
0x7985c454356e83c0cF6215896689146b7cf078Eb,590318
0x79865FdFEb8006e0D1D23964F0C092f6F1e968D5,590318
0x7989977274734b3E54892E65351ec9620fC0bF5D,590318
0x798e3e20B5A8a416a32654470d51C6627afEb7b4,590318
0x798e667ec7f4197367ed757782d9424e1478e4b1,2666666
0x7999A651DDc571F0a178C100c61AC17882cC4e61,590318
0x799D99103868Cda7422995AcCEB36Df2CA646a38,590318
0x79A1C1f62a8Cec49438481b27915B3e4A98d718D,590318
0x79A2fc24164AdF7A2F0ee2091C5FFd607780699b,590318
0x79Ac17c50ed5b1330C130036328260060c7b5a3c,590318
0x79B94C17d8178689Df8d10754d7e4A1Bb3D49bc1,590318
0x79Bdda65C706CBdA69C0AD4C8da1d3e91724f48D,590318
0x79C26b3468Fea1cA206c918758d978cA9079BD39,590318
0x79C5C58A140374423d8399233458d0B1F1CA9aE1,590318
0x79D87eB8613949602211C68308DBAe8C8d4F9465,590318
0x79DA72c3c7e8fDB8bfF767B4664d70e5771dB686,590318
0x79F095C916aBF6861333939B44453D1f4DB4134c,590318
0x79a2a0153974736B7F018B0859300341AD5f207A,590318
0x79a54aFAb69Cb79ce16BcB14375b979A0Ce78853,590318
0x79a8aEF4683c9c29ddC405E29D37127B7B3c85a8,590318
0x79a94077AC9fF31A9E728A25Bf9A549AfFeA1632,590318
0x79b109b170c2e99a6bde7a74725e4902235bd211,2666666
0x79b1A32EC97537486E75d99850BD56ECfA09D643,590318
0x79bA5fff99F83783e24071754cEcE5d4aDE2867B,590318
0x79ca53d470b8c98aaa1716b07b4b96b4754704da,2666666
0x79d1E7F1A6E0Bbb3278a9d2B782e3A8983444cb6,590318
0x79d4e12f386DfCBdC0EB8044c8dD1AFF58bd3f66,590318
0x79d9F3A219a730659D0c3f5bb0CD2085F2E9D79B,590318
0x79e088164715b51dbF9d0e12ABF5b24d01495668,590318
0x79e1AB3965b972Db8de5817ab034B612DD121EF5,590318
0x79e2514aAc65d0359849b093C089756FC101B3Be,590318
0x79e494897199664726a8E9b6a7be3b49a42E0fcA,590318
0x79eb2260d4f9d5c5931215513abf3c4616c2bb56,25703315
0x79eeBa75e703d44c62D4cc22f59343592B0DE499,590318
0x79f94c67FD97E610b309070a82D9f2b0370A0b9e,590318
0x7A00b3CF8B76abF6296c36eD4Bc843f72148a75E,590318
0x7A23e1d19430b99e9D8b6aB0124f04755A357E98,590318
0x7A243F31000B1093a9386d41747f8199A4BC811C,590318
0x7A253b7C1A7eB78fcbB7629AFDf1e779dFED16BB,590318
0x7A2D058959D01aBF5433383eEf9DD8eEB3e83211,590318
0x7A2cae0B7A1Bb6617b226f9aEF65401d08CF5721,590318
0x7A3730dEC10aA8239a04fC3905d6938697cB464A,590318
0x7A3B759493773c0d05ef6d13F88C703EB5E5567b,590318
0x7A401eB65071f7cB04942A14906f96355C9eb991,590318
0x7A40eFE4710d361723d0685aAE44709334CfE3a4,590318
0x7A498e3a3f42a07D38d235df58a47c21A200c2B9,590318
0x7A5116FBaa4De7b46604519ff326fcF6c58f1b8b,590318
0x7A5576ab95a74E56192DFa064ab8d7C730F81dF2,590318
0x7A6D5fC57F6906F337C48fE2763C3a501304F79C,590318
0x7A6f38594496617f61F8358912f4ea69Fe33d02f,590318
0x7A749c38f16388085E3e2356D7A074f18117d780,590318
0x7A8a6Ff19320F31F9aA731B3b2C87721066D88b6,590318
0x7A90deA4435a43c6bE07cDcE180DbCbe5B49d456,590318
0x7A9287178CAB99B0666359e146450DE21b855e83,590318
0x7A94342FC568E6E057C082765b81f4E3F16640D7,590318
0x7A97484F57D98a62B0195D79b9600624744dE59C,590318
0x7A9f3a0C7229f9EB5dCddc503E604fFC204F4350,590318
0x7AAEF88ea7a7D10dfE3c31a8F9feB31f21D91EE3,590318
0x7AAbE36b5BB5d2b8c2e24AB3A3d854D3302B7678,590318
0x7ABe677693614036ceA414a4b18F1b902CD677E5,590318
0x7AD623e4e211bbDe6FC6a34D4A5aC3a8F9E9fA68,590318
0x7AD8fE95bB449a6B552189c8c7694f91b46F3b33,590318
0x7AE2775BfF644668df620F234042Ed42E168224D,590318
0x7AE5535627065f642388c407A68e93Dcfe759C07,590318
0x7AFFb749963497675Ab596fFd4fc7383BAeE90d0,590318
0x7Aa335Dd4B35A47E4ac23E6B9201893665c3c12d,590318
0x7Aa6Be145AA7439EA43DB25eF706b531787ab1b2,590318
0x7Ab1061Cdc68135Eb8331D7586082Efe3f2CCbe0,590318
0x7Aba73E2EEa6F5E0415EC0a284cb979803dACE27,590318
0x7Af26550EC3ec7316Ae6593B3A773330E50440ed,590318
0x7B0472DC0094AADf50943541Abb10c7D96221e65,590318
0x7B0eFFE8Ce10A092C7c6f73f9F82cf01Ffa814Db,590318
0x7B1A8Dd95356a59C47a58B7d65800De62Bb9d5c5,590318
0x7B2592a8886B7503e74cF2FaE2161958230DE6A6,590318
0x7B2f7Fd2D7ABF0a969E48B71E1B024F0dBbd4691,590318
0x7B323cE009b48BDB1112e03d565b09D4536CC269,590318
0x7B3C26e2F2eb7Ff5050bF77C8C0ed435D8E7bcB5,590318
0x7B3F3EE9E99692cbe64DCeb523a9b19e33b48948,590318
0x7B429121a8A1569b882e6c571d6C4c0fB408c578,590318
0x7B42A219Bb14d0719757a391D7cC6AA7F371E144,590318
0x7B4896d77759e76f8b91e231bF56A771565e2963,590318
0x7B4d92Ba4e14bAe7a5e2C92117eD86E40c0DFaaD,590318
0x7B58C8217109a64C77B205bC49222d41b56c6E8e,590318
0x7B640407513Bc16167ef3450FD6339803982e976,590318
0x7B6a67d3aEa4936b1EE62B1ed032f7f43f830a4a,590318
0x7B712445747A43ec7d52C2E02cAb70a42384a991,590318
0x7B75BC70b928472856047FDEf0D08D5B5816AEFD,590318
0x7B7736a2C07C4332FfaD45a039d2117aE15e3f66,590318
0x7B82b14989E8E9B4022aE4883e7b42B2df83bf9d,590318
0x7B889732E8681377785ff8AE0C8cF2451EE78473,590318
0x7B8a0d37738ad92d8093a4fde16A5F9F451e81D2,590318
0x7BC8556F9DC059fdA073F167861fB81eb5d8B0ff,590318
0x7BD68aFa4EaBEa5F72f1E523257Dcb6DB5de6FCd,590318
0x7BDe12dec63F3a71C9Db6787d04a15402d7f8DeB,590318
0x7BE09e322762398B2072A61cDD2D9b81f70a9d23,590318
0x7BE93D4CebABDE8b2D5A2B841a423A478B22f469,590318
0x7BF6B08C66f0B576Ed6e338896e8Ff06A5674dFE,590318
0x7BFEe91193d9Df2Ac0bFe90191D40F23c773C060,590318
0x7Baae4eab0e08eBb47F0B39acd77e390d4F321cF,590318
0x7Bb3Db8429059684Bf2cEb01861E6438B4b99FC0,590318
0x7Bb7f0860d691c6fD64BD228d0c4CD5c639d4C42,590318
0x7Bc400f81bFf8Ec83C53Ae245f181E68964fd97A,590318
0x7Bd61A8E51B7783fc1700a2a9CbB5cb97258bc0a,590318
0x7C00c9F0E7AeD440c0C730a9bD9Ee4F49de20D5C,590318
0x7C0326e5f2697D57772456dC2F51C6CC22F499B0,590318
0x7C04786F04c522ca664Bb8b6804E0d182eec505F,590318
0x7C06dffF18FD9337b47Ca79C22fD793fe06310ef,590318
0x7C0804481D3bd6C28Ef15256DF92BdCceA2bc0fd,590318
0x7C0D681098a9d46Bd34637870C3afa4bfC9EC720,590318
0x7C1b9300C06cf0794B35B59bc480bdc4111cc371,590318
0x7C2a757AF89a2e0D8b6590eBfA279561596a9c5d,590318
0x7C39Cc68b54d1947eAc5BB374000B4dbFf657f2D,590318
0x7C46591619e1445258EBfA51aaB144f3056fF58E,590318
0x7C4D298FF07153bc7a47deE05B9dFd61e35ef342,590318
0x7C4a24c5b1c0eBa323aC796b841708ca4f79Feb1,590318
0x7C558b947df8F9D7707dcD7EE2d98ac0EaDddc50,590318
0x7C5Cc11a6bA283CEa00FD8D8cF56C68a9074d809,590318
0x7C64fED307a2c69b5976435B864df46424550B62,590318
0x7C6553933A471b43cE3a76A02245c5162C82522c,590318
0x7C6D236D3cb169A2Fb63D40397b2e0f109aE55A5,590318
0x7C789e1D8FfdC3ff47C84b8045af20F5Fe0CDcC6,590318
0x7C7CA64BB9DD4B480361d24a3E0CE2aFd5e8Be36,590318
0x7C7dA9F7988a0143accC25C465d6C23Cfd3e3e95,590318
0x7C85D190bBa6bF84Cf04C5ebaE14177772fCdcdA,590318
0x7C930969FCF3e5a5c78bcF2e1cefda3f53E3C8FD,590318
0x7C9976116d7d65cfE84580FEdBB2D96A0C6434C6,590318
0x7CBba07e31Dc7b12bB69a1209C5B11A8aC50acf5,590318
0x7CD6B60EC355Edb61fCd8f2C00C7dF8Ee93Ab2d4,590318
0x7CD9F95E4E4D985428D4f206288928a36869B7D3,590318
0x7CFC30C7d9696D2160A9f9001F18a4A0e8DC5A80,590318
0x7CFe7fa1509e6D2b45065fC24e03311a87959c0B,590318
0x7Cb6f407BeaE89BBF540693a5bd3b8DD38793699,590318
0x7CbD34f7F522962c20564792F81DDff0aBE393D4,590318
0x7CbFC45CeB7400FF9A50360a8ff9646417590350,590318
0x7CcF109b7833F038FE3aC0e257dF6e8886a15b5C,590318
0x7Ce1fbEc99e22fb712c2a3F4C25F2185B518A13c,590318
0x7D01E56157bbE639e3CeA24679db0c5D34eB3040,590318
0x7D01cB27Dbf7d0568be705548f0b9f1A4e1867a0,590318
0x7D0Edab020275AE315336a9D7d49fA2f783537aa,590318
0x7D0a393c746831598eb418a004Ba38d987D2a831,590318
0x7D0d6421e08B3F9A5172005487cfFb146AeB86d6,590318
0x7D1dF02FD0Ca07a2483c9F1e2D3528C1A631b3cF,590318
0x7D4E2CEbbf9702B000a72A8f3614ADDCF5389C21,590318
0x7D5451e9fbC2272E019426E952Bd6C249a602065,590318
0x7D5C028E66E5F936F3b80ea09e94EF2279b7F468,590318
0x7D5fa69CBFC86fbB45c208b3B872924a8Ff2B369,590318
0x7D6863D93E9b42Ff3584b252f8e41d0F1bD56286,590318
0x7D79Bd0E4B3dC90665A3ed30Aa6C6c06c89D224E,590318
0x7D7B8C8EA0A0AB66aB74F606035F253c6Ab48B50,590318
0x7D95d724C44675526383Ef0c69b2745e251Fd58B,590318
0x7D9bEcEb867cB299dC6734B8dAaF4b13D0f572f3,590318
0x7DA85A334e43A6b1C2C0dA9623409d9ee9047747,590318
0x7DB8B87D9A9F7375A80104ca2c93B03b186BD965,590318
0x7DBC4d117e252E7f411a07302B4c28E218A09Af8,590318
0x7DC02fe365b7BF6BAEfB9Db492a27d8509C87F95,590318
0x7DC30156Dce3C6E909A9f5E5FD56AEc936361209,590318
0x7DC672d53199C6635e55168F8df7930b87134c85,590318
0x7DD4656e3F7DB39D609207CA0c9b833600d7C8Da,590318
0x7DD75F3C7016Dd27AEEB29470ae997E8E60F6734,590318
0x7DE72BA2ce33a101b225Dd8119c8216267aEFEc6,590318
0x7DECf7a31168778f311c57B9a948aBaa7321001E,590318
0x7DF96B926f4e321a2358Bb8D9EcaBa88FE7Ff9d5,590318
0x7Da5BFA7d11D2176EF696F83f658aB21575189B3,590318
0x7Db7f636EB50ab2734B587a4EB0EE3E8E75d5254,590318
0x7Dcb39fe010A205f16ee3249F04b24d74C4f44F1,590318
0x7Dcdcd66112A429B9FaB8875abC37E8fA405D524,590318
0x7De2d705da4A1544F42ebA75383837A7428237d6,590318
0x7Df0d2AEb644Ca30418C65982ca5b253aa6b4659,590318
0x7Df44275c30465F1d078c43bC687c89f97C89d16,590318
0x7Dff0c0715838CC01FDD673d3aF5631869560844,590318
0x7E094999a14B95471D80758eD389A47AC6CF2f56,590318
0x7E09A0639b8397D3C00d3def973b5dBB8D729292,590318
0x7E0B572B54602d9766488bB673A1c804E5FB7644,590318
0x7E17d38244ad3BbF73c7D2FE98156C50c2509137,590318
0x7E33fe090A642aC7B8C08E1B5a506B5983667476,590318
0x7E3c42c716d728FF28ad985546D425cb4C960c50,590318
0x7E41E492351e46ce82dfD0d373E6e519a02F9a69,590318
0x7E44a4B5aDAf8654e822dFa666FfA3C12722bFbb,590318
0x7E4E766d0aE5ea9cDED0c694669194Db92800107,590318
0x7E4a82326dCb5f40851Dcf67b145a3ee68Fb1d19,590318
0x7E5813a811382a5e4a9800a63388Bf2cAb019285,590318
0x7E5c9274251Db82088C24C1f58Ca85176d110527,590318
0x7E6601A0Cb2B5aE129c09661846a053ea07223Fb,590318
0x7E73aFb24ec2F06514f32af4Cd41C3278ea455BF,590318
0x7E748f02De671a7575536d30970A337F775b2B7A,590318
0x7E7FC926e6a7044db6B15538137dC113a1657Fd5,590318
0x7E7ac2B250F089f17B370B05e5BEC07be57d0a3d,590318
0x7E90f06884C378DB409BD9Dc64E198e6E79D783d,590318
0x7E9247a051f49ee2D814299C57550f3d988CDd8A,590318
0x7E926D7f4B9361F1a553F8eb54321092930EF401,590318
0x7E9631b460DE70F5b089594C4aC83Ce7026cd0B2,590318
0x7E99611Cf208CB097497a59b3FB7Cb4dFd115Ea9,590318
0x7EAb877667fca8825E518D5Ec8A699721aE93a85,590318
0x7EC04F31de38c699E24d0E628517136731d42fD1,590318
0x7ED1DfEc466845F0AE64f6bF5A6fF9B01528AcbE,590318
0x7EEA3cA0aA30b654eFC6bD9500C9E233c9e3FCe5,590318
0x7EF43B46CC6e1bA8489F8fe75ffC0e92dE6ed420,590318
0x7EFC8c659FA1EBAF8fa11c35Ba55E5a0A88e8350,590318
0x7EFcD07DC6012478BF8218e9c81bCAb71C0b0477,590318
0x7Ea90AF38397575A372e36bDc0F5970fB512FC7f,590318
0x7EcE86E120c16bCDFaa4b894A4DB4eb6b3DEfb33,590318
0x7EdD9E86e048939BA292c34F0F760E298502ADc2,590318
0x7Ee8fD43698A51053Cd9729B29Cbd90aB68fBC6C,590318
0x7F164FdF8E4775a3503d895064567aB1e6a65636,590318
0x7F188b62915A7a18d08f0cf94078Ed3D6b157B0C,590318
0x7F1CD22F3E8DfaC287cB6b1D29a4D28ECB797b9c,590318
0x7F2466ae8bADee7Dc0109Edd0b6Dde08C432236c,590318
0x7F24694b8EC2e8Bd71828B851891F74ba66298A0,590318
0x7F2e54d53258Dc45b8581f11F924075146608D19,590318
0x7F310c961b2C695A418DE85Ee5B18DA2D96493Eb,590318
0x7F37585cCd86391EA879FABcB6a5b4811e0EC19d,590318
0x7F3Ac8949e3d481f5979951019C7824968DFC908,590318
0x7F49da2f331C1D4Aaee6d166C89006f4be05d70D,590318
0x7F4a86478CDD09Aae270bF3800E06e67DB50c76d,590318
0x7F4acbbA9c2cA51790f0333122aB3934911Aae66,590318
0x7F583a47e00701D257aC873C80eb5326FEC69E56,590318
0x7F63921D9faC69a6824dd3Ef5fB8E1A89fcc984D,590318
0x7F65C64EA807901349a7aEbDa4b1F8A282cCA051,590318
0x7F73187995Ab90Ba299083D084ea2fF2C5Dd0D18,590318
0x7F73A55AC33b83683E25EB66F7778b88Ff33baF8,590318
0x7F7C3e8D953d9eF1768F99bfE35b5D44beB9a15b,590318
0x7F83e575dA53177b8dAb75D1eF4dB25e868f1E4C,590318
0x7F84a837898e1D042190B4bd0D39d49a309b217B,590318
0x7F865CeA73f35702425ED7A248ca5aeaED1De250,590318
0x7F8a88D2A1753C55ee2c7d5Da6Db7aE2e5bDb6c9,590318
0x7F9289353735c964A5c60269f3F1C4d45C995db0,590318
0x7F94Df1Edb3B12812eC2e1Cec505B3E6C2c000Da,590318
0x7F99Be073c65bBf70ec75d6d33824Ed473028200,590318
0x7F9b8c7BD797503af08E48ac52e19B0cD5ae9AC4,590318
0x7FB05c8a178cfdBB6A5a4D875B5bd3bCbE2B7F32,590318
0x7FBa16F0b88BDdD8C240AB7e6CbbebD13fB2387F,590318
0x7FD039a35C0d5Fcaa4a43bF5b097AeCdE0ccAB87,590318
0x7FDF505f1fDcCb3D1e55E06f2890871DdFfA3FBe,590318
0x7FF1b2cba4e80ce5AE2459E8c6fD569FC76A0b2a,590318
0x7FFF648B06f93504A058506739bD408a9325DBd6,590318
0x7Fae89F235c1E5E0Fc5554ab13b1F78ca1EA9c05,590318
0x7FccF23C9205212EA09bE8566B17A62e75A353fF,590318
0x7Fd3c73aC9aeb09c3DEA892a2092620990ccF2B3,590318
0x7FdCA0A469Ea8b50b92322aFc0215b67D56A5e9A,590318
0x7Fe9dA6d9C2EeE8A6Df2140ed791C09580cf9dcc,590318
0x7Ffc8B562599D90F3a064D29629BDE7fA9192bEf,590318
0x7a0011aEbcDbF225257a9C8Cfce2e127A03F4E54,590318
0x7a022eB761FbA3516a235BBF69BA31BE5aF00ed4,590318
0x7a073bfd2840e32885ab679b203cebe673839bbb,8000000
0x7a08EaA93C05Abd6b86bB09B0f565D6fC499Ee35,590318
0x7a16fF8270133F063aAb6C9977183D9e72835428,590318
0x7a185Cb516C6F180B893609183455122ceD5378a,590318
0x7a20bF10659202afdA190AeDA36fFC5c3746fEaE,590318
0x7a2269e15d34FC2a69e4C598A7DC51733ae93638,590318
0x7a29e7173b0599dad2b5dd198ed67c7d1a649f4b,2666666
0x7a313e4a74bc25f9a4e94301b81b8dd3b277ad4f,2666666
0x7a321e23ec5aadadb090b38a44b334b2d1fc1560,31036649
0x7a363e828AAC96375f82a6c0DCf86A619C05AE84,590318
0x7a3df066442a56773189245B451c4c76F62856f8,590318
0x7a43dc785CeD8554478b2bA2E491347C0826AdDE,590318
0x7a445dbcc52c1a250b4401df5b7d6591910e0a22,31036649
0x7a48ea7EC0078A2F256B1EFf02A765b766D749D4,590318
0x7a4f58bfdac45d4b3d4e7720dca3186577ec3081,2666666
0x7a5f66Eb194F629dB12F25bd0695819CB690fcc7,590318
0x7a66989fB18486Ee01629CBb58eA6629db4aa364,590318
0x7a6d67203bcf89ddef31982a4eb3cb033a70e5a7,2666666
0x7a6d95074adcf908082d27ee2bb1dd7ef8c3e384,23036649
0x7a75D66d5Ef3e4d3D3fa89B33240A3a0Bbe0d459,590318
0x7a76E8B30eAFd0215818E9ef06bac9459E0a6192,590318
0x7a785a2bb327a78E294583ffEc3729901864CBeC,590318
0x7a789b0024e92B25c041Ee236fE91796C8445934,590318
0x7a7D5277672C0DA33597fd8f8A930303702d94e2,590318
0x7a7b6Be7f5Ac593bcb262b52ae5a731aa1690ad4,590318
0x7a7b6be7f5ac593bcb262b52ae5a731aa1690ad4,8000000
0x7a815d1da7b65c9a2ddcdc0c88406d46dc23e2ae,2666666
0x7a824AFB64A7eB8D0ebDf7e1932bF322F473a968,590318
0x7a966aC46E66740D7CBc916f1F3f04a9f6c66177,590318
0x7a9aa5534833723c148a65ac2546c24e81b859f1,8000000
0x7aA45715EccF0B2713Ca11fb1d806C64406Eb733,590318
0x7aB881c51e44e7Eda4Fe990ae2adB9351Ac05390,590318
0x7aC5eA11466709397588d29c1C783dFe2E1e3d5b,590318
0x7aE34E9ef47623338416e22aF7559D7b312C6c0d,590318
0x7aEE44d7fBB56341BA4B95e624f5eC232f510785,590318
0x7aF6023089aac9C4A8aDee1E0f82AdA3b528DF9D,590318
0x7aFa64FfA82F60F4D004F52696aD7d6A1f47e6bC,590318
0x7aaad63a42690e3db9c68976e21b9e1c7ac8fc96,23036649
0x7ab066BCD945264e1B1C8d451CB3517c973e676c,590318
0x7ab409e8023dfc5ef86c531b48a0abfe7ede66a3,2666666
0x7ab610290ef03e07bf4592cfe1f05c18ff18e29f,23036649
0x7ab65d091e99195c2ed60ced48b559906962d828,2666666
0x7abFA1E1c78DfAd99A0428D9437dF05157c08FcC,590318
0x7abc17e517709179de63fd052a32488689821fac,2666666
0x7ac0dB5dFa7D1DC7D1901B9AD50E8Bb1813B140E,590318
0x7ac34681F6aAeb691E150c43ee494177C0e2c183,590318
0x7ac3f3c6f53345ce76d251a46b58300215cb6546,8000000
0x7ad10d4e7879ca25490ec36f15177d4c16930b2f,2666666
0x7ad252FACf5F1115B22EA0A4D63E8770573d78a2,590318
0x7ad52a4d6c3f739f6268c2b6822c92295c99b68d,2666666
0x7ae17479c6Dcb97466c548ee9dc49874dC050D2f,590318
0x7ae8872B809eCCF472eF1CA406462d5749a9cE03,590318
0x7aef674f0a5a76c34f84285c807f5fb5d104e25b,2666666
0x7af26550ec3ec7316ae6593b3a773330e50440ed,23036649
0x7af3a64bbcca9b4473cdd9e325719e38755fa304,2666666
0x7afD4c36C9604600459E41F8a75386C90AfcB1c4,590318
0x7b027c989f3883b8c0a734694b35fd152f4564f4,2666666
0x7b06033d0b45bac81d9d347c71983b590ef862d0,2666666
0x7b063721c59988551C23AF94b9735Fa6BC888410,590318
0x7b0bBA5D0E42f08D45e1d47CEd0c5a1BBcd885B3,590318
0x7b1af4967d88b9b34e66af58aa290045e35a22d4,25703315
0x7b1bfe40D84980c751763eAa9c4c7816A64c0943,590318
0x7b1d84ce0c692203cfa31060031de86630320766,8000000
0x7b1df86dA6865E55c3ebe5DF629B0F515d8fb506,590318
0x7b21bb41f9800ECC901c8CaC837195Bb7734AF31,590318
0x7b2c7a4AC373C159C7d6009B036E7d7904579BAc,590318
0x7b3D8E939EE08b52D06aB5E6f85791A6007e8D61,590318
0x7b49F722ff9b35F920ef482474De0c856a3A5737,590318
0x7b4a0ed91922210c17c969c361541e80dada934a,2666666
0x7b553393632739084D4b96b9673134C1940B24b8,590318
0x7b5617548feF53bF7d3ee38F71b51b798ab337B1,590318
0x7b5C1d7403c326f96CF42db471E5c3F98CE9a890,590318
0x7b65E9a5C8f5B788D487A227039c8Dc51bFf6e33,590318
0x7b7911c6EdB3723698fABF487f4B304442314763,590318
0x7b79f22A9933588A111237A3954bEAc096b47852,590318
0x7b7E66Ef85a77Bbd7344BF3E7b3c8Ee274C98F44,590318
0x7b7ceb0ae7675775378459102a94d7154f540b73,23036649
0x7b9d1164f125fC33858a8f1a8090Ec942259bd3d,590318
0x7bAC16493fD8753C15843f599c8e2905737B82DD,590318
0x7bAdca6174F21597d59C649b16a350DE24A69A59,590318
0x7bB6bAbD4Caf78d9acF3d352a87b5561B50A115b,590318
0x7bC517e9Af50433CeC4825F649Cc795336f4754d,590318
0x7bCBa9296Df0a11Afac47881E9c08B40371Ba008,590318
0x7bE250710eEed65543b726909eB1Fd24A479c760,590318
0x7bF8139Bc5F009447D6d4a3B227899a195218913,590318
0x7ba19f7c5d49562009e42d00e87bbb0d48652ad0,23036649
0x7baae4eab0e08ebb47f0b39acd77e390d4f321cf,23036649
0x7bad11e34bb269b3f0ec78e1b410f64bf0fef56d,23036649
0x7bb4fd2ebb1636f6fd488be26a3bfed7a7d96d77,2666666
0x7bd68afa4eabea5f72f1e523257dcb6db5de6fcd,23036649
0x7bd95840ad0032d22a1e2ffb6201cbf5063ab750,2666666
0x7be27F808AA1e3369d7c4936901C54EbD5756E6E,590318
0x7be3CF130f092B8E2c8fA5cF3454Ee3d3A42C6a5,590318
0x7be49eE6fDF9f388054FeFca2FE6A9123DAf8177,590318
0x7bef7FFF4b2DCfc39Ed2Ab73A9C4A8C5346B5282,590318
0x7bf2D50D2EC35ae6100BE9c4dbDadBE211Ae722E,590318
0x7bf73333acFaDf95eA2039AD679EdEFb4a43aC42,590318
0x7c02998fa5086fb6846268055cf90f5b33e9759c,23036649
0x7c0c5288c6620ebe43f4705dbd12cecde0742e45,8000000
0x7c0d865edda8feb8034b72a907e802ebbae1fe77,23036649
0x7c1064606c44b2dd2c65b454855ee9551f88cd4e,8000000
0x7c1229d676F33AE4DA41548e4ab29dd87370b802,590318
0x7c1958Ba95AB3170f6069DADF4de304B0c00000C,590318
0x7c19d4e07d385725e2af291fbaac91a80c9e84e7,2666666
0x7c1c1C2DE344dcDd7db65E5D52C5E1Ea862C6139,590318
0x7c1f45082dd441a906f6d7b63d8108313d28d280,2666666
0x7c236a719c0af04C78ec0074B44734C3573d71a1,590318
0x7c2a757af89a2e0d8b6590ebfa279561596a9c5d,2666666
0x7c2b946fab9207ed045bc7702e0f72718ba28280,8000000
0x7c318f227cfdaC7C976C11F6198Fe7BeE833066A,590318
0x7c3a60b9116A53da2eBd42536578680e0A9847D2,590318
0x7c402A124BE63aB04AB4d1b471b658D94a9bA1B0,590318
0x7c431D2FC8f1dd7F38ab4fE22444C81ce83105C4,590318
0x7c451231Beb9d8AcBcc861CfDA185aF58731A2B0,590318
0x7c45B26c41C29330D042003Cb312e73a3912024F,590318
0x7c4d298ff07153bc7a47dee05b9dfd61e35ef342,2666666
0x7c4ea321bdf3e3796582527753cd3a662ae34a3f,23036649
0x7c548c1d3B006686283Ba8425238c3114523A471,590318
0x7c5E299469F282b8c6D03C1C97171077d245c6BD,590318
0x7c5df2f2ff272ce5896aa2040fb0f91cf89a843c,23036649
0x7c5e299469f282b8c6d03c1c97171077d245c6bd,23036649
0x7c66a32032cCd3F47B3001eCEf3200F78a70BEa6,590318
0x7c69054d39F34F370E4e73dEb27503F44a2043D5,590318
0x7c6Eea73A63D53c2c90b740Ea41E850E62B2D916,590318
0x7c70b5BA58A31ad6eF6D61772A4a0Fc7B54BC9Ba,590318
0x7c7160A23b32402ad24ED5a617b8a83f434642d4,590318
0x7c722dB679fA2ecc40020fDB83E5751dE9Ec1C61,590318
0x7c764b26BE1bfedC1729AB12fD86815B8093EF69,590318
0x7c82AfE900e02f51D9b94eC93Ca1C0b78cdfBA61,590318
0x7c846e2487a8b6ab7a4CEEc6a2073C5CE388e2fF,590318
0x7c881F49b4aF67544aaEB8c8073437453025EF0F,590318
0x7c8b8aa4999d7fa3143bdc7236249ce7db562171,2666666
0x7c93c781a64CBa6e2cb153170F94e751AC756487,590318
0x7c945b48b0bbb207577f1d4e183b8fda377483da,2666666
0x7c992338d9664ad461B5ffB3DE5663715502D60C,590318
0x7c99670ECc3A57Cd1A8D1Bdfc8e2Ff5b4527b382,590318
0x7c9C2a2dEBa2895684d637DC1ba05006c7ff5Ceb,590318
0x7cA7B079aFE2b69554De7E37ac2C56bc556Ecaf1,590318
0x7cC619aAB26972C5a5DbF57Db77e559a81f8bD40,590318
0x7cC7CF63354bA342d487bc7Ce3f9Bac729Df7D3d,590318
0x7cD14C455B2f57B106697F106b5d8630B98Ef7d8,590318
0x7cD29e0df7e442068E5751b638c9086fb62C50fA,590318
0x7cDaC4326D72940665b8c5eD832b4a9eBDfBd660,590318
0x7cE12ee31d93971b342E42BAB52459D96459C159,590318
0x7cEd3AAE9f63107dC2AAdF0B35999c92Bf7f7009,590318
0x7ca38baC0a7C2d603e0D877f2c16e6792D7e9EE5,590318
0x7ca579ddBB8394Cea35c03490dC038F76a3edA0a,590318
0x7ca79421529428F275Ed2cA5DD19E9c43B91cC8F,590318
0x7ca83Da48606CBFBbf12AF0294dFB7433C0393Ea,590318
0x7cac0bb97d3e9922ce72d39ee3db9c2b169b26a3,23036649
0x7cb145bd2aeF0cDa2E51d1fea47d0b8FBb0fb931,590318
0x7cbEfbB89D09fc2E64d7d0eE75132a3bD8EA8201,590318
0x7cba38b81347445a7d82dc844fbcdd4ad05ba261,23036649
0x7ceAC50c7dDba096B076bDC388C90446001CBC5D,590318
0x7ced7b20111476947ec5c4b89bdcbeafe864bc98,8000000
0x7cf4e184cd4919e5cfa312af46d0b79cc879ca6f,2666666
0x7cf6Ad76C852ABBdc918Fa637773e54944297FeD,590318
0x7cf706F70d83faCF4E122d38798317Cd09f7dD8E,590318
0x7cff200B3E210659f1e72bEAa71Cf4C99000B245,590318
0x7d0cE9bB923233868B8dFF5aD4b20Bc4a11e85Bc,590318
0x7d288b6f7b75643eccac53168c8de74e376a8f78,2666666
0x7d30F535Fa43dA4E75c324a62D9B513fc50cA070,590318
0x7d30c934250B33ed250D3169580871D272Ba719A,590318
0x7d31aC84A76F5f8d33b2d3049aBC0551B94b9c19,590318
0x7d33B674D408106a271a28bdD43FAd676Ec80Bc0,590318
0x7d36e58b93b6677d659d05102522ed4bbe5b7181,2666666
0x7d383Dd55Ad414a71541bf094d929F79c35833Ee,590318
0x7d4242161C1b6c88ef56D1214B1AF9c39d325A90,590318
0x7d4f66889843b0cccdef29775581828e10782456,2666666
0x7d50bfeAD43d4FDD47a8A61f32305b2dE21068Bd,590318
0x7d57CF97Ae356880FCC6bB25f635687e990daDe8,590318
0x7d5856722140ef3c27f9b05972c4DCbb994A23cb,590318
0x7d58798DAC1fc7A392B9953E3af642Bb4F7f6f7b,590318
0x7d5F37a131578a60f190500EB521AA2F2745f77c,590318
0x7d629dBc689E40Afd2C8FE81ac1fFD4E33AD921d,590318
0x7d6654Fc1b971A5C2f2Be4761370861fb2042554,590318
0x7d750A5D27fB56cae1F57F33179f1E259cc2c9F9,590318
0x7d8105C4992DeFA0111090B166838e10656af399,590318
0x7d85D90FA4181224da3CdbB758fc041028b942Ff,590318
0x7d8Ff8e3Ff379dB3a30d8704143e2De2bfeE034C,590318
0x7d958651526fb95a885d508892e2bc4879258545,2666666
0x7d978aE60e70757C83d24Cc0429b98DE76188fF7,590318
0x7d9a9b95c63f617b7bc08de888e6d2931b6ca514,2666666
0x7d9e1603dCCc950D2Ff73f3eAF79f84dC4B91fb5,590318
0x7dAAC88c492c641A0aC8D08420B6a7D78764615D,590318
0x7dB7A66eEEF3D885009b1147d63AB51b9047391b,590318
0x7dD430EE4D3251E0944E7f6EE72541312581ee60,590318
0x7dE1f5eB781edc662472436eEBc09d331FB73261,590318
0x7dE7d7051a3dADD8B320818170Dbc2CE9fBd0aB0,590318
0x7dF7627Bc31D4A5e6E1FD7C7EcA8b519c69378D6,590318
0x7db0b7f102d029cdca0001f85f8bfe487802424e,31036649
0x7db3d080DE992B1E2d6dbb4517362C26979a2770,590318
0x7dc0323c7438a9c991a26c24c050d320d9e19790,25703315
0x7dc6B875d1ebd51bb1871f826E286E9ad8A0371b,590318
0x7dce76c034eb26320c8fc7e452ac0c9769c3dd58,2666666
0x7dcf0fbd3f1d70f692ebb800792fe00174c2b0cd,23036649
0x7dcf8d82266C43E27B1EdBF881a0d1571eCc73a1,590318
0x7deb6C4Bf9285d83E8116f885F6377fcC7dD7420,590318
0x7dee4926e9F9A2c268790ddEB54dD92bb3C0642F,590318
0x7dfB09588F313B7E068F72B41A96c92b9C4D36bc,590318
0x7e07064E5A921A57Eb29C22F179B20513e8a3485,590318
0x7e151351180AE4D443280E59d8ec4f0B88A097DA,590318
0x7e190b7429a77f7bcac921fc4295c1cd49807766,2666666
0x7e1E06AE756Fa83412B3830C39f43A5503d6e3bd,590318
0x7e2e25926108CA3E7e2d8241d9363cDc74B37750,590318
0x7e468d0d40dab9DdBd1bbdF66145C65345d83cC8,590318
0x7e475A846aF78e49Aa56f05706530bc5EBe58Ea8,590318
0x7e4dc5f21b49448a4b8f73f02f4d2eb02cffdcda,2666666
0x7e4e2D211418131d4CAea4c67f1cef37eCbFA029,590318
0x7e4f29753ff5b2d97c7c568ede1b75549f688050,2666666
0x7e53A3857F6F80E4340d2B80b24CF893b5aD41e4,590318
0x7e56d3a89cdd6f140e823c8ac6d0d82c931c7f08,2666666
0x7e5cE10826eE167de897D262fCC9976F609ECd2B,590318
0x7e6810d4a0cf0c38680d0f476158e64daed026b8,2666666
0x7e6DbB6811adB373Cb2263cC1c9372a6F67A2671,590318
0x7e6bcBeEeF800082cb34D8725db7e66D56D79b63,590318
0x7e7022f8879d88bCC5D288b229737ADB4b1F39CB,590318
0x7e748f02de671a7575536d30970a337f775b2b7a,23036649
0x7e795765Fa1e880c47c99EdA76207F77b570684d,590318
0x7e7a19A81fb140296CCc2A6bed88b38D5f83Ab7F,590318
0x7e7d6159891C0072ff30A30995572b55A4836953,590318
0x7e81462e3c1A43cd4BfF20216ac5EbeB6913e534,590318
0x7e8165b6Ba3340834c06872ffE3A5A227D29816e,590318
0x7e86F7D313d58762D89b87cAa87315f54865f2f5,590318
0x7e99839620bbc758c856a93cf0c468cc27d92587,23036649
0x7e9Ea1Ba0c6625B0228087e4F793DC6F7687B268,590318
0x7eB1649FD01bBc0d3c7c0D31FFE214aD6f91A061,590318
0x7eBD365C88afaDeEC38DBb5af537EE9Cdc65A492,590318
0x7eC3e177c75CfDF05675BFe6fe87b50028175382,590318
0x7eD52863829AB99354F3a0503A622e82AcD5F7d3,590318
0x7eD6Ed28233d19470B4B4af3D37605B7642Ce808,590318
0x7eD8172D07a67207922c2597d60aB026670ff556,590318
0x7eDAC945A9Ca1936ea510d036bd48B4c800a9fCD,590318
0x7eDF7E20a31050F090FE568a5fdce4D2d483a049,590318
0x7eE5F26c3001C0031e96Bfc146b4138A24C3F50a,590318
0x7eEB86AABA8BA0317849c348A02432249A04F4e8,590318
0x7ea73fF51927A2410305f143c416F1c101BC0d50,590318
0x7eb92b7527D820F2EeB6eD6B2FD6FeD454443BB4,590318
0x7ebA9EE618F6662FEB8b2022e995688d309636AB,590318
0x7ebfd82e40bb54faecc2308a872faa3ea179fda6,2666666
0x7ec80d7671031d50bb0dc89a2e9a0f62ae37b0be,8000000
0x7eda31846064bddd2eaffff1c0d992aac2968c3a,23036649
0x7ee03Fce858892377fE42ad9F2a1000e888B7509,590318
0x7ee31626661f6E6B91d21F1303873332CC9AED8a,590318
0x7eeD433774BEbb566ae41E27Facd3c50708EdBDE,590318
0x7eeE669D684b6096A6AD67e993F7D384ad02Ac76,590318
0x7eef19570e44f0c258194a87eafad1789d0c2ec4,23036649
0x7ef14fF3d16cF636154D9D7CD2B70c635a5F2eD0,590318
0x7ef32197337f3b0b5dFe183D64F2aCBBd2ba2dE1,590318
0x7ef5787d9aa49f8c5132f73df7c680e1e0935456,25703315
0x7efC693aC83231882eaABcc5d55df9146cd07f8e,590318
0x7f04c4387423c5460f0a797b79B7De2A4769567A,590318
0x7f0908c36593058CF90Ed7d27878Fc2f9Af878d1,590318
0x7f0efa2c505abb5c313acfc28f932150cd89cff8,2666666
0x7f0fc0bF9Ba85be90CE9ED2dEf07CA67847b15d4,590318
0x7f0fd29658e1e934865297dfc637b1ec206c2556,2666666
0x7f12544ffe6bfbe51c9a9791e6ade2ef3c36564c,23036649
0x7f13d9dcf5bd6f4e6b8484ea6e1bb69e3f6ac7d6,2666666
0x7f20C6Eaa0AdC427819E239fEE0089d36Dc3B679,590318
0x7f23bB64601714e30c178EE5F703F3dcd4483E58,590318
0x7f29B17CaC3bC3507BeE3de080Ff1345a3f603B6,590318
0x7f30322BC986B0c162431a1c240e7E6536431451,590318
0x7f30e66238d78f2647f1cb20deacbe195aa74092,8000000
0x7f31D237476F906F0a5D8574a75B451e7ED0188A,590318
0x7f38620111a647c26b9Ea8d276c5eD92F2007FE7,590318
0x7f4943EA2686e0c15b7BFc05648551105557A985,590318
0x7f49d2433444ecE2E79013aFda1C491eE478bd44,590318
0x7f4F299f74EeC87806a830E3cAA9afa5f2B9db8F,590318
0x7f4db3a7268ba32446696d12204fdddc7b3bd97a,8000000
0x7f515557e82d5719b226694dfb4b99b1975fa08e,8000000
0x7f531560b5fa790cbb97d10d05081fd87e9f11ff,2666666
0x7f55A45169aA1AdFa3eb9226814db421b442966B,590318
0x7f562fc0eae7c55627caacd906f2b25e73bc2995,2666666
0x7f5BB5F1b69822fDFDe5DbE1e33dBeD7B5fc3832,590318
0x7f6381D402fDb02e082f3Fa68679090af5A2F8F8,590318
0x7f6863287c3e89690f61a7df8337e2095bc6a81c,31036649
0x7f694D127dEb50E1ed567f2cC7014444aE20b594,590318
0x7f7790a2f1f3E5E4abb711C8791aB093D90F2cE0,590318
0x7f84ec53aa23b0fbf1ff0a1e8fb91926ba659165,23036649
0x7f921Fab847b06da6A0357E0E662a8ade212dBb7,590318
0x7f92B7EEe6004BA83d0bAADB953659c35656Ec98,590318
0x7f971f460e8d6546c39CC2391cf92817710F757c,590318
0x7fA77093e83C9292C2357ea799AC2C57EC138203,590318
0x7fCCF116AD1Fd54ebfBD17974F919c6330d55468,590318
0x7fD28691b3518CF668FB14E159031DfB71b59202,590318
0x7fDb9ABb71552092179bde3807e8c4942AE81CF7,590318
0x7fa9A8a42B5f37254Af0a182b2043b50d2f75B48,590318
0x7fb7ade0ae1eae4c4c142a1a46106335b703aa8e,2666666
0x7fbDd73D93658B89cc5031D4265ff260E34D3880,590318
0x7fc0df2a76fc423c3d150d603292fabd06d5f782,2666666
0x7fc45725d99313f16a6fec2b2e2d2890b01b49bb,8000000
0x7fd28691b3518cf668fb14e159031dfb71b59202,2666666
0x7fd41664a65e3dcbfe9833d03204a1d4b57357f7,2666666
0x7fdA96347D4D6011EE1b0195BBD0B2Ae15A9e4D4,590318
0x7fda5a2fe9Bf63d2F073BbBaD04adaFEfA50A927,590318
0x7fdf7a5d5a15c2bc3aab168ed9db648e28b8c488,2666666
0x7feD232816071854a6369D9FE1Cf9aE6bE2aAd8A,590318
0x80009Ff8154Bd5653c6Dda2fa5F5053e5a5C1a91,590318
0x8009602aF66C50ecABC5d3c2094a3429DC62D828,590318
0x800E41Ef105c7Cf89B5AEEB1898c65347847Ed37,590318
0x8011bb6445e4bdff543a3c17dd15b0a9f00114e9,2666666
0x801578da555d66b39a4538295c8094bfc5228a6a,2666666
0x801F74C20EC9dE0CDfbD8fe20b767960c9E40F1F,590318
0x801Fa023596bB98f977a29cb053b9b8F52D70CaB,590318
0x801f74c20ec9de0cdfbd8fe20b767960c9e40f1f,2666666
0x80259E7b9714eAd474362c32E8e3DC41F479F622,590318
0x8025Ea7EAC9b6C1703A29C4DF03a15D1cf411C52,590318
0x8027De60944b11137c5d7D18E68C430c1E77a9B8,590318
0x802b30be426E501D5C5C81f6659e1be9B262FB8a,590318
0x802d5EB9932297775460BA2ba90d339938fFf417,590318
0x8030C2cD8DF8B9264A31bbD732bC0ECCcEC1bcb5,590318
0x8034857f8A467624BaF973de28026CEB9A2fF5F1,590318
0x8035fE2cb202CB1812ce97433aa03d42FC99aD52,590318
0x8036BB84031E60A1bac93078c0e59BbD5E485db9,590318
0x803DE226D9Cc88E2f60907CBb92e77dDA2953033,590318
0x803F27dEaA1282653745C3abBD71Df11E758944b,590318
0x8041c435473FD8657fFaEAd13c3447D3DAca0635,590318
0x80421114371c7D0917f529Bf0996D850df972656,590318
0x8043fa8346f977ca7d79401261748a6440c2caaa,2666666
0x8048a8AD798cbaAF65c2e445491Cb7394F801020,590318
0x804ED8c47838169b241665123ae4613B8C72050a,590318
0x804b11dd3ccd8cd5d867827a9b12e1a840f1d547,2666666
0x805441e06dC9EF534ACE19d2762aE930dEa63C03,590318
0x80570a7A9500339EE0d441D079a46F3f86A08c82,590318
0x805940d7B7228CcAdE79076337c40aceC6EB131f,590318
0x80622c49403af3fd4CBD80c0bb508b12167fB193,590318
0x8062E69aF89430d0749697ceDE9614Cda80325e0,590318
0x806346b423dDB4727C1f5dC718886430aA7CE9cF,590318
0x806834b0d8813af12b4801462cb6131be9d19ae4,2666666
0x806B6F9088B3DFE33f7685C0F28A1950990711Ea,590318
0x806B704d7C2A4390A9e2B8078e1F1227da95EE9E,590318
0x807177C7F794533251bac4D794c58b100592B3D0,590318
0x807266ebfBf9010aF0d56502044E7a68D332f161,590318
0x807A2E2e469df84b299Da5f90f15DdA4380dAcA1,590318
0x807B20c0f527A36fc41FD26d81B53558E1DeBd1F,590318
0x807C57D03E31628b5dC9595C722676cb3da1DF1c,590318
0x807DDeF4F2Bd5797a28129429883C189a349EE37,590318
0x807EA4C5D7945dfEA05D358473FeE6042E92Cf37,590318
0x8086aE26e6786e58591d4C349bF2418Ec8bc5566,590318
0x8086d265eaa3fac05607869603430a8Da0609Cdd,590318
0x808aaAF319f008e7bE28891B9B0585036eAff1Cf,590318
0x809Ec84644d4Cc0Ae27Dba154b6ACFa8ffE0CbB7,590318
0x80A5e6786a4A5eb2285e74789a05223EB6Fb92B9,590318
0x80A63F593C0F2391e5AdD267D5e71056004aa017,590318
0x80AABeB2052BA5D970980C9fa32eB4E7b232fb3C,590318
0x80B4A24AbFD66B5488fc7206d3Cb0285a45080A4,590318
0x80Bda5b68C5eEF176965f4377Caf6d3B86D2AD72,590318
0x80BfB857770a802f7eF375921AD5E83c76214a2d,590318
0x80C0C7A8D79b9e683C124049a2a81E5be692Fada,590318
0x80D63799b1e08a80f73FB7a83264b5c31600bF3a,590318
0x80D762e5A4dc2Bc237f594A7F696B5E216067036,590318
0x80E2F8Be812eEf7da8C931E908d1240fADd26765,590318
0x80FF1BFD07dEEae9E0bB45Ce5e9fabC0dC5F3fe3,590318
0x80a1D0169b14602269D3aC3c05F30AC9F8b1250b,590318
0x80b8E8228AEd9bb9BC813726a0460955e8261921,590318
0x80c5D310028d4CB59AB7c0EbD1FfAa4A84BFa847,590318
0x80cEE509127eD1232Fb414DE76C115410A7eF355,590318
0x80ca5c4e94226c49fc23e76307e1bc70ebc883ea,2666666
0x80cef8f224Deb7cBbfbb6b1Afb6d89652e933d0F,590318
0x80d5c2E66dafd99C069FEEa0C9300EB421d89308,590318
0x80d7891b5d65486c1e750428e1e99d1f99ea3ed6,23036649
0x80e138CF4aA137d0CE8694E1bbFcFAc6a571C085,590318
0x80e52d1211c635F25dD9A43d2F04eB9e5d722209,590318
0x80e8d450ca1f6927fac380158d24390a9910fdb3,2666666
0x80eB1b0753e097ef225602F87282916907986582,590318
0x80fD9e1E3c9e9bc4414e5A5E2FC44AaA174c3A44,590318
0x80fb5880F38185661962E475ac1557817dc9faea,590318
0x81006D6c6c0E9eD22061bDB53D003dcD9feCf3BA,590318
0x8100F493422a66543439EE911d157788eb0ea6A4,590318
0x8109BDBA2a3398D3d2974c8B83b171FAFC2FAd99,590318
0x810Ab853d951613a567792A675922c6498BCE29F,590318
0x810Ffd036fe9216874419387D693Cadd3512376D,590318
0x810a95D2e8B2d31e26920AE51bFA4F78E1F148ac,590318
0x810c4D6c3eFfcA3Be17cCC92Fa98D08e9e052f65,590318
0x810d7EC5920996907e0376Af3c63B00F1588b4fc,590318
0x81122384F4e9F50d66B8271f6d86c69c2FaBFCCc,590318
0x81168C14e5A89f60b30e9a7f82A229406A64369d,590318
0x811A8986bf04ad047F47a93E1bA79A8E2926c591,590318
0x811DF869dDF3e7069b7a15e25eaBe725c2ebC9A6,590318
0x811e4eBe2867C98CD1b136B1957e9041598953F6,590318
0x8121Af94e69e9830135C708578C010A9CFABAdce,590318
0x81264cEC072B413fECD31b34E141ee0D86ca43d1,590318
0x81273e091DB6Bc81a254B7d00802CAEFAE372108,590318
0x81274ca733c3EC2D16BdD7f40D5969578263D275,590318
0x8129c94d2F2b18Fa4b63bD0A3B64EdE4823374AE,590318
0x812E47777233B366c3dd95b7294605036974cbC6,590318
0x8130E06eC246C9c527531E77580A5693Ac607e0a,590318
0x8131485A94Fbc154CE0a50c54b30aAb5cC13Ecf2,590318
0x813206ABDEC315962311b1F34fEA3A5F46f05d90,590318
0x8132DdEC4000821Cc4e1f58e0E362Cb98de565eA,590318
0x813365348385DFebD6461C4052043f78615771dC,590318
0x813511f567D3DC94EabF37F47996D21B07E6b0cD,590318
0x8136Efbaf75D7b13F033573666f393d65Da35953,590318
0x813828354C282046a689087F5F77FC0F002d0a47,590318
0x813C29Fa5E1fb03b92B5C20f526CFebdd524c7Ca,590318
0x813C58f957db7DbD070243F71fA4FAD1972B0129,590318
0x8143AaD694567424162A949c1580c91D03437858,590318
0x8146E16c915f6f620e31d9d2aE10a2Bb3736d9D3,590318
0x814b5b1caeeeb4d5163d8c3ec538f8006e79ea13,2666666
0x8152553D979d960C4671dBa0B4Da730953aC9044,590318
0x8154Df191cFdcce484134f394ae64F87f3be1FC1,590318
0x81571F9423062833Fc8b6a5dE4eb5eE208976e19,590318
0x815F9FDE5dEA8E57265C6D1E17E96d6Fb71CE0eB,590318
0x81633C1357ddb25d8625efB2Cad26a60988475BF,590318
0x81664275FB62a41167c90220e3A0B6Ee80ceE8f1,590318
0x816978C6CC3EEde8823aed2B1D2db904505beA4b,590318
0x817023cc33E4E50ff5A6397e1cf4D2400387c160,590318
0x817252d16b097fb326f1941c9a62cbaa5d8f5a81,23036649
0x817393440B071D0B6F6377B63F72873587aeA193,590318
0x81756fb7fe91fa6f4d01d52991daec57360b4661,8000000
0x817B3dBF54775550b407F9Dd235015180dc8eBaa,590318
0x8185e053dceaf129a6da799b0c7167357965034b,23036649
0x81871b8738cb6c82611f3Fc5E09896945cC95539,590318
0x8192B7519BDeB9d356cf223D45bB2581aeC14229,590318
0x81959f15579446360D2d14aDBa40eeA4d68fef32,590318
0x819F313285319A61770c0403cab314f78f13c535,590318
0x819a7973b2ea4B3758d7D8E9490f28A5fb012495,590318
0x819dC08Ee58378A7d2899bf3BFDEBdfc30Bc305C,590318
0x819e8cA8C93C557184b850e601d89FFd1616DA03,590318
0x81A7B1665E33373EC30aa4B782fFbcA7e2f5b4Bd,590318
0x81AEC84Ff4F17fBc8D9719D2d2bE436d87609b98,590318
0x81AFAE4c735F6D91b80426C945c172FEC11EC7DF,590318
0x81BC678cd2f9C622777ba5Fde9481B4F111b9D81,590318
0x81Ba604832dFd69027b6185e987Cd18a4B0e7405,590318
0x81Ba93B26bCe8cA5d649B6607DF15E6D45462D8F,590318
0x81BfAE142a6cc4F48Ba09e689511eB905690a577,590318
0x81C55B5Fa0A4c3304A0D8079e994D2B3006FbF94,590318
0x81D3049fF5DfC1B804d54a1d55EF7eE66a149634,590318
0x81Db3313F69F7Ab4cc6ec7503A269981d461A6CF,590318
0x81E12714a17AC9d9211C66402971F757a1462612,590318
0x81E77b2DC3525122fCAd2e3b1d510C73d0fEA84a,590318
0x81F92817cDa2762606217243dE6D2CCceDE7E878,590318
0x81aC2B6CBc7Ff2bd1eCaA325E71A3c5fC5294a63,590318
0x81aFcbe7b758FED5A22718a16EF93f8985B5D589,590318
0x81b09916e77e7bD0c0dD160bAc7Ebc132Bc3CDa5,590318
0x81c1aA4bF93ECA02292cB0dfa8d6d86d2FB3bA35,590318
0x81c6A442bFB0EcCd4cE1725814eF0127A7fEeDB7,590318
0x81c7dcaFD6f03d115078218957C7b6327625F178,590318
0x81c80E1e6BA7667745f153C92936f15138cD9Dc9,590318
0x81cE568b500892BaF6946bb37Ef86c6DEe608eB2,590318
0x81cc63b612e47dE5279fDCb21aF51C5B1c479D2D,590318
0x81d17d15cb5716303b2decfa72c975a9829d5170,2666666
0x81d809c8310c617264dab738d8c323a703308f93,2666666
0x81db1cd501857261EaD4dbf9604907A1CE6390B7,590318
0x81dcAB1513d88478a3536348d6d7560f2d8762a4,590318
0x81e3C9dED64CAF37ee5fFd643637E1a97CD64F5f,590318
0x81f619D4A1F9000C08F44257EE7f85eaE7C62b08,590318
0x81f6b887657b679D9E23153fFCd703E111010240,590318
0x820078B2f6AA2352dBc40407142F20214ab2f98a,590318
0x8200C9e63B83c8183400595Ee95DcE24E876b07b,590318
0x82039FC7D37fe260E2f70c35F6A5a8234B104D02,590318
0x820474A280e355E087e892F32702E29226bb066e,590318
0x820567C7075cB74B08ccb34fBd5830e98E059fc6,590318
0x820b3e6fee585076a69bb83730b900f074e189c7,2666666
0x820d2924FC880A3C045e64d35390a1FaEB4F431f,590318
0x82100cD6F57183047A67e98d04D5C330000D0a5b,590318
0x82105Ca0933391F200dd7a89BaAf708c1cb8b1De,590318
0x82125D5aA00C6679B869b03F50eE68feFcb00d02,590318
0x8217deeDE3566850999836E12728320791e96a93,590318
0x8219B3c284802B63170b00899873d538c28292DB,590318
0x8221C9eACC43070D8B48604Af86007bce152f5E0,590318
0x822344c9e03A039efb322f820F2bC39d63aBD969,590318
0x822cb16cc6d1cca9bd7cef6210471e251f5b449f,23036649
0x8230a75190c7792953E0992F383e730f9985F3Ee,590318
0x8230cF5bC3De7f18889fABdB8e649B3c45ff3650,590318
0x8230ea70007EA828357A4864c7c92CA0778E2371,590318
0x8233fCD712b8fEbE837eC85ee1BEd2a3d1b92baB,590318
0x8233ff21f16bdd4dfeb3945292d6f77046e7e59f,8000000
0x82341710e705ac407f9Fe8494Bf8Bd8F35386B5F,590318
0x823c9d0ac03e9A56ba59357D418dc3AeB1a06E4e,590318
0x823e255A6be4d82F4F7267812840177cEb554b27,590318
0x824200B88198C36c0184f8bee4801Ca3DF8CD84E,590318
0x82434d53f50EEaf03D0B1941186D5704F9E11F2d,590318
0x8246F4D58e8A797cfC9fc2209d827C9D910d2950,590318
0x8246c6283a9da3a8c89af13290495dabff35e8a9,23036649
0x824b118436b7e1dd977dae953710d7a2fbd2749c,2666666
0x8250A7F9fCA9C33E68Eead8c05c1D58c8Fd70d13,590318
0x82584a2e294fc67c390f059227490da7390df331,23036649
0x825F23921dCFf36944d8B0b0CA23ac7D05fB86cB,590318
0x825aE6fb177186e9551ab1CDd6D4aB10B22A0Dba,590318
0x82611E69E3EEdd4466b086c80464BAafcBe7a72e,590318
0x8261712FAb0FAB699806a9AB70c6C425B9c14ad5,590318
0x826A3216115C2697C9b2F0275f6184b9123286bD,590318
0x826b2b2df56ba0fbd1af78845a78716fac04f7ec,2666666
0x8270248f210800e0525352a087dc1583acd3b674,2666666
0x8275Ae52232317e74E8585afef3097423b935A62,590318
0x82779243d6a290aee2607f2027d3c06bb810968e,2666666
0x827886C8c3e0D890Fc643d8Edc9ac8aE5914e41f,590318
0x82804e5E49398A1c6451C9d25AcDebD269Ca4D0F,590318
0x8280e4c4A060bb5588c0acE66898184e9fa64792,590318
0x8281e57ee1341F25ccC2Dea38eA112DAe4d22669,590318
0x82820dF72063E984F89B18cE7529e494D2471081,590318
0x828398cfc231b72866bc67e38bdaabe527d07779,2666666
0x828D0D8484F31eCc53eD45ED6bEd3CfD7EbB646D,590318
0x828D2BdAD5B4a32209f6254de433A1626d1Dc2B9,590318
0x828b292DaeFAA119C021AF635879D9629177391B,590318
0x8292aFfd56F33Aa4411eCe7D2BB2AaCD8F045c81,590318
0x8295C7d69e1868310acc1b8789094Ec7F23A4bb4,590318
0x8296831FB6307cB19F5978794C0f86552F78202B,590318
0x8296bfb55b9cb83a8b9687b99d7b4ada8263ca42,2666666
0x8298DF9F1C1B7ffd04bb963A0B433D7C505cbc29,590318
0x829D2F2648879fB313D222d5f918eDA27BDc856e,590318
0x82B8c9548b5ac9Afe9C07a400B83A37f9D9159E7,590318
0x82C6503AF0d94c782f69CAF3fb64568608B8FE42,590318
0x82D081218a48A318e929eaBdA758D13027994157,590318
0x82D1bA758E6a08055bD45B7dF594e06BC5945421,590318
0x82F0A0C47486882C6c93133134A9D6CA139a1050,590318
0x82FC50d665cb60DBa3578743CDD554194Db7D5F6,590318
0x82Fb8ac8cAEd3498671b21BA1561d25aEC76e382,590318
0x82Fe8C393d063cB23631Dbc8216d4aDF941adC9e,590318
0x82a3dfd3f22ae675346c388303dabE6B43dB3Bb6,590318
0x82b2292BB56B2BfD9350deFB06f4378C2e5D945C,590318
0x82b5B2E26268166Bfa9106CC43Ed9b283d89Bf8E,590318
0x82c854504F266dAd4a7eA9E448Ca7B1572AebF1C,590318
0x82ceee12075233a9b77258f6e11d36f30a93da5f,2666666
0x82d5885D5D125754118376025209F48474a2a2B6,590318
0x82dF8DfDacF48Bb6CC6190e76cd51761820825f9,590318
0x82db2b6789895c2B9aE50125E6f989e5a491Be7D,590318
0x82dcba7a8bF3AA462040038eCB3d5d90901676E8,590318
0x82e0c33334C997b7e33Bb6a1a8659Cf3b2f3B854,590318
0x82eE15e7C0c923e512eB0C554a50E08254EbD660,590318
0x82fcFe78eC09d3232A8C9c8f3b77758f6e505335,590318
0x82ff20d2Ad29A921d74DF474a6BF484127321673,590318
0x83016fE081F31a03bE2Bcb398c2B995d445AB6B1,590318
0x8309781179c01f0b225B4c931204589fBA71B3D2,590318
0x830d69743C27336fc510a29e4B19E416C4a6Cbff,590318
0x830d69743c27336fc510a29e4b19e416c4a6cbff,23036649
0x830e35A2bc4915085Ee377Bc3a0ad05c9289020A,590318
0x8313cbcf569184beb7c2dbbb3265c19f465b1811,23036649
0x831429a969928a2780b5c447118f5531C4dF06F6,590318
0x831962f46CBC9DA96919B1faea3e1Cd29628FB21,590318
0x8319B279b12E1B75ADa60f859D7EEc5B54186e50,590318
0x831BeD03CA43f511d21AEC1bc22A89fE8f6ddfab,590318
0x83207D0fB015358D82c44a19099bB93F514E7D78,590318
0x83291786695b4E3e68981823d531f24869a14ABD,590318
0x832Da67dD2d0d980decf2bB1c0001eF983D9400D,590318
0x832c69772b3d1587cd2A5d384C39084EbbDFe145,590318
0x832d2BB4dA81de2d79e21E7e67Adc7cDBaFDAa8E,590318
0x833007D2a858978651b373474CAaA381f20B6EcB,590318
0x8334C3ea9cc927d4251978007DC17E7B7924A492,590318
0x83373f38E54F2F0F2dEff1174f525463Dd7AB413,590318
0x83378c70B12Be0431A36416622efD2e430B04628,590318
0x83399f5a4ecA3BCc22FaB7f23742662Cf2D7a9b7,590318
0x833C6029caD451F2d08ed3696Ad4662847bd358c,590318
0x833C68CcF99F7c6A3728Ee40508Cc2EaFD38263e,590318
0x833F4EbB7d20a056141E96f4c98feC452B60D275,590318
0x833afab1fa14a43e15983d99ee9ebebbb3b9ea43,2666666
0x833f65424919B1e2C3C7BB04ca017A7A9a8a0b67,590318
0x8341B0d5d2d2672BF092C7c6A8142530e7ed4C73,590318
0x83437BE8b5Ca146eeB9F7129778CcB8AF2f7dF1F,590318
0x834929D4d9A53cE21ea95bA944a1003301b7A5b7,590318
0x834cC37dbb282C4FA48165fb077d1e9566b9D2CC,590318
0x8350Ae9A79c0453C3aCa785e97849fe9Ed0fee77,590318
0x83551f58B76a8F3b843739827068e046773Dbc3d,590318
0x835b9eDf89e7472AaD4a2FC4fDE8a4E6f05Ae9f0,590318
0x835d414209FBA68f426608c9c5462EA0fBce9d86,590318
0x8360657E178F3B7E6b00fE4C8f37518099b8a628,590318
0x83652653377445c91c56284CB8aed2DCCA5F019a,590318
0x83652ffA17ff8bA94e692FfcAdB06ef0442557A7,590318
0x8366bc75C14C481c93AaC21a11183807E1DE0630,590318
0x83684836905E79894183A5F6F738dDf18CD93aBe,590318
0x836BB233857eDD549ee972Bdd733833EE1DD8690,590318
0x836DAD6d2626CffBdeE107541195599E5FFd1D26,590318
0x8373005253DDA103D221b35CE4a931cD3f39568d,590318
0x83742fAdDdE0b5b2b307Ac46F24a1C118d332549,590318
0x837667C7C5cB49609ed5BFA5d3B2f1bbae81d8bA,590318
0x8376a3468DF07DeBc9e468889BBB7b6d774a2761,590318
0x8379b1169711e91b92AE90FEAA206AB481f89F06,590318
0x837DD1E0bf0b1FbcAD58876142A82487A0afE645,590318
0x837Fb32BB436C81a7e686F9fAc556B1e65aA2637,590318
0x837a9901300312c86884902db2bfd343a93604dc,23036649
0x837bd1c97794e8d731785f963ab4c3b4b0fd8165,2666666
0x837cac8C782DA5F22730dc31EB5C967aBf7b41EA,590318
0x837d31b2e33c03d7127A0B50a439dbd7D09ee950,590318
0x83875bBE8dbAD846FbF6F7895f989150b5aB687D,590318
0x8388298D1B9601CE2da78127605570b4878f2cFa,590318
0x838A9A5079e16F7c19aEc198Cb6cb42d145dFB86,590318
0x838Ecb781F4De1788f77ebA4A1e98907Cb30cd6B,590318
0x838c03a2FAE142D0b8dc9aF32F069aDf73BD59cf,590318
0x839395e20bbB182fa440d08F850E6c7A8f6F0780,590318
0x8393e3f2da389882ae7852aedb2ca706cde4c784,23036649
0x839469C31b854B6E6A0c1e67e6183eBBdaB46456,590318
0x83986D430E4F4964A129C0334EE52CB37930519a,590318
0x83994F7AB59ba007Bd5D6CAb13D8820b508C1bC4,590318
0x83B285E802D76055169B1C5e3bF21702B85b89Cb,590318
0x83B5654564cAEe5c8E86a314B4E62330Db99Ce16,590318
0x83C08d48e4e18c1f906fbA255312c202821A744a,590318
0x83C1B24e8CB73D165787dcEb9A8B2D8A6d5188fD,590318
0x83C9440dc34DA00c47A0d4dC2b598d7BDB1b53F7,590318
0x83CBF51Bdadef654D580a0c1553475d6Ae504881,590318
0x83DF15f65f84d2099685083d7773EC6D0D285A10,590318
0x83E7322328d902940c490634396860d875E448C2,590318
0x83F8EF709910aB3740a7501114D3933300AaCED8,590318
0x83FE2199B5500F0b4a9206e0a22AAe9441189975,590318
0x83FdE809A1b91EaFF0eDb3BeAf253296befE021f,590318
0x83a195E5De78A360407875b82B52782D331Eb298,590318
0x83b2cd63cf28c5be12a84d4bb196ebf3f5442e39,2666666
0x83b74C5b98bAD3E0364a02f6b2eeD3A2C0a7561E,590318
0x83b82b0d0a2533c50a3a4682e07a1075a448be02,31036649
0x83bb5a97228b646a29cbeca8553e4e81f9cafe2c,23036649
0x83c923828bDb1fF8340e567473Ba275aB5a6Dd68,590318
0x83cB8eD8327ef07E993b04bC517D68613E0ca14E,590318
0x83cF864857d8F877c2fe0c4Fa1AF5934471cF66f,590318
0x83cbB78BC4F870651BfC8Dd898f2a43bc0553ac8,590318
0x83cbd22187d5e23fb37da9379a047f4f5d921151,8000000
0x83d038f06f65a2011E31434d15c656DacE128153,590318
0x83d31c9373f278f4ac42bc9ac8ddf1242d93af07,23036649
0x83d7a6d4F4e072f45A0Ea4f172dfD7BD46002726,590318
0x83e038D167b7b54EA44c20fE4A018fA914B8d60b,590318
0x83e03Ee587b0Ef9e8dDb70507b3557486311B3A5,590318
0x83eC9176C849583634a946978E99685Cc979eD69,590318
0x83eF0694635DAF18D84fc593a03be908F4Eb3ee6,590318
0x83ec0B504650C35320a04F4dc714b36cbd889081,590318
0x83f3Fb705ae68bf0621F4De6F146FFd61ef501A6,590318
0x83f7C302A2491f7c350098BE73Ccb53F79fFAee7,590318
0x8408c9Db36147F5aAf8645774441CD2C391249ef,590318
0x840921F8Cf9424BEdBCC317046A79Bfaf413713b,590318
0x841007bfc35e1584c0c6f54db1f3d39251b40c1c,23036649
0x84143685D9FC0Dc2536892D349Ec19BAe675866f,590318
0x8416268B9531295167455ae770fAFcFE1d44cd08,590318
0x841AD0AbAb2D33520ca236A2F5D8b038adDc12BA,590318
0x841F992619c4272D1e78E22725f4323417C8f1D6,590318
0x8425cB9Db22F88BB38f6c64B39c4712e4ca8aA11,590318
0x8426e8e08cD301445EdB64955c4A6a6de3f2D0Fb,590318
0x842C7d6fB7d1F66377349c0744CEA5262a20F288,590318
0x842D011C18279675ff84c59C457fb60AAEB6cFfa,590318
0x842da43127DDC96024Fd5785C253D6bcC06fB18E,590318
0x84378AaeAfFE1557d520f5347613715ACEA4A729,590318
0x843793006d45402566FC232dDE7050F1bD892c73,590318
0x8437cE97EF2153d94b9175F0B4145740c2A55C09,590318
0x8438E4095783EBef8C951788AD42c3BcD084FB41,590318
0x843d40cF4C6f6aa8c2F9d84fb4E86d897Bf6E1F8,590318
0x843e4C348932fb192b7b3b815405787142cc7f8d,590318
0x843e7e963f5d6928ee9730f2fa4bc2b16b7401a9,8000000
0x8440d2A73FF14AC4D3eA51e7b82fe7f4F159CCDe,590318
0x84411E36F57516F3b359d9afBCAda418f07bbCcc,590318
0x84460eCF989697b3d3dD4aE53361F16CC3a2DABb,590318
0x844AEA3aD1c43D2e53948DEa6E99983B68073a93,590318
0x844a510bb93b1981659f3c695a770eae786efde4,2666666
0x844f897E34B96D0c6bDB3d2a42e1b580774C18c2,590318
0x8456195dd0793c621c7f9245edF0fEf85b1B879C,590318
0x84572C31ACdd30c03982e27b809D30b1eFbCD8f2,590318
0x845A288B5d774E6c6B7d6C7C89e2a3542bD61785,590318
0x845B0BEd7Dd6A2dc60a9F8d8e3befD58B645c528,590318
0x845E8Df859f2820C6eD2b54dA3B15B2A7375b0D2,590318
0x8462E20068d52aa03c5DfeC5baD05F93E72DcB65,590318
0x8463D6fFCBfB56Bf20AB2E1111F9a0E8359533f2,590318
0x84677C9949f95416Ef54352EBA23C0f97F08F5D8,590318
0x8467B8A623006b70B649881C4AadcF3014f08782,590318
0x8469d67D13DbE12211A60008fAa9547E27A1804D,590318
0x8476B6a8aA0B4037e69e79f116F662aA0096B0c0,590318
0x8478D758Fe22E89A2899e46530AecfE30eDf7A19,590318
0x847eE1c27159Fd62e1A7f7Cf414002b027023FF5,590318
0x848172585cF38aaD29C6b8244dBdD604AF4CF05D,590318
0x8482DbcF4310F6BF473Fe6a25F57db045BB0dDB9,590318
0x84838a8c45a9572846eC1c7A7f7Fd8183FCa9D3F,590318
0x84860b9Ac8Cb1060f13e17864B9cA9D86d3e62c6,590318
0x848650Cd11E3F3E2D69ab421c3EAe75aC7b80211,590318
0x84874AA02dB3BFFf23E9C6BFAd0B6cFc198231Be,590318
0x848aA08a594a14664685e7bbB3a00E38Faba4F2f,590318
0x848b613Ab4Af039c1337627570ac77ff92be21ed,590318
0x84911Fa6E2b2867CFF600915644cA66000000000,590318
0x8493eCA71BBe028CE959c760E209E3aD73ecc86c,590318
0x8495755817044994F47197f9850F5B8Fa41a3D54,590318
0x84977dbc31105e95da03154a168567a68dc352d3,23036649
0x849a27048dE274c084F42551f395823F8fa18f2E,590318
0x849f8c54f863269b6e59dc47a548a946d0bd7fc5,2666666
0x84A340d97694d631d8d665684F05C209609611AA,590318
0x84A8B44Aadfb8acd36c137635CE3A16EC0c7c03E,590318
0x84B0C50849D29636132924fFD375BD5eDb721cAF,590318
0x84C6BAAD9E5459E58b6972bA9f6977da74996db2,590318
0x84CC008164fd0D186F2a9208e330f2F4F288285f,590318
0x84CD2c9770E986ff761CEC264913DD4a9E0dF17b,590318
0x84D12C462C8E149e797368f8aBD1296Cea824ea9,590318
0x84D807309BfC1E8340554497A280FfAE9BA5FcE0,590318
0x84DC75082737908E5Ebe5F9c31F9d0ecdce1E038,590318
0x84E87bCF1937AD8d5d2068ec3e00798216bb51CA,590318
0x84EEb7dB3f93feb5A8A98F56Dabb970A6797c187,590318
0x84F46dfd49887ADD042FF8492874cB7eaae6b61E,590318
0x84F4CcC36fC9d5FB1947949aE5572A33ad738667,590318
0x84F5BeD3B872776D84dd745Fb1d5B6F60d0be01e,590318
0x84F6fdf8eFDE9c4A2f37AFB675eBf3D3f6c8A16B,590318
0x84aBD78727950Aa776f7939102f51Df6B166ab84,590318
0x84aDd394aCB70f89ABd27deF20386f29f0B404c3,590318
0x84ab8F88AA6b87747A25558a3c6cA7232DEE975E,590318
0x84ae379244269d70fd9f6423bed3000866aacfc1,2666666
0x84bC1fC6204b959470BF8A00d871ff8988a3914A,590318
0x84bb8F4998527aaF4cf5633Bb2743533310600bB,590318
0x84bd634609e2d3b18a0599496f54444f259aa6ed,25703315
0x84c20921d0fccDF0593E350dc37c1c80c61E0bdf,590318
0x84c8855a9c4Def842266eCf7e7533040E2A3f4B7,590318
0x84caAa4e47cD3710E294E25e461E331D7175677d,590318
0x84d59a428B2Ac88B3800DC6288cF9dde457f91F5,590318
0x84d5a3e7704015773af92677f5f89da9baaf2269,23036649
0x84d5bf7CE1dA501Ad0c6A2FEc8Aef34dA3416300,590318
0x84da05538f7ec20fe2f77f0841b360eb2a76be3d,2666666
0x84da37133a088Fbf4e21D80Aec2CC260B52eA116,590318
0x84dcCfB3F3e044229fa00e216E2829725579D97f,590318
0x84e07704Ca31e6dD3aE77d5e6e37f773f78D342F,590318
0x84e6100c501c808a7A54B18432b8b94B3F671287,590318
0x84eCFae981Dc99Ec4923c8503A519AD5D82640Dd,590318
0x84f42c52a1de83c50Cdf2FBb775103c8533aeA93,590318
0x84f6fdAD487eD45Bd8d8dc8eA72bCC8562DA27cE,590318
0x84f6fdad487ed45bd8d8dc8ea72bcc8562da27ce,23036649
0x850056589C99031d55Dd2e6351BdbFe74c27caB5,590318
0x8502311B3c9872b21d589171119d3Af42a78331D,590318
0x8502F5BF60182C3D55582C963f952Ae355F9253a,590318
0x85047527b7184033d5B7717Db659344717e404B6,590318
0x8506e43D89d80BB24d678F67f9e063444b8AB536,590318
0x85085800b0B90Fe8A220047Ec947227Ea07bD73d,590318
0x850Ba0674D0896b26581F59c06B43661c77c5325,590318
0x850ee88156bd64b3fd294f4466b2c719f3aa8130,2666666
0x8513FAfE1813B6ec3BBD9fc4BAF5340bda8D670B,590318
0x85147F030A134F5Dba9c27EDf466afE09F1E8aA8,590318
0x8516700E51D8d3A1fC450fe6a9cab25cf5B5C41f,590318
0x8517eeB990c090BC5FAe9CE4619f040b8F0498d2,590318
0x851E91aFB0F1d38567abf0533f42f855b6799bf1,590318
0x851c360d319eb87288ABac3781e39ad08982303D,590318
0x8520d0c77Ce65A331AFf239C5149f6501f9d41AD,590318
0x852481b25bA169d5ca16F47BDaC0E844900eCF3E,590318
0x852676A0Ff8a377A041966A83Ed0c0895Fd34993,590318
0x85268d9687805A02721245587b66CB72314226D0,590318
0x85315CeBaC3A6Fe8eDfaa42f10B7Edbc0062F548,590318
0x853B811892B8107860E8b71e670a83C462B4A507,590318
0x853Ea016613422DF1021396047FAD8B1A92C3e9E,590318
0x853fa3b162728dfb1de3bc0f98f31c0e1d3435e5,8000000
0x854225ec76101be493b34e6dd1cf956bc273c672,8000000
0x854CC995542e05c7Bea57034E2b2e88D509D9431,590318
0x854D7B77B762B2ca07b1Ccc21e2a19eB1ccC34C7,590318
0x854ECC1d38be0870D44b4c9415cFBB21CBd9D779,590318
0x854F1269b659A727a2268AB86FF77CFB30BfB358,590318
0x854ce16536CC41A0593A754F88a3eAf14EEe9938,590318
0x85547CbF192604F0Ea7e6f5e4172bFC851f5dafd,590318
0x8557954461298085BEFCae20Dc46cC4343044671,590318
0x8558487F28831b88369e6f38ed855287aedAF72f,590318
0x855B77fc563Bb5a2c062B9ad3Bdf7984883eE8b8,590318
0x855Eb99E376E7d1Fd48110B87CE068652caEe2ba,590318
0x855a94671b1A4c14B8D8C0B6389adb8F6C21f3fA,590318
0x855ceb66d346dAD407dF45301c9aF15111cf6331,590318
0x855ec152de32a755492d76b8597ef62562830aa3,2666666
0x85603a042455D2F36F3Ec52c1c756344Aa70c5EF,590318
0x8561681b5F82abEf12ce81dd716172CDc6337997,590318
0x85689350AB615c8D8Ab61113F74AE596875CA773,590318
0x856F1f6994955c412d664C7428c287C0D2Ae024C,590318
0x856be9c4366a435c424c82cff622e07351cb751b,23036649
0x857083491fee6775007742f87a078dF4157b0aaD,590318
0x857197110f3Eb2335e44851B173E58d2A68ec3d1,590318
0x8574D0b627F886519F226874A6eD66DFE0D57B03,590318
0x8575598130B3a973ADD482140B857B7B2A1D307f,590318
0x8579f7795d67e0b6019da77b132d94f04e1ac911,23036649
0x857A9b1378A60587F2aC4933f13068713CcF5644,590318
0x857Ab110153AD57240Ab920E93BFb549C045aF55,590318
0x858B8EF7D4dA0Ecb6d701a3Ab59Bc28493bCf43a,590318
0x858da48232eA6731f22573Dc711c0cC415c334C5,590318
0x8592A4C3EC6b05e01CbCaA7f26aa076CEADAaF10,590318
0x8594d7a13bD4Da9Bc6bab2A2383FefBe039499eE,590318
0x85962207B83190108a7E4DF7ea39BA505919BF53,590318
0x859809C26A4C96e852E87C89009d911faF864d32,590318
0x85A751C9316Dd4Cc6e5F639DEd2a81A3aff4fae4,590318
0x85AbE7Cf51cD374bDcC4a02FD2BAceEA6A3914F8,590318
0x85B73430Af0068c038e4501ebC3A12E216E9Fe34,590318
0x85BD9EE7d76e07F7a5e20C8608e9A3b4F97b95aC,590318
0x85Ce49ef807Cf65405046217321075C0365d6C8e,590318
0x85D10d3c539bC4bbE13fd1631Fa09D14e742Eb71,590318
0x85D33128810687a51282CbDA8e5449157eCe72d9,590318
0x85Dfd32947f6431d0760E2C7B242905399D1dD2b,590318
0x85Dfe30ed831B469783824128f634da712ab77Bb,590318
0x85E9183F9E6B3877473E228998F58D4e6B225b6C,590318
0x85Ef33d5a8682A6726F1dD27e4cD97561b593b1E,590318
0x85F0a0BB2eF4192Bcd79A20c47B26096c99a9907,590318
0x85F15D0E945D96Cf43a9156BC6ff63f8821b904a,590318
0x85F3b280cfD9a4Ddde04f8B82A6eEcC273770080,590318
0x85a04b82a0e18caaf4ff5aba707173ee52564558,2666666
0x85a2da92a77a3b6827c27c849eda1a84dabeb6ea,8000000
0x85a63f5E68e1903E0fA54738f2AA49D5f3AB7018,590318
0x85a6cfc690e617abf0cb53fa5bc8ff8844c9308f,23036649
0x85a9BFA3f093Fbc08E335aF428Af3444d8057521,590318
0x85b239c6c63611e8b5e08db6c98b094850f10ac8,2666666
0x85b8A6a73E4110e349c6bD812bc88D2a3814dfd1,590318
0x85c1F8177282a94f4709bf221f8e3C674C305748,590318
0x85c429edfe8053148d5aa196436b70fb5b107f0f,2666666
0x85cB22B532C19C4eF50a6C59386bCba4C8606A69,590318
0x85d1a319761d80d0dE3dB3eCBC4234949F34BdAb,590318
0x85d4f1f3fe3E99b4dB927a8cFD5a202b2BfCec24,590318
0x85d926Ff15dD1611E50e42C9F6Efe918c1c36C64,590318
0x85d9ba5e2910C080893A828976CD7CA040cEB5a5,590318
0x85dCbF62C62A92ad19cA26567EF541D1C62D7cb8,590318
0x85e2e5048FD575Ae42f250A7A64c136269AE0aD8,590318
0x85e410E4c535cB1709dbD36468F132037a5b2087,590318
0x85e922C69368c6c803dbB8b5DD6089390bF870e5,590318
0x85ee71c0aa47eb9de2904da74a910deaec42f0a0,23036649
0x85f3515B93453292a8Dd1bdc93b5F1Fb259144dF,590318
0x85f44D45238329b2352056BC891760a8bc1A4CDB,590318
0x85f85bE173aEd6a65d474c29693bA227a04560A5,590318
0x8602422c6cA8B946109aD9179483Bf265358E9A4,590318
0x86046091787a629d42b4caa2de8bbe41645a5ef8,23036649
0x8604f0b192f1e04f6bf410583b0cccc14ae8a566,23036649
0x8607a7D180de23645Db594D90621d837749408d5,590318
0x8608813A87fbC6AE1f107cEE99ac30f955Da9A9e,590318
0x860E468Ca7716Dfa0dEB4FC84459A74b3974E5C5,590318
0x861248FC131FFF9213451ab9D54992756B8dCffb,590318
0x861496ff70326377d5eb717e5dF4d197CB22D57A,590318
0x861e4D105c8C62A051a60837f11f491EF129FA7d,590318
0x861f62A515E38eAA40825a8CeD06a7a7f82DEA25,590318
0x86286d93d79a9E5b78De97CbbC8dCaba0f2489fC,590318
0x862b5D7Ab84DFCFBD14C9BEbb46a5617ecFfBE6f,590318
0x862d0CABBF8590Fe7912d5d3A6a4e16fe1b5b8D8,590318
0x862fdf0Bdb29376C23ba6377F195B8680Da22c5B,590318
0x86324208823e00bD38Ee992Df71A96B28B3cE91D,590318
0x86362a4C99d900D72d787Ef1BddA38Fd318aa5E9,590318
0x8637D3D215fBaE518C4135e4A5Ca125703FC3c19,590318
0x863DB62bFed69a1482848774a3dF74ADf4C1A36f,590318
0x864555DFAfdB11d0D11332f0080aAa0F4FeCb36e,590318
0x864A7De3Ab5728Ec9ADD90d5f9E33541A376F812,590318
0x864CB35a266eC8f3b31086b2A73445a94f51F87d,590318
0x864DE5bbaf4b8c808E94a8385B95B0855d170137,590318
0x864E79e33CDD0c2DcfF8B94309902e66015D66d3,590318
0x8655D3D8a3de5c1008360a4f93E1D8C8DD87Dba2,590318
0x8656a821AF183Cfe9E4904f0a47a370B3E76124F,590318
0x86596691C02a95bfE8a66E50fe808523A560250e,590318
0x865c529F7053ADc50aC9d3efc54D71DB7b28907C,590318
0x8665E6A5c02FF4fCbE83d998982E4c08791b54e5,590318
0x866F5C300E824363570e1C6beD943E09e24c15d8,590318
0x866b2876b4e4e7348343Ece043Df8a0ADa3311C1,590318
0x8677B1C3363C043e8e6a9987Deada6E15D81d072,590318
0x8678b5b38B74495c381ab4Cb53752C8425509B27,590318
0x8679eeC37dbD8310bbbEA013D0FD6c271dC2AE7E,590318
0x8681D003404e61B1223445679b555D119dACC22E,590318
0x86825DA19c8D8dA65F34aAeB12d4e38057e81b2C,590318
0x86825da19c8d8da65f34aaeb12d4e38057e81b2c,23036649
0x86884031f37CF40B661A38F6F5C0ddE807f424eD,590318
0x8688515028955734350067695939423222009623,590318
0x86920e21aB0C18832369C2E09e93B27c4a5A1750,590318
0x86920e21ab0c18832369c2e09e93b27c4a5a1750,2666666
0x8692AFF5999f85db7c887751F5A21be1eE7Da42E,590318
0x8692a2209661f0997F9d8aC98203f29162519d28,590318
0x8696869C8d022225aE0Ed6e5E0E9D34E651D44C6,590318
0x869a086da28e9cb9b510a97115ca888e9f580140,2666666
0x869eC00FA1DC112917c781942Cc01c68521c415e,590318
0x86A41524CB61edd8B115A72Ad9735F8068996688,590318
0x86B165f0248E0F80a9061060c01d45D31db82DD3,590318
0x86Be8BE7CF1a77FeEC3eC5F0B8e308E43F4e0765,590318
0x86E13E00e2288dD6982F9708A573C16a16363A82,590318
0x86E83514DceA096fCE2197066F54876c20228ef4,590318
0x86EcfD94E52Fe172Feb900C7dE0e39b585bBEE16,590318
0x86F34D8b98171281AB8bFe65C7e2718E4f002e35,590318
0x86FC9105f582d7BF62A32755c76d29c5a4EbB469,590318
0x86a1Ff652aEAb4558Ae543fa9B50b68d102F8B5D,590318
0x86aA428c6747330026E2ACED771a9175634d8BF5,590318
0x86aBE289cfeb6Ec7Daa118DE76A10e3614768128,590318
0x86b0bc4Ca189279C28eB709834ABC50339a79667,590318
0x86b3008aa142a5cdb6145daaed70085dc7962bb6,8000000
0x86b8FB59eA9DaB7A7De10b6dC9d8AAd93Ce24049,590318
0x86bFeB7Ed8F339F2794036719366c8b0C4014857,590318
0x86cc7Ad354441bAE1304F55C1F6df8ba98D44Af2,590318
0x86ce2426bc601564d8f5082e900348daaeabb373,23036649
0x86cf8cf13809628a01cad39cd804c4ac96d76a6c,23036649
0x86d0bcAf1cf7E09a64EFeE83C1991EB251fBd293,590318
0x86d3ee9ff0983Bc33b93cc8983371a500f873446,590318
0x86d6c1CC9baF0e561be2e01F83a75bEaf09BE19B,590318
0x86d8dF20332a9dEAa373efB1b795CD535158bC56,590318
0x86d9e1184b447759F1DB09F62325fcA51D757993,590318
0x86d9e1184b447759f1db09f62325fca51d757993,2666666
0x86ead86d129dfd95a80f0368d526b47be7f8b1a9,23036649
0x86f2d48Ab653D192AC8395d7A92439BEb43337Cb,590318
0x86f2e75c5ac2336d0a6fba1621784044d8e1b19f,23036649
0x8701e0de08ecc252845e78a32133d31a33d76636,2666666
0x870231272d0279f674A3b495fffC4d6A58096594,590318
0x87049bfa1623784cE2f1F807a3b8a9B4D66B573e,590318
0x870523A2C5E37cc9Eb50dF9b77184284e0a60590,590318
0x87171B9B3aaf3c1fdf1B176b561AEbA486af23F1,590318
0x871AE2E1Ef121d7C43d57D6318e227DD558d2e39,590318
0x871fd346Bf887501DFe8585B8f8252DF0C95aDBA,590318
0x871fdb34Af17afd04C88510c9118aB0a4841B60C,590318
0x87306c001ce5a38aE594880e1Ad2a043813F79A7,590318
0x87334A0612902dd2013645DeF850B79B3B7d7AD1,590318
0x87415604e043D6f688EB0E9D8e6B41809D3B8a61,590318
0x874431e08678a039B001B9fa439C28e3A437E320,590318
0x8747d9Eb39085f082aB40a9975001276296027Dd,590318
0x874FC12eB80efeE30EFad4886671044Db6259FCa,590318
0x875430Db3C48a60cAa2f35a6f5fD904ae8fFEc71,590318
0x875432A9077346da8431EBb57AAcE1A53415391B,590318
0x8755D884D54b4875BB09D8565a2a037C0FD3DB3c,590318
0x8757700E6dC09a5b3F63C2fc9E150a83d86bC66c,590318
0x8757F328371E571308C1271BD82B91882253FDd1,590318
0x875bc971B15C653c8eC772f99230a423d08AA505,590318
0x875bd182D66c7Afe821F2a7d5F1d6A8c75a6BDDa,590318
0x8761f73Ba2Da2CFeF8da0251Fb90BC568fb63721,590318
0x8765bb776b00A14198025283988c23F72D330E2a,590318
0x876Bf2a8EcA74569bD606B0D6bE738B269130417,590318
0x876C6980cad8F2fA1EDB4E734f08cf2Bf5c9CaB5,590318
0x876eB4A3D7261bea7D0c11fB37d605d0cE802fC9,590318
0x8774312a8661f19c2fdd0b13188ce15573911210,23036649
0x8779c153e53E15EfBC1e67417BE3E7755AEf6Faf,590318
0x877ACF9223fE23B8FAfF0B04cA4e4Cee3001d18b,590318
0x877Bb9D37E6D545133F596aC798Bd0901cFf8eA5,590318
0x877Bcf27E3A0a517aA5522E574a79dFf36727b37,590318
0x877ECE89D5B1cD4De600f9f3aC87fD8089B3DBFf,590318
0x877ea2f746fA0d0A895a34c2FD2F5D9955b8895A,590318
0x8781A4df5310c332DC6Cd36f8a8B6Da1fEa7bfbC,590318
0x878414529410cFE848C389fb8b3B2B8B9194Dc47,590318
0x8795E2be48FbC3141020B43F8C6A056924B7dC20,590318
0x87A606a8E795436f22AD2898e9aA6eefC4789335,590318
0x87A6be3552386Cc5266A5596c88022D7d8F4Aa97,590318
0x87Ad30d45c2E07CFCae5deD378523587CC42B250,590318
0x87B611178011270650c1377922ca132091A54e5F,590318
0x87Bf2457C8B669F6925e2Ff1966cD1139e18aaBc,590318
0x87C212C9234F13CEF9ba49416Ee08751e90154dA,590318
0x87C5893896BbD12bB7171dd244f7761e0cC422fe,590318
0x87CDad83a779D785A729a91dBb9FE0DB8be14b3b,590318
0x87D6140D1246A8F6C57b62e3BdaC1a10f43960b2,590318
0x87D9C2D9990A9f3A18F1377Ff20d9945F9eB3792,590318
0x87DF5F92Ad16d90f1368F70CaEe4312574E8bb25,590318
0x87DbfFd0eD90B2252856faF753437A7bc9FCfa7B,590318
0x87E7B10d1c296ce264A0cFBd468b10Db08cAc3cA,590318
0x87F88724F0555e1FE9119faa0AcCe99dF8B3C5B1,590318
0x87F9484A90C314Ccd207bDE167612B8642D0ce01,590318
0x87F9a31024Ae7bD0a0B82071E7B2244B8280043F,590318
0x87ad30d45c2e07cfcae5ded378523587cc42b250,31036649
0x87b1e7ae673eae349525C5d1F694ec12b47aA2Fc,590318
0x87bbbD48D11d8075dCb12A2Db4588CEEDf4EFf27,590318
0x87c5397104a8Dea926a133CCA1aEd4A0CCfA769b,590318
0x87c9c74AB607f1c7fCcc9B9C0551dAB25b81C960,590318
0x87cf2DD460bE20555be5fE0910C988D27D7c48f8,590318
0x87d2e7b010a501c7b6daa4abfbb405b989567488,23036649
0x87d63B96ca7695775fddE18ADE27480143F9dfA0,590318
0x87e32D4631D728d6aD7EBcD133b11FeBC9DA9b93,590318
0x87f1bf916CF34Fa266E3ABD4224A00004AEe4AA7,590318
0x87f361bb987eaab2aec24646384f84cb477e9cef,8000000
0x87f6d1f7a17ca06e22dcaeb18772043609e163da,2666666
0x87f84D8F4cfB65dd05698667b9975873F3167d86,590318
0x88004441a0f79727D19A2697344244C901736E0A,590318
0x88046e4e2B65E94F3bcd1D7f7A1465037B9E1F88,590318
0x8805Dd11456e506e7362f93e1Ee3304CE0cf72dA,590318
0x8805F76a088485af1F86FfBcFD96a0B9Dc3dD0D5,590318
0x8806D2eD87398BEE00Bb044c882406ba8ead0d5A,590318
0x88094758A8f10E60F1a4e2fAc9034AbE446a9d49,590318
0x880E265A5F7BaBd24281D6e7a2FCf41dDfB5B4B4,590318
0x880ad91EeB8DA338c25CcCb838A34E8AD050e0f9,590318
0x880c4F74C3d4C39D75F8e2aD958F40671416bf66,590318
0x881475210E75b814D5b711090a064942b6f30605,590318
0x881A09BADEd232e773C4fc06C6Cac13b1F763dF9,590318
0x881CE3c2EF1D1D8eb652A5a5F3f666827baB5fc9,590318
0x881a3bf6da154a8e3e5852b226394267024f2e4c,8000000
0x881d33a425dcfaede304a14412732dd51810167d,23036649
0x882191828a94796bB596A2A804d0Ed4F0c63e5C4,590318
0x882337880eE78a7D32A069061994f619fd540F6d,590318
0x8824713cF1E61E6BB1124601a1b11A246cF4FB4E,590318
0x88276accA9669af5ED02D6DcECB9a0A9c43C8206,590318
0x88284ca86dbb5218bAD95972009A2835c9A442C0,590318
0x882E1258F47d1466000A64D4Ba842e397E769cD0,590318
0x882EBe579E11104FfA610FAd8B0b947955cf3D3D,590318
0x8830d260F92bc4a48ac2F59CDB0A4819ef4DE9f8,590318
0x8830e7cBaB536d39c37709758E4F8605e3120888,590318
0x88317874cfbfC01771CaD6D10789029CE8Ec9e2E,590318
0x8831D14118F1c08100BFf7F73852225883B4eDA8,590318
0x88358D38785b86cf9ebCbA187B4069d4cf6F5bDc,590318
0x88368ffB8Fa6A4F653002f86a34955b7B344eb58,590318
0x883a7014b015331A69913bd268Ef126EF352d721,590318
0x883e7fb0022407ef44fa067b22580c343631188e,2666666
0x88445F2d3c1841F36fCd1f8C9E63F222a63Fd1f8,590318
0x8845d579f912e33fdb182e37cd3430b0f82ad592,2666666
0x88476513Bb91F30D7fe4d28462DF41f71fd62914,590318
0x885297acf9df426d0d3906ac7a961e53005a4e07,2666666
0x886241e011A6C148bdD96B097EB27962f8A1c5F0,590318
0x886243BAC92E190dE060e80aF1fff2A1919f07bf,590318
0x886314583CD9225945065bC3511302b1D3bC4438,590318
0x886478D3cf9581B624CB35b5446693Fc8A58B787,590318
0x8867BEb8Ee3fA51604Fd137Eb77f921d7Dd37868,590318
0x8868876a67E40A2887d412cD7B89E25034D668Be,590318
0x8868ADE444F7333B1543C71413C69c7Ca6362a04,590318
0x886913933D27CAa1C399251581F085Bf02A02Bdd,590318
0x88696C4985f64Ea1EBfb9E46c1B47197F7a244AB,590318
0x886Ee2E8B19874C0d31A5691431e46e0a75A967a,590318
0x886aD52bBf0c64D23DC5Cade3E3f7861E7A8cAfE,590318
0x886bbbf5938F9BDd920808f4cA325E1B3Ab3412f,590318
0x8871D9D84603689675A26163DC58B5c7707245f6,590318
0x8871d7Bcb332578e3166b1BBD70B289e726A1f5a,590318
0x887299cF58A3f0BA1f6eE59122E19a65EefE2BB0,590318
0x88777B34F477C86bffe654a0db4b24D63B0253B3,590318
0x8877Ad0e9E276A5aceb8C3a2bdAf097fCdf3E8d1,590318
0x88794Bce1888f14a84BEE7B2f541334ee2DEd023,590318
0x887C3599c4826F7b3cDe82003b894430F27d5b92,590318
0x887dABfEb13666D83320Ed0c86A25138Cc535EbB,590318
0x8883D6EAA8EC41C87faA8Ed888F99e5798D773e3,590318
0x888793dB5F28CD825280cD879D184ED701788888,590318
0x88888804303d407DffC1a8EAb3aaA431BecE8f88,590318
0x888888615dd3513084d5ca626d372BB6d9a5eb50,590318
0x8888892C503f24822Ed71eB2De512b9742Ddcee8,590318
0x8889Bc01dF9B009612e25003eBa5D07678dC18AD,590318
0x8889cE3a4A2221dA4475724bc3D6f97346463800,590318
0x888AC5DC8850bc2163B8aF83e50AB05725D44197,590318
0x888bB19484e896465DcCBbE55138c284123291A1,590318
0x888bd1C669de602CC66067d5353c84847cAa6156,590318
0x888fac604dd7a0caaab05971495d6963648ac58f,2666666
0x88902117D492794c19e16785369ccABB65475c1d,590318
0x8891Ca56E765123a3984dEF35b9e2748D441495D,590318
0x88923378021BeA85f9b09Ce571a309E12C7D2262,590318
0x88941e2738F99c49D872B9c479cF8F28051d0E0e,590318
0x8895A66e9070E0c73f45775c436D9c82fc815f88,590318
0x889b5919f6be0b8d1dbf2deba557058dd3e78092,2666666
0x889f585eC85C7b8C7c39736219AbC99C8915a141,590318
0x88A218BDD10aF88C0675169fb37AFCE526F3f7b8,590318
0x88AdfC5EBA1195D163E8D5C90FDdEE4b0D436Af4,590318
0x88C24C07084C9eDa7F65B2A114C53753D7105aFf,590318
0x88Cbd94B36aaC403dc590EC56c44AdA361a12eB4,590318
0x88D14eb9De4D6D2c6985cC72A202235f534F7415,590318
0x88D3574660711e03196aF8A96f268697590000Fa,590318
0x88E251d9904Dc70f2A050DCf18556797DbA2B1Ec,590318
0x88E490F9f4B351d2564CdD0BB8E6921F88bC94f5,590318
0x88E9Cb0cE359247CBAa4631b98413DC6212782ea,590318
0x88F36f51774f997F9c9edf3a80a91591a8e92E0e,590318
0x88a692220ea9c481412a2305778a97ec870a51ab,23036649
0x88a99bc1b2636C78764030D5E1F1d9BAAdf3c1E9,590318
0x88aD7ec61A3C3dC44589A023bCD5b188F7315415,590318
0x88b503C81A4Fb9C9c5464dd3C6835fC34B2cc85d,590318
0x88b72A454a8f834CF027d3AE57CE56fa3F2E4FC6,590318
0x88bf5A2E82510847E5dcBF33F44A9F611F1C1dF5,590318
0x88ca682c8DD3F6EE798d1dFaC3ac90799a54381C,590318
0x88ceE8d7898E66afa1A480f8C0Ea14DAd71E7242,590318
0x88d0e89E7f502Aa49a564b683e19089c771776c3,590318
0x88e47b337340d374dEb0150E528Af92CC92A8d60,590318
0x88e9744eDEB42373c0Ab5854031A2761671d0fd6,590318
0x88ee714455f31cce3ce52c1aeef2bc5616ea9331,2666666
0x88fA82A0a85a31E7308717cE4AAA6e4F04Fe393d,590318
0x8902e71fc1B87d08e4E956D771EfeC25cC9eaF28,590318
0x89043FB8C59509602c370f83C9aB6008F88f6Aa4,590318
0x8904b56b36e1afB5e484b960C6D256139FD4001D,590318
0x8907d622d48801f9B5918Ef619c159b33BFC5208,590318
0x8912D2dA3b5cF79391BAF74f89280BCC4787aBAA,590318
0x8915079f9F131699dd4Cc907a0a26D8fE0F6b9AC,590318
0x89154beDdBFCc826ee6fe8D1e328b1Dc4e56fcf9,590318
0x891D8D624469025e261403F78e68E79C4E60e391,590318
0x891a46617B6997f1d809147BB0c9d62e4AF2271A,590318
0x891b16ec96b49cFCD63111c617eD71038bb4de80,590318
0x891f7737CeedC31dC149Cbe6950321345d06477D,590318
0x89207cf1c3a8d47ba78f4e7d97e2522de0fdcee7,2666666
0x89213f11E4A356d450Ab89A876F4c1cb5B8996DA,590318
0x8923cdff38a43d1fd59d323C35b900047e431BAC,590318
0x892b3a16548DeD65C35859419Ee7504528ae7225,590318
0x892f83Ff3e55eD08C8E944a48eBc92467b95023A,590318
0x89351fd1bff174f8c9f31a3d585554612a766bb0,23036649
0x8937f1f1ba5c335819b8a9220937eea43c96d582,23036649
0x89382e6b327336d5c26209a7a6c345a61127cb68,2666666
0x893AE81E372136B96BdE81976c515f45e75cdd73,590318
0x893c7E3078A3918a459531e7556ee25765D04DA1,590318
0x8940a41799815904a38347EBE9AdE40C15D26A9a,590318
0x8943D990dA40Bc7e9aCdbcFCd1189398f33F259F,590318
0x89473FD68861d140297ABa7A6D4613412Dc885c6,590318
0x894c49Ec8B9cf64d1D89D517DB5D356ed3743133,590318
0x894d774a293f8AA3d23D67815d4cAdB5319c1094,590318
0x89544D5FbF3581c7Fe66E9527140Fab83fe2bffC,590318
0x89550fE6d5C90Ee89Bc122a9242f26A6F22B4732,590318
0x89559BB71dccA6429ee5a0cf83e673C6a42a63Bc,590318
0x8958D0c419BCDFB8A86b8c0089552bE015fbe364,590318
0x89591522A26003D399f2fC8ee50Fe039d0603eA1,590318
0x8961dA62535492DE7874F7f1f2432c1747598EdC,590318
0x89695e9D4C489128471798766f1EE4b2a8AB5B5B,590318
0x896b2797442e7066f2e46959a0b32398999fcc0d,2666666
0x8970B0B320a2D274376aEEb070FE0368D91a4a78,590318
0x897154D2d5c51a835d4C3f540e5a5C24B7DF9991,590318
0x89752d8962b3D0002A95C5907c24193981786318,590318
0x8975d63F86eC89f820281B1dBC97919dC94cE6C7,590318
0x8976a268EC70CF8549Bc93C10e297AC8e16ad102,590318
0x897A9d168866ed132689AbeA7B4D6944cee3748F,590318
0x898a5bD11601fD9101DA787c88EfE8246E96DDdD,590318
0x898ec5357043ebcae9b39cae160542a6ae47376c,25703315
0x89954B73aab94781E1983a1E2B66148f141268Af,590318
0x8995BE821f92481aC4E7f37c961454DF33995adc,590318
0x899D50D2C597915Cc1305FE846C7C96d5Eb60792,590318
0x899ed92104a4d4a25052af89c3efc77b1a4c7311,23036649
0x89AD0EDC173536284bbdeA086a1F6B5793FC40aA,590318
0x89Aff5164874D4f5E3A3BCbC06EE33577741619F,590318
0x89B585dF208c727829232d892A50806C3A20a4E6,590318
0x89B8992AEc28D34eD8579fDe2b10B872DD26e617,590318
0x89Dbd46209c8a6dD8bb73c2E186d526114e74D9E,590318
0x89Df5c1018391045c9de24f8a9251A07fbaD90dB,590318
0x89E669616DF9a216C32C8608B6B6fa1F427c436e,590318
0x89F1E95B3B2f919f8d3B5c38E9e8E10C4dC929AA,590318
0x89FC6428EDEA5491FdF054908460E3A05ce80801,590318
0x89FCb042D49E520b7bF1294BBd26f065B4531B99,590318
0x89FCb15Cadb447cE926613619026ABC0381622E5,590318
0x89a21bc2eB516130f4Af29bC1dF59f83F7084656,590318
0x89a8F558AdF1dD081b7895E73d539a9c560f9B86,590318
0x89aA6d4e19a34e169c2B60774C37a794271a0C6a,590318
0x89aD47cD4878E20956165BB1602129dB68B0fb0D,590318
0x89ab933174782e7a1adb1a7ac798f8b704c9b1e3,2666666
0x89c47fEe4dC45EfA1dbF56C2B9d7556133C60118,590318
0x89c9D05899ca06c5652C22A1D07be876FD2D2b1E,590318
0x89ca1342039faa8ea7260064a51cc164b4de7168,2666666
0x89cbB15C7AB08A39328B0E3dDf8CFFa8D7c50899,590318
0x89cd41793d1a1d6f6746a2e5e34b769d129b3cd7,2666666
0x89dC834c5AF61e269a78dB89532E920725D61bF1,590318
0x89ee282051f1f84Eeed32dA1569218d488416f44,590318
0x89f42ccb1B90103A4b886Cc8ee01979492808079,590318
0x8A0C17dB41577f792625db42618819bE88CcDFB9,590318
0x8A152A95E786Bbfb5B40fC13624e0677465bAbfd,590318
0x8A249d31750D727E6A3a7B534255BADd575Aa26f,590318
0x8A25d8C9fa8C7A726137f2D618d85CbC2C083F78,590318
0x8A2F5cA76a3c5410FcD6606f07b75017f49e501d,590318
0x8A3Fcf15c68C24fB34eA5A65B7caDE28C5BbC5B0,590318
0x8A4C25D64854f3D1908B9337149d5098738A0Bf2,590318
0x8A63E8D6e71736bB76BbCa54E6945880b813b18c,590318
0x8A7c08e61E80f5b4E88e2DD2C58E9D0f919B9B79,590318
0x8A80cdEcB14a60b94eb2524a4A07447A39Cb6814,590318
0x8A853aAdfa623444471eA86Dc7736c5145Ffa3E4,590318
0x8A857e4425f22DF6D77EeFe48c3393b1D4B48ee9,590318
0x8A8C879D39A74fCE0593714956bB7Ed048A5c1BF,590318
0x8A8e97B658ec6c09f9c2DB09f8C55C9B12214107,590318
0x8A9885a1A50b551f17C1cB65c98236A1580A7112,590318
0x8AAAa9c3a06a4A9FE7C5cCe17d8B5db1E225Eadf,590318
0x8AAb6650F588d78f66aeed60404554b4F28a455C,590318
0x8AB0D40f1627Ded4d90Ae2a3eD314517228fa7d2,590318
0x8AB239DDe0A6cc68a735292D2f6E303578397c37,590318
0x8ACFe17a5Fe62966A27E579e28c10e936de614f2,590318
0x8AD40b2FFd3b9a369a4eaCe868F6f519F5212483,590318
0x8AF29a7Bda48eF32F467947FefB139dFF22664a1,590318
0x8AFbE193Df2d071e893034F46C75BeAf41E2cd05,590318
0x8Ab93bC76CDE62bf77dDF457c0496800e47D8D49,590318
0x8AbFFD544a8A3D4B26c913Dfa50F05C75674807D,590318
0x8Aba76fEb9134cae5778c6ee8c76b29EEb86e092,590318
0x8Ae20FaBeB608Fd307Fc1eA15A294340a547d501,590318
0x8AeC4A6fad2Ba0C99aa825B194501257A82Bb9fe,590318
0x8Af700bA841f30e0a3Fcb0EE4C4A9D223E1eFA05,590318
0x8B0573d1c80362db589Eda39C2e30F5190d7EB51,590318
0x8B25188818afD6714E28aFE4Fa859Ea66ed15551,590318
0x8B257B97C0e07E527B073b6513ba8Ea659279b61,590318
0x8B39c38E7cE01Ec109cDEDCbE6d6439e3fF41Ac4,590318
0x8B3FD4dfdC5c8381a613d4018840359118eeaade,590318
0x8B4441E79151e3fC5264733A3C5da4fF8EAc16c1,590318
0x8B4F8984F7C3ba74AC29bE63E094B194FD548704,590318
0x8B5d431edE033A35821f1E143aB383944Aff1bB5,590318
0x8B600c7Ef1D97225860a7996b63c5b8b116182d5,590318
0x8B603f2890694cF31689dFDA28Ff5e79917243e9,590318
0x8B607163c43F44F2361208105ffc8EabC12E862f,590318
0x8B62F7656c32990DC1e3781945640C74CD70317b,590318
0x8B62c90575D54627b19EF78C7b58833582F011DC,590318
0x8B6462a3ef37fa84A6df9CA28E9faAFbA6CEB614,590318
0x8B6cBBe05cDA2DC295573e111169B32a0bB0f120,590318
0x8B7b2dBd97aa29Cb69F56935F181b00cAFe8336e,590318
0x8B7d133Cd402275bcBe3334689Afc2a92293347D,590318
0x8B88501BaD0fEeB983B4eFb2D5B3B9C36f393Faa,590318
0x8B8F749280b4a37f8573878c3bF6DDfC93303239,590318
0x8B9dE72eEEB3cef8C0E8c39F2a4d84Abd6f4B3EB,590318
0x8BA35Eca0fe68787b275C6ed065675829843Adf5,590318
0x8BBae6de836155f1FF5b6BC5026BCF0D6927E5b1,590318
0x8BC110Db7029197C3621bEA8092aB1996D5DD7BE,590318
0x8BCAF06315F439FDd50dD6fD0cd8CD00b301d536,590318
0x8Ba1Ac94F5C53A3aC424460FE82C0362AaC0a0Ff,590318
0x8Ba7da51162442ea1C91885bbf2998DFdFdF681D,590318
0x8Bb31Ef866529Ad82Ac6CB6eCC891A73c4f9212c,590318
0x8Bba2296e605E89E1aE4a1401fBa76Ef17F65Ff2,590318
0x8Bde1a741Cf045E5111cb20F0F849954C297c669,590318
0x8Be04Ab18cD8d9e06a308753D1CA5b98A4615373,590318
0x8Be7b518155184aa03fbDa531a165c567DA9AFfa,590318
0x8Bfe2fD24FC18c007c0168d841CF634A274D584E,590318
0x8Bff50AAd8b4E06c5E148eaEB9D7Aef69e26CDC3,590318
0x8C01E78cB507de51c9E3486DE463159dd1D85880,590318
0x8C03C14826aa7458B1417C02CfCBC3e4Cc2Eb232,590318
0x8C0a65dDB49221CF133823490dFE4Df5ca63e227,590318
0x8C0f22ec2e57a87B24C041DBEef6b4Ae5e69A882,590318
0x8C12768EE1F46D0906c4B040B2093921517237e8,590318
0x8C1938750caf4b1F9F97174a6228eAE705148d5E,590318
0x8C3739310dbd57e77f4A736e8464cd50C3b34554,590318
0x8C37d03D4828153C5F97a6Df8A85950f54aD78d1,590318
0x8C3D08C82Ed0bf4C2385Ae1082d44A98bFa83CE4,590318
0x8C3d6a862e6374A17585cE6fC481742b423aC9dA,590318
0x8C439842e96fC8d651223A31F3d1BC45065B5135,590318
0x8C4D3C13BeAded9900AC1e46efDaBEcc48d35841,590318
0x8C4E7292e36cF88362Fb767e7Ff9cd4E7bbDD715,590318
0x8C61F5305E2414a3eA146226f243F813717838f6,590318
0x8C65107730be0DC946ECDe500d367f3978427418,590318
0x8C6d04086236a7c1670a967FC393ff58CA1d7cE9,590318
0x8C702A9a6e0cd14a53251C630743c4F5327eddE8,590318
0x8C76cdB6A4FD9056b061c6A9Feb165d1d1C37aac,590318
0x8C873a32AfF95BAC53F53B4B22276dd77e98E95c,590318
0x8C8BfA1B4BA3b71838F2386aAeBA8C5753963903,590318
0x8C8D16b8005eAed1F27E04e5e6DF154B96fe5f83,590318
0x8C8f5C0Dda1c9e706B920A5a815a6b4f986b0d2a,590318
0x8C8f71d182d2F92794Ea2fCbF357814d09D222C3,590318
0x8C9A5a7027331F70786D55848F9A1E874837715a,590318
0x8CBD764aDb136f66f05914c7596b171814b1ac6D,590318
0x8CC68F5AD1B7C232e9A5BF31419eefAf429f9e64,590318
0x8CCcB37f50CabaD1628feae50788966Df737C59a,590318
0x8CD1B4823a35AD6bA1e3a3B9fCdb7cD8D4B09824,590318
0x8CDaD017a161222fE6b9c7295F75034d0FF10763,590318
0x8CEB42c63ce92a67522F6920F7ED4bD9A4fd8c4e,590318
0x8CFd96755d68d43811a83b325e35384A8f137148,590318
0x8Caa0A69D610418Bd33b5046467F3b445b816cfd,590318
0x8CbC89890A1404a377958b92DF1935CCEb146E0B,590318
0x8Cc94Dc843e1eA7a19805E0Cca43001123512b6a,590318
0x8Ccd2BEE5e54A3C519f5C894CaB3B49A951ffce9,590318
0x8Ced0ea935d3966bE7dA00fFa6fDa9E9800E228a,590318
0x8Ced3797a141107a84d0defAd06f304f399A48ce,590318
0x8Cf84e6069fA1bdFb6db0be667E762de2984C817,590318
0x8Cf989BF76653f16d36c2d52D84D1eB900E4Dc37,590318
0x8D019DD2EB55957A5949d2D06eaB715f11693BF9,590318
0x8D1Efde271a28a440Af00153A182E37eDBd231e8,590318
0x8D1f1544A6aFfF99330aB3b9e4f015b9cab0F698,590318
0x8D214854e0aE0fcD6139D84e9784DEd9CCb4d549,590318
0x8D3EDf0b0aBDacb72525c8ec4c7ad607ce5F6949,590318
0x8D3FA444Ab2F31029742e0A04F95748e71aC3A26,590318
0x8D3a67337c180D66448C314816036723047B38f8,590318
0x8D3aE3Ceb98e476dEAF3036C14B77cB3A40a73F8,590318
0x8D42dF2AbD15B951dC796e0CA38AC62aAebd4684,590318
0x8D5D71B75849e5863FF29aA40e0CAb27BBAa2f17,590318
0x8D5Edb0335Dd71a8E0d8F660aba96A834F5b15d8,590318
0x8D6023238455D5D2782e1fb18E55556b22aF95B0,590318
0x8D644E141083bDbdc4d0d88301B2b5EE1427BEE3,590318
0x8D659132fd19558250121Dc86ABd3C1B200A3947,590318
0x8D677d312F2CA04dF98eB22ce886bE8E7804280d,590318
0x8D6D93c56Ae199F246909379372a72fCBBB38f90,590318
0x8D6F66453cDD7B821123061175eB4B40B0247958,590318
0x8D709F685D911b4652809636F4DCd8aB8D3a2220,590318
0x8D73a36d78E2aE4A437053C9cE3BE70D483aB74d,590318
0x8D749b41a3049D5016E4eC6AcB005F33030932F3,590318
0x8D8B9c79196f32161BcB2A9728D274B3b45eB9AF,590318
0x8D97689C9818892B700e27F316cc3E41e17fBeb9,590318
0x8D998Cc05cE5dEe51A18AbA66E9f31E7c0d0A10e,590318
0x8D9C4543Ef4C97A669D53076338Eb15F985BA825,590318
0x8DAfccB0bcD8539eaB6f90887Db0CE4670323b25,590318
0x8DC55AD7cfF84497b0D29464AeBB133b18f50531,590318
0x8DD6eA824a4761D7515A06349636587ca43F9Bc6,590318
0x8DDf5E8306FA60152e987ede86Eb12268d9Bb1de,590318
0x8DFA5ECe3AAA642aE4f70381bA74479371577D64,590318
0x8Da15F7e6bf20Eae393D0210d0F69eA98fC8Ea5e,590318
0x8Da2bEbE1BE9384AfABeba0Fb4e394163c43AD7F,590318
0x8Dae2Fd49219B861a6dec5c6985c818035846e87,590318
0x8Db2adba1F8F2B1aaCa5A75F0B8Be3504A04e5F3,590318
0x8DbD1b711DC621e1404633da156FcC779e1c6f3E,590318
0x8DcfC366959B21Ce711F90d9b3e6C2044A574Cd1,590318
0x8E00303Aaddb66b3aA43311054087E61d3f35C5A,590318
0x8E0A781ACF35FF543E5a692C317AcFb40205D206,590318
0x8E1F868EbB90749Dc6Fce7e9F0e147FfF59125d5,590318
0x8E24dE0a7D0d13C8dDFa2850E4c27634083FA42B,590318
0x8E272d92ABf81684f94721467eA4957f187792f1,590318
0x8E2AF2958757d01619807A344ae8eB53Bc9aCf97,590318
0x8E32736429d2F0a39179214C826DeeF5B8A37861,590318
0x8E39057EB1589bF9467767A0c13CE33cdD20B556,590318
0x8E3c1a1e979CF20fE9BF8E550dCa5Ed7ce4e10D2,590318
0x8E444c64be7514d7946a6022d8859537Ed20bE27,590318
0x8E4563D0d7D178DE8D8bCA8Ea005b65A9DEfA7C7,590318
0x8E56742CDD22F886dd83B7C3216E504F0f7554B1,590318
0x8E62A2eB01F98D0fC289dd45d1cA819930F43Ee0,590318
0x8E6f9415Cc882E1Bc54E2693438B759A6036d485,590318
0x8E733D8423dB9D64846aB41819F91ab9e08c0408,590318
0x8E785B15446Dbe320AE3D57559a959C8255001E2,590318
0x8E79742adB81ed3CE83C2478C77BB14bB0Ad0280,590318
0x8E7d7367Ac91aE626bbf584AB7d450589eFc5A3A,590318
0x8E7e35906C8A6d6AA4574C0E6fBaab89eA157528,590318
0x8E872546280C4aa252aB624637ABD5FdFFB8234F,590318
0x8E89CCE27F1DD1F0dE6F8df47FC75e0DAEEB284c,590318
0x8E9701F17f31fDDd7A22555843ad2f9c02314eE0,590318
0x8E9cC199bf43CB3a3e71A5275469143eAE7b7811,590318
0x8EA3573Bd9293C5e60636aB1f8e4191E0ADcbd0A,590318
0x8EA3bf6c43aEcb106c8F6f88be01fA97c847F183,590318
0x8EB82Be5fc2e64e0b57cEb639dF68610b29864E6,590318
0x8EBfBa3740eC8e0598eFd8C43018d5e912237bbf,590318
0x8ECAECb3D377e706719795290107eDA6863c5280,590318
0x8ED4861470334E8D9CB978FD70a6Bb771762A28a,590318
0x8EFCB60B67e8Cf723510b732504669C1F108a5f9,590318
0x8Ec64195A860Fba2e5B01DF2b6793f2641bD8903,590318
0x8EcEBFacf5AF8FA1eDB8819859e5810Bc790Da8c,590318
0x8Edc7f09e2D0F159B01a4fc30D1A9cBD743B2aD2,590318
0x8Edc8699d6577ad3829b6964f84f105737E83581,590318
0x8EeAb549c1D3092eF2321570b6541985B2186E1A,590318
0x8EeB0336326C976aDbE90F55a8FB780114AF6b13,590318
0x8EeB2250adc529Ae46B3580C63302d00E28F4987,590318
0x8F196252E39b632d6dd63f0BBCBb3E4E4D079104,590318
0x8F1FBecF8e4B67D7109f0d4C7918950eAe861962,590318
0x8F214A5EAC777a2685419f2EF6132c7f42708CC7,590318
0x8F25818ff64Be1abee91ABca70c306B33b602062,590318
0x8F2970c0f18E5030008f3fc93e35D707C28C75d9,590318
0x8F3305885fA3438dc04924A5E9c9819a705CB257,590318
0x8F426248A83fF0A1708F738f0233152248F09309,590318
0x8F5bED3240D8E72768A714482952277C68dA6D88,590318
0x8F60D79FE3dF6CD0E3a44288AD2F41Af134D813e,590318
0x8F63dc8BD249a26C1345A4a590D45ae1Dc64046E,590318
0x8F6406fe0e880c32A0b22C29B7f053327c3D902A,590318
0x8F6aD2E9Cb59F82a1E0DcfC9736AAC49430A547E,590318
0x8F73bE66CA8c79382f72139be03746343Bf5Faa0,590318
0x8F844F8B22c6c455f7E392B6892890d4B6C7e159,590318
0x8F8B4759dC93CA55bD6997DF719F20F581F10F5C,590318
0x8F963116fE51725b4B2FA0Ad14Ae83E118C34B5e,590318
0x8F9b8D086C15e49D95bF46034D2583013c03D684,590318
0x8FAb414992c5f8b9cE12610fC54883E4D1820be8,590318
0x8FBFd33f0fd3e811063F1828b2E24Ea4d43b8330,590318
0x8FC0C11cbd5fcd3d650Da3f7014d0bb8A4b5F59A,590318
0x8FD4F538912e868E5176b0807B338a2bdBE2f58b,590318
0x8FD8c7d32F29e08583cAc8b04305F8EC0c37647E,590318
0x8FF96BfAdE7Eca2cB1FCf6470b9204ecC64f683a,590318
0x8Fac841807E21807F511dAf3C04a34cd78661F4c,590318
0x8Faf30cfFfd369F9e2aFf5Fa535dEe797c2004a4,590318
0x8Fb20cdE6f5E6C79823be5Bb718F1C76bc3DfcC0,590318
0x8Fb2A5d8736776291388827E9787F221a1d3633a,590318
0x8Fc87c199203332c1cc43430b9FaD2B1868E44D0,590318
0x8Fc9F952a56F2BafEeaA8b03B3F9cE6eE263cDA8,590318
0x8Fe9C787995D12b6EF3a9448aA944593DaC93C6c,590318
0x8Ff333b98337f39e5FBD0DFE8F65d6dBDFB9fAa9,590318
0x8Ff486e02CE3A5912e78a6fa32a85a164b769ecC,590318
0x8Ff8E77161A043204c064D2c5CbCEECD8b92E540,590318
0x8Ff9b6E3775a44Fc2c05Fd6CB96280705A5e5086,590318
0x8FfA8d00DB5df56a20C30B737c5EFdAaBE140Df4,590318
0x8a048835f92186d6fb02961a8b7a678f8503b34c,590318
0x8a07249a6f257dB38c165EeEf1884feF2146dBD0,590318
0x8a08949F363E012de2Ff380DB3a9B626873B5D91,590318
0x8a1bb1763cddcf7a0667f175544794c56b5786e2,2666666
0x8a1cfb178bc3415f43c0ed09c7d54c2ee473c53e,25703315
0x8a267a2279c7be1ffce09c8c1e2e3660a08f7c44,2666666
0x8a333a18B924554D6e83EF9E9944DE6260f61D3B,590318
0x8a373dd310da7887999714758a048b4216ea8781,23036649
0x8a3773d1F182350054D6Fb24cbD57A8F7F927B01,590318
0x8a3eacb8a7d47258f43109de314af1b6e68f35f3,2666666
0x8a43c0D6Dd0EF5a28e22835Fcb645930FAEE2221,590318
0x8a4746f5362aadbFf0eE99Af9087B38bb58088De,590318
0x8a4a50B13Fd2cb36FeB96c408CB98B4c9F2b8F25,590318
0x8a6bA017B9e03063258775B0e9367B87Bcb5FD12,590318
0x8a6d2ef452aed3e803b063fa24131fdde4200b66,2666666
0x8a6f005d41421F0CA99087E23fEDB78A40DDfcCA,590318
0x8a738e286B7DC1302f58b755846c55828722e70c,590318
0x8a7403d7aD469942b21c9E1b71B120AC511A9cBB,590318
0x8a7f10DA28788428E469D2621e2eb3026b195678,590318
0x8a806Bc475331F20022D897E4f9DC066Bf0324c8,590318
0x8a8346cc2410fb0168cd8c77ecfbbb512f23bd0e,2666666
0x8a876AbcFf80CAcB4B49a7375466E2B63aCa8E68,590318
0x8a92d26c013067f3a1a748f32ff6d1690d1f35b1,8000000
0x8a93870b4Ffa96dF45d7D6Ce412C10Ce1a022bf7,590318
0x8a96d53e47059b8be9dc76429274684fe80ae6ce,23036649
0x8aA27E90E139d5AB5704df69429341cbCb2d2464,590318
0x8aAEAEe30980037174d8Ba23353b2Ea8F58C1E1A,590318
0x8aAedB826737d8583Ad3a77c0C4c520fD923e7D4,590318
0x8aB419CcDf46F85cfFc960B9c627B8511f64D160,590318
0x8aCb0BDf3eE1dc650e3e77B2BFB5C7C48b57E252,590318
0x8aDc99E70EFeC36665F21Fb4768f881a1f3037a7,590318
0x8aE6422631292c31aeeB2efe154d6326f703F46b,590318
0x8ab1B12B9F14bCBA3B3482Dc2fF000239Af59a09,590318
0x8ab1b089aa748109dd64d3e27960c099a668fdfe,2666666
0x8ab3862142b06e79CDCB7B74f0434d2545574BCf,590318
0x8ab83D869f2Bc250b781D26F6584fd5c562FdD9D,590318
0x8abC3b8b07082cC8752A1342ECE30B9798aaC9AD,590318
0x8ac30d20d62be263c1AD3D30BE346D123B3395Fb,590318
0x8af6D71F89D78a1Fc1b4c8295Fc499F83fb88189,590318
0x8af7828Af2ca861Cb53b0F9787a393baEA5A4A13,590318
0x8b013F27aCe0E4b510D4b0AB5dB426c4AC0511AC,590318
0x8b018C9057DC64deB6b707527A31EcFb35fc1a26,590318
0x8b0C74eE1529aaC61fCeA67D102e6328774a70BA,590318
0x8b1F71a4a98b0420D6c2943396e4c2aFf5A3Ffc0,590318
0x8b217C8278579A55f4e2Eb4a567c1dABb1956d20,590318
0x8b265dA0779172CD37F1a8dc786B828222902d74,590318
0x8b290f79fb67528290f00abd219c9be64a41715b,2666666
0x8b2B30232b052c986bb2Fe2e0f522C2400b8DF71,590318
0x8b2Bb457C82E1F6655cE195c7e150102e5e51063,590318
0x8b2F231c3FE41C98Ac46684dbca646390ABE8d0C,590318
0x8b2db6397De65D4C03429BC2e7f09515f98AC214,590318
0x8b34d6788B7527cf2d9DaD46E6094979CE1C9ACa,590318
0x8b36D46FF9ED87ffCb2Fc9069b4dF5b30EA8934A,590318
0x8b37E7Ac523F9cb369878CbBA73897Eb38525712,590318
0x8b4Cf8aC2D6d59F0f60fBbE4Fb81d1BA2927C838,590318
0x8b4E37Be21fab613Ee71AD7B5c0cF413678AccDA,590318
0x8b4F80Fa734DA0C9A51d2895534DecC0085E5ac3,590318
0x8b4ff05d1d908a1bd027ff691007e2ed908d21c0,25703315
0x8b501A6090Fd3c6b905B1A0099E2E216a5a2D40d,590318
0x8b52AC55603f13Eb8B281C70A17B1b6476Fd53E2,590318
0x8b5749AA4ddfEc097bD10E9C7518e29c1Aa7BFd3,590318
0x8b5B9497e096ee6FfD6041D1Db37a2ac2b41AB0d,590318
0x8b5d13489a56bDC49254723b8B26635dcf9eD572,590318
0x8b61A50f7091AbBC7Ab292d3A24b9EEb4a29C0c2,590318
0x8b6793BEaeCAEd367fe1eb5257b78438b1B097aa,590318
0x8b6F3FC8f55fbC5ae45F8DE98857567238c14059,590318
0x8b7092B37AD16F6df96361e6C17e2Bb0b58A0D9F,590318
0x8b73dbe5004f4e9aab80caC4dD16c2752d770136,590318
0x8b750e7246c5E54A91a57498395808DD254D7e4D,590318
0x8b77b1eaafe17f17284ddab146b4948901cd2a71,23036649
0x8b7Ad86ABEF7e1Bf5Fb4cBD6868a0C706a6D97f1,590318
0x8b7a5B22175614EE194E9e02e9fE0A1B5414C75E,590318
0x8b7d0f3D55Dc7d171cB9CacB090801462765d1Ee,590318
0x8b924c67134fF7d5Eb7ABA2B371b2B0e4018bedD,590318
0x8bA25CbD0EF11FBcc0cDfaaCd20dFFCbF35077EC,590318
0x8bCb0C5157B99a3e2e89556962A627D5bdC67f5C,590318
0x8bD9C4B5eA8F6f14c9B14d830ddb67f3720d77F6,590318
0x8baceb989eaf96208f2162e685bcf297a2c127f8,2666666
0x8bcef483F1C9226C192430B8F5191EE801601480,590318
0x8bd30FC805e672e1D978138ECbEdcB48479ce275,590318
0x8bdf6d0321db667abb16cf9fcb10b9baccb0a622,8000000
0x8be2Fd8ba4F9D2f44Ef7F522A04bb17Cc075A227,590318
0x8be590D1446A45Ee733506E18Aa6176Ec8a83de1,590318
0x8c003Ad69c491E01f1BfE9Dcbc4aD6DC1B9Cef68,590318
0x8c092732cA1D125f3a42a0f9C80C94882Ed8FE17,590318
0x8c14A1a90b76684F4E1e3aa822e28Ebc39724fDC,590318
0x8c22d4c0b93360b0dbe6d510a9bd18c41b8b8a1b,2666666
0x8c23608AB4eab9b74e41C453Aee1aC0fB02930Cf,590318
0x8c2A6eB67Fd291617c1CCcCD2BFa5F36fD0dE15D,590318
0x8c424BE76e0A33bEC50d3DfCdBaee156A050B3e3,590318
0x8c448Fa410c3d67D80AC985Dcf1f42147803549D,590318
0x8c496A26347A05C5f580b41f15975A105D9b23fb,590318
0x8c4FA3Cb3fb17C9dA0816Ae42c952f542ff0b4A5,590318
0x8c6f55aF9092CC156bce36E06E3e8cd634C9183F,590318
0x8c713daF20a7f1B37e954010b6DB3c3Dd93Ac809,590318
0x8c766996Abf9d56163355523D58cc1767EF894ce,590318
0x8c9Ce806cA402a3CBDc05d0dADB1c02Cbb7e9414,590318
0x8c9DC79726F85D2e053faa5C459e4cC3595E2651,590318
0x8c9ce806ca402a3cbdc05d0dadb1c02cbb7e9414,2666666
0x8cA0e16ca885835668d2dE340B70E8bEfe0Dd792,590318
0x8cA9fd1B37be4c419C252B9E4B8108ABeb6eD002,590318
0x8cB961b11D0D830e73cd65C1687AB7D5E8b24f04,590318
0x8cBA4DB37a5Ab72E7EB051C2eD7AA8Fc4399adBe,590318
0x8cCf758d3d4438436BdeD26e15d8f16e7eF9813b,590318
0x8cF21305896Dc64a8124fa0DCe11422cb963b4C6,590318
0x8ca4B5a26Fb3cF593274F6805682983bB3A9D695,590318
0x8ca8D2CBc07eDF6512cadA0D2573C8F4802a1989,590318
0x8cb377959625E693986c6AdeF82fFF01d4d91aF8,590318
0x8cb96700073af707ab6d36dcb350d05302a05866,2666666
0x8ccab9f19ed24baf6a1df60e4e331b80bb0a5086,23036649
0x8cdb8b7610fa03191005cc183db76692701c8405,2666666
0x8cdca2b2bf09e0bad5b3ee772853fc05f64acb9c,2666666
0x8cded035b53cc51cB0F75DFd24e33BD0dA953086,590318
0x8ce2a1b948b20Cf9A77B0Bb9a76A9bA12B4b562e,590318
0x8cf0a687bad8cff064632d68d6dad3bfdca18bb0,2666666
0x8cf60f9bb24780968ee3ea5df6fd1b22f73c59f1,2666666
0x8cfe9a145c9797cfddbaa0e0fdea2a0aee071ca5,2666666
0x8cfe9b5282053488130ff6ce3728f9fd1a9b2843,2666666
0x8d006f7E69Fc5E6c434aFAe34515cdB3E19724f7,590318
0x8d07D225a769b7Af3A923481E1FdF49180e6A265,590318
0x8d261A01ebBC708A863DE9376AEE9117aE514cE9,590318
0x8d26C9DAC7E16738752fa1446b956A97C63e2F39,590318
0x8d3314eD9991dD58b211CEF973FAD272542b98eF,590318
0x8d3360988734f88B74C89CC5Fdb45c50552C102b,590318
0x8d365717337EA7af99194C957D0dD2d7EcC643a5,590318
0x8d3bddc71a83d7749190f979bd1e459b60fece05,8000000
0x8d42a021d131f58b4e63399ea68d17cf7aa3362e,23036649
0x8d5150F534633AC221fE25aae3392171C701b3aA,590318
0x8d5cd93F536912D4f231A261aD90e41481D86fB2,590318
0x8d655b1AF80200A6b81E11482fdeA66328b16E05,590318
0x8d67953306cB257DD4e88b5A0c42d24CfD06F6E1,590318
0x8d6e8bab7ce3de6580c7cd590bf19caf183ff8ce,2666666
0x8d7bBFA0506ea95c73d864310818ACc3e5Fa05d9,590318
0x8d7c6de4452d81af56113d42898032dc6b4828a4,2666666
0x8d8100705Fb6676B97BCaC87617eE4704c5d00F3,590318
0x8d896CA78bf0c050D34EAb5c0c439dFde23f05F2,590318
0x8d8f06547b04545504D73D7DEFe98F2aD01e2553,590318
0x8d93f04EFD1cD93d114305F61120FA3d9A8D110A,590318
0x8d98fFF066733b1867e83D1E9563dbe2ad93d933,590318
0x8d996Fb29C9dCB39d49C93Df1B8a2a1094f34ea2,590318
0x8d9dad79d399e0c1640dc2963504e5ab3622670e,2666666
0x8dA6Cb743878D5fF1b32fE71B3C9D629125f57FE,590318
0x8dD447f877f4B75b66E151eCeC331a9808Cc0591,590318
0x8dE8Affa1fF272E7111308a9eF92B1CBA607Fdb3,590318
0x8dF1ec75CE0c9aE5538F8bC08c0566efCC9560B4,590318
0x8da324F75C882F561a5d44BBD0B1BaE26ED17a79,590318
0x8da6854cc930bd12e7aaab374d3fac7e915939fb,2666666
0x8da6BEAA2f002A511809101b24d181a324aE82D6,590318
0x8db59CD958569AD70FD2fd9D0Ece062E76606dF2,590318
0x8dbCBD5a3936091BD881D3C52edb14FE689633A1,590318
0x8dbD268E96530045D9Ad3c95333cC73B2F03780F,590318
0x8dbb582610E949D3e4519560647775123a02C399,590318
0x8dc017550ad037a7eff8fc7052ebb2d51f1e6fa4,2666666
0x8dcA3e00e0D2190c245649D3F2807E4c8bCD4b3A,590318
0x8ddfe9e8f70E2F4F88E477C340c2cf50c6819dF8,590318
0x8de78B26D1dc704fC3b981a09bfcE93ccfE0c3d1,590318
0x8de832b581d6b9d10ea7d6f07b50bf00aa89c415,2666666
0x8def0445479F5B57Df0A065Ea85ec3485fc40220,590318
0x8e012c6f5c1c5DE4e6Eb78D630da357dFd1CBDfB,590318
0x8e08d995b4aed0ea2a7b701cf14d928bc75401e6,8000000
0x8e0e8F9bC98281ccD2a2c27c41af010A05d9C773,590318
0x8e1a0b733101bB2e20d35c98E75446Fd28E556cf,590318
0x8e2A89fF2F45ed7f8C8506f846200D671e2f176f,590318
0x8e32868C2dA13F06fE481C963B2B027FF313483e,590318
0x8e389b95E559f6715cC81eD0BB1F8ACEffbb41E0,590318
0x8e3c1a6d6516a2CD418923c662A993FA3f1cB6EA,590318
0x8e495614fEAbfb603aeF304BD5dD65D4C1aeAb9D,590318
0x8e5D2f8A445dD6812e907BCB0fB4633656BcB8cd,590318
0x8e605399085ddf88cbb7f554632175a1f8b5ed27,2666666
0x8e67c63e0bd9ed0d4349b31654be65e202e905ed,2666666
0x8e69d90a008c8c03c471be7a69fac9910f2548bc,23036649
0x8e6F5410A85C1533c79654433B49b5a52708ADf9,590318
0x8e6ed79c48944265FE5D004010c11CB28aa105B4,590318
0x8e73092701F41A267f6a7ec6e9F8a0F9dB25eFAE,590318
0x8e75a4C8D27c94f8408F4bCF1EBCE6D96492B248,590318
0x8e82132d1D34fbA79a0953B934B5c5DA30419De7,590318
0x8e82a529D0223782a2289A41cFb8a5103666e455,590318
0x8e871ECF331A27c762BBcff795279dEF31C8a25A,590318
0x8e8c4587185C3A81bd0151042CA6a8111e06F1C9,590318
0x8e979a457Da3d8F8A8929F59b84026f9A605E44c,590318
0x8e9fecc2f52b1BF356AbB97467e2db33f8c4Da83,590318
0x8eA05482295bC8Bc5f4c1104D928A9F78D516Fd7,590318
0x8eA0584B5C6Ae497D981808c8086a22c9DC763b1,590318
0x8eBFfDfa66114Fcb6A8Cc656FE4633dF8d08EBe0,590318
0x8eC94086A724cbEC4D37097b8792cE99CaDCd520,590318
0x8eCb28c2cbbcb6a00B86f00A78860d0B7aaf1925,590318
0x8eD876fdEd3699C590Be3E12cef56E23376eff3B,590318
0x8eFFe953e73DD4703dfd5E4fB9b00A9eF912127b,590318
0x8eb27146843CCf0bA44e5e9cF77186b0837057E6,590318
0x8eb596f1DCA53B2B92a994F96ef067E0AF5e0756,590318
0x8ebfba3740ec8e0598efd8c43018d5e912237bbf,2666666
0x8ec1ca3e33aed4d35453eb6775d59a23e63cc163,23036649
0x8ec7c87ad86fb58ee29fbbcc04ea3d0e5cf5e5c3,2666666
0x8ecc2759f47fd118cc31a0de25be6cbd8584054f,2666666
0x8ed46717539D2Bac8Df796c0d2f22b516B5f36E7,590318
0x8ed4f5823104c7c0566446c962475d55be7f8ba5,25703315
0x8edf95aa27f004b0593ae532aea132c9369fa1a9,2666666
0x8ee5942044f4c1Bc5c656F6C4313b4aEabCca255,590318
0x8ee5b6157407C431D3FB40F88F5f39D5F0c3f1dB,590318
0x8ee8e286B3e7F45ad2135b6AD079f6595B1C29d6,590318
0x8f0020fB3e3A5dbD89459A5BE02Da177b7aC2A1F,590318
0x8f007e0dedbac5a6e515ec95ada04886127f38a1,23036649
0x8f00BB369C2a79Af085f66162920100e85281dF3,590318
0x8f042b25Cc28DA7b984425d1f71D2D7f3362A398,590318
0x8f045FadCEf3f02237F0b026F2D27329f98Bc578,590318
0x8f051a3b4cC44bcC13c39a62ca7f4450C27E2aB0,590318
0x8f07fc65758aeefd9ed712fc6fc50511f0f28c63,2666666
0x8f09cab21E32219618Ce302fC60abB9F4dfbb86D,590318
0x8f17b88c253ef65e383c53a29df8578feb3c17bf,2666666
0x8f1B5A2c412b8069E80eA399c4B53be4F4217E98,590318
0x8f2c0f09F5135312772145a49e633eAc05CFbb93,590318
0x8f2df56bCeCB03e9118a8c78b454e7eCf1592872,590318
0x8f32132262dd7FC6a6905B30c999b56cfC9821bC,590318
0x8f3685A5C4A4f885Cd5aEE56aD277511AC2b99F3,590318
0x8f4345F706Ae86523bE41851116EF9b5FF76b593,590318
0x8f50d2652128969c76bf4c06bdb519ef95757308,2666666
0x8f5e9B80E4a73000B2CA7D1F8f01bC57E341ee82,590318
0x8f6062A3fC72E5D6c86F7fB67fFbaffe7d9Ec1eb,590318
0x8f6de237c8dbf86e11cc3518cadfebd736a58ee5,23036649
0x8f791F061d7f36dc07De081ad88F87d71be1585E,590318
0x8f79a024bEC9d0aEdbBE3E3208ddD1F8AEaB844f,590318
0x8f7d4d2B6A64F0f8A81f043702551E7f5eC0f1cA,590318
0x8f7f57c78bd96db42781a97e1882262f027badcf,23036649
0x8f835941A4fAAB1ae598Afaf3945d763A104CEf2,590318
0x8f843FC032a6bD6e98e9F5ccFC8127B0D3cEA6Cc,590318
0x8f8aca83801277bA13af39300299E47fb359c40d,590318
0x8f91aacaa67686744ae9a1316aBddDb137E66493,590318
0x8f9c9A1B263260865BfB0e365C6c7Ad19C4E119a,590318
0x8fE3E7ecf51Ac0015205152811c71558FdF9b0dD,590318
0x8fED015E26a7Ebbb8d7DC0c40341daACf23AA3d7,590318
0x8fFbD6e8B48667c16706DAfA5Ed0bac9e1Ed2D1C,590318
0x8fa051005bc6b3a77c52b34c767f91f4c0af0d06,8000000
0x8fa0C4E67e8939E3b15D7800674Fa79c80Ad8439,590318
0x8fa2b339ac51460e7d7d6abe7f93297e86f24013,23036649
0x8fa92aeD1eCAb976B14a4C5FE21d13561D1A9e3d,590318
0x8fae0148ed5280e315df6baf5acfa7dc13cfda79,23036649
0x8fb69cb1f9512661877c1124db010b597a223802,2666666
0x8fbB98aD84e848A54D39C6Fcb875BE919BbbD714,590318
0x8fcb44aa2bd22159492d8ca36d21b0c6f5b1a21a,2666666
0x8fdc8b871355529741073c083A1C8a6a71853ee0,590318
0x8ffdd00933946dbecd4d64dbb140c2047a047c91,23036649
0x900092309299dc9d4e84d142c33e80abe8b429f8,2666666
0x90040b3dDa49114dA3f53ab91c29223C867d40ea,590318
0x900603f9376A0F19ac3212A1950D82412e01854F,590318
0x900936e5064dbfb27b6f1b0b025ef22d1c34520c,2666666
0x90106D343D765508503980775267Fc41FC3cef03,590318
0x90127DB2F477Fba52B2e18bFe7f9BC12bc8881ab,590318
0x901431E0303426D5f28180f0fb2C616e97D3Be71,590318
0x9015cfE99fee5a2F5a01C2C6b89393Bb166D6DBB,590318
0x90190c5374192AF5B9159b4B153e4D5d671c45BB,590318
0x901EcAaa2cfe196fD40DaD18F00BbD78849FE794,590318
0x90248216516bE8a580083d6A31A0A44aD38A6056,590318
0x9026A229b535ecF0162Dfe48fDeb3c75f7b2A7AE,590318
0x9028a08AbB20893Bf779D154F64C4006D982ae89,590318
0x902C543d9c15176f8a11B777Fe084E7056BeC9eB,590318
0x90319BEDc6C41014f37aBB41a01473287fa953BC,590318
0x9032D212ed25CCD229ABDa27922a67F75ed6B664,590318
0x9032bfF498Cc3b05AdfE850C3578673Ec98975b5,590318
0x90331A0F5700FC53B2A3165F939d11053b5B20a0,590318
0x903932fEC025f8baC15Be8bAcDA49De4E813a6bF,590318
0x9039FF78fE135a648D16EBcAc20AAFa4383aDCae,590318
0x903ce67EccFDcE756d8D2230f76DE9Fe9C866176,590318
0x904659c5959600D842F222B567A431049FfF01F8,590318
0x90489a1f557Fba381660192836446db659186c55,590318
0x904DB047306df89E36c23589dA56D073624d5153,590318
0x904E48884a43b6071308327B00717Eb699F58944,590318
0x905130D98CBb826C6b76265833cD8eA7444eC443,590318
0x9055a4C36E3D4C20f680aA25838897085864dBE7,590318
0x905F996c9e2452B42e93a877c53fA650940F8B1e,590318
0x905de3F6BF620FB7dD8FC15dEb394cBA0cD774d7,590318
0x9062ED841602e2f00073e034093814F0F681Bd03,590318
0x906D345805108DC0436f76D17B08Fae1C3eeC2B0,590318
0x906De749C26cf6a5b2b68816e31B306B52eb42E0,590318
0x906a6E383Cc71f6dEE13315D8bfC1fd435B77a64,590318
0x906b2A0B0806360dAc05d74c9C0bE4D693aBDEe3,590318
0x90718353b5a0a4582d21f8a2321d9a2f0eaa3651,25703315
0x907205fd24DB184D66Dc5F50f76652aDe170A9e1,590318
0x90754d5e1f7408D2054b3B564c34f12d23258863,590318
0x90759aaeb2833a49635cb2911d3c7e33df490964,8000000
0x9077266aa74ce31afb83e3a0d150b1dc1bf625ed,25703315
0x90777be438baab7c3995fee506e150783749a896,2666666
0x907856BD487C405e48f96f45b451A7b6dDf801e3,590318
0x9079d6AdE38Fb49842a2EC91E85eD7deb66347B7,590318
0x907C4d180E6F37a4eD2555DD8a6181a1412813e3,590318
0x907dDBF8d0D6a5734b0f2308858a511d5855A242,590318
0x9080196182F77B89BB5B0EeE3Ddb48cFA716c4c3,590318
0x9083BD612DA6Fa474e885c3764a8013595657eb4,590318
0x90877149951CE9ffa5609d6aF829CdF320e07552,590318
0x9088cfb4d3f17ed9bbdd354b039edd3ddde59517,2666666
0x908Ba2fADAbA4c7F39Fbc55d6963E45DF58e9eb5,590318
0x908dDBaa71331A17091D1C177ae46AC235a457C8,590318
0x90927F450653F8220bfFF1161fF30FbcA3Ab4019,590318
0x9093A6edE64142a90718a0411fF25ce4dAf391b6,590318
0x90954dd77c2be7f6bb00d7ce0e6568f8eba2ef89,31036649
0x90961aEa3759854eF55e65AA08062024DF6d7C8A,590318
0x909F12Df377343D0d935500da28530F9876F9F0A,590318
0x909d3C000baa83a64811eC0f41da55ec0EbB8A67,590318
0x90B6539874e8eF189B7613CbCf3F07a694CE4E91,590318
0x90B88a8df1aD60f87B30032482B9907b89637C96,590318
0x90Cfa8335461Ee97FD0996aEfbf7c5116a38e9eB,590318
0x90D4E0614a6e331e764519973798056A1709C4Bd,590318
0x90E7a24DB5b75892B8129c72478A43540f1b5dC3,590318
0x90F149fb847D7dcc89813F5CaE0E0d3e50Db81d6,590318
0x90F15E09B8Fb5BC080B968170C638920Db3A3446,590318
0x90F34091c5330DB3Bda70E728707879c64E28713,590318
0x90a0A83423943ce7110750cD0e79Eab906Ef8DA7,590318
0x90aBCf1598ed3077861bCFb3B11EFcd1D7277223,590318
0x90acffad320a868a76b47b74e55dc3bfb55a7a52,2666666
0x90b29aa68813b6830fe2c6e56d224c022f6a334d,23036649
0x90b3Dc91687Afb37Aac36016A6fa65cA68981238,590318
0x90b6a1f8Df231CD7fd5CCa4fc4A2ee3A25FFC8E5,590318
0x90b6a1f8df231cd7fd5cca4fc4a2ee3a25ffc8e5,8000000
0x90c3526F030a9378658f06098e3e5478cF047201,590318
0x90d3F11aA86bb606Bd9f40d6aED9746bBb080666,590318
0x90d4e0AB580851410D3b2F6b55C19C37a2040E33,590318
0x90dA7E9FF020584A1Ca21e41C0E9D6AB3E82aD62,590318
0x90dFFDb40C1765417a407003dFC4aC73f69F6e46,590318
0x90e0D0515558A36b13Cf5B8B648611D74CB0404b,590318
0x90e93A3E60Aa84Aa27FFe855e2651f1C75532195,590318
0x90e93a3e60aa84aa27ffe855e2651f1c75532195,8000000
0x90eb17cdef243EAA6B77f58d16dd17C3B58c7F5C,590318
0x90f5Dc8364dB3A6083f493D9d4814B9Ba9b47237,590318
0x90f911EfeE958BDAfF738FA2241D06Da6861f255,590318
0x90fc0459d902cc6f54d0a2f0d52c64a512bab4b3,2666666
0x90fc1b0348d602a7ddADDDf7ab079FbD9E8Ad3dB,590318
0x91000adba5d3aff328815a5fc449f1558f96a283,2666666
0x9100c7457f0555795ad8f0471583490e44dbb4aa,2666666
0x9102Eec568eC0CC62F43cEc5Ed939d8D7C8a345E,590318
0x910954fF8460896D29f66B80C013Cd1dA5ee3e0c,590318
0x910A2D61e12c44e6fFC6A2C92F1B07F0939b8297,590318
0x910D6008909D8971e12aa7627c237E4b573efDB6,590318
0x910Dbfcee2f55A5b019bE0C74621C279D51DAa77,590318
0x910c60C049d833A7fD2f5bDa310bbEa1c5fA3598,590318
0x910dc076DaE60E69407294cF723b4A5e92E15060,590318
0x910f0e188df078015cFB0144Ede251867Dd37794,590318
0x9110352b2C8a1b2Ebc61b17Ad7F79242F2Ea9aC5,590318
0x9113BA84Af15928808e1A9Ee40795718f9eBCB9C,590318
0x9114b628d7cf31c33F7849D16dBa841B955fE953,590318
0x9115028dd9a200a99fff6b5563dc2665b1f12610,23036649
0x911820dF1Af4829A3a14f1393d446e18Cda8828C,590318
0x9118F6C3E6eC3457BE04d5A3B910FF06447B12E2,590318
0x911D7F579c9ac29C39fDe217A08096407cDA3f4d,590318
0x911a708e39bbc04cde0dc1b2d8cce5196626b914,2666666
0x911ba50e80f5a91641275e8cf26dc3325c061dd6,2666666
0x9120d37C113b3a5f2c002CC81c990023fC96B213,590318
0x91212de083d29342F670FB69Ffa68176369e3B20,590318
0x91215d71A00b0907Ca67B25401172ab18d4b18F9,590318
0x91234772DEd6c6b7324228401FAB3809C5981e27,590318
0x9128a39Fdb22De4cE3594e2e2e8EdD7BD9aBa987,590318
0x912eEc6cE974C1286751C89618887dE5Fe83B4c0,590318
0x913105f2d2BFb8392F7845EF79E0C2C62f2755dF,590318
0x9134A698F674D3a0D9154Ce812662526E279A8EF,590318
0x913c17cabcd5bf071f08733881ff69d8c1f35f47,23036649
0x913d97eA3F35f5E7426495c32FaB629C703B2A26,590318
0x9143080a8962348413f0cd72f0320fec704795c8,23036649
0x914e175924379010635F6f7072D99925ad6aBa26,590318
0x914f0b48e2d02501640a7ec8db001866c324a6a2,23036649
0x91514a5b27f5d2da0a9acfade79380caebc5199b,2666666
0x9153bD44B613BF887c12eC1602d2c6981eabAb4F,590318
0x91546cc623A95fDFAd62e9Df8590dee69b771702,590318
0x915576755131a5a541Be332c266a8230ce64FA9c,590318
0x9156a10fa3913f9947b5453b6f3afd1ba347ceb0,2666666
0x915d8e1d6d3d61366792f2d6a41e22d800f0a2cf,23036649
0x91615A5260745dab1374aa54D89339fe9450AA3d,590318
0x9161780fa94612b8042B58E9630165760004dceA,590318
0x91639423aA2dcA41915EfB98803D2c9386Dc8fa6,590318
0x9168a80AF210c511e4BE5b32d7de75124D0a4996,590318
0x9168f6b0F17101CF57cbb06453Fe1a27FC3F86Ac,590318
0x917206B41150742631b76DD9850a0bAa23CAE9cD,590318
0x9173983DC9421122F43c09d022627D9b9A52F67a,590318
0x9175e22a6f7115715fb9ade5fae1015dfb292ac3,23036649
0x917745978cbfb631da987fcc74cf291de1eb472f,23036649
0x917Dc2808b07fc4E757e8eE06414e7c66cBD325B,590318
0x917eCE88442d2B8064131dEd5A6b6BC0A6361310,590318
0x91897686bDf805BDd16d00Db1957845Ba5788E95,590318
0x918F883B7bF363C1aEe338CE1f7Cd423f91cb07F,590318
0x918cad6fb4215006CDb1CE86A5Ce53de92CD262A,590318
0x9192bDC7117A9A0cD989e6363928a26C938fB230,590318
0x9194eFdF03174a804f3552F4F7B7A4bB74BaDb7F,590318
0x91962f3A6965e53100cA5e5f505872064E30Fce5,590318
0x91B46628D2C8eCc73b94d780632Fc1B412b4a634,590318
0x91B5572A72DF1F968DC540E43283E7DaEDf2fc90,590318
0x91BA29CB923D861e09bbE83aa833Dd0315493E04,590318
0x91Bb0008b406ddfd9c5F66655d2AF77FbE7C99B7,590318
0x91BbB5B2b8dD9ddAB1659dE87d108caB80720b72,590318
0x91C438ecf55A35D957Ff22d536c63059949B4Acf,590318
0x91D209805939751695eed14f22aea3057244283C,590318
0x91D397f2CB5aE583eFF03245F3AE1ffd4f103dBb,590318
0x91D618EF64aa1c08a6f11C6AC3155619354712fA,590318
0x91D669aB5b5d27c67b62954e81a6D2A3A08B2D94,590318
0x91D8D53Ef676035b1F2ffC07d6CCCEB82e257c37,590318
0x91D9d29A9934068507430943283C04312ECf2631,590318
0x91DcF137f42130E5095558Ee1D143F0282B114B0,590318
0x91Dd8B49d4D6a1198D62e7042342d1164018f534,590318
0x91E144b7dF9585746A9965a452B7029d575485A6,590318
0x91EE44187DFF5d4C9b91b4EF0B20522FCfd1a2e1,590318
0x91F83E3d6C37908454687517E748555E7ad0fe53,590318
0x91a1DD80fE620F166A4bC7E43971cE240fd67484,590318
0x91a68d3a5878eb3d009Eec938bC7372048D62439,590318
0x91aC3cB7CD1efF5339B26893b0Bda788Dd0854Ae,590318
0x91aa463d255eDEBb92cB5620B7d0ce4c1FF300aa,590318
0x91b83cAb06686F698b71970B95C2E9f204a47c06,590318
0x91c438ecf55a35d957ff22d536c63059949b4acf,25703315
0x91c7e24a2aFD3F072cCE66Ae1c072B41EDC8a1E6,590318
0x91cB45602681b335f06757080eDFf940077f3B42,590318
0x91cE04d25a749B207551F1A89Aabf43b7Bc9a42f,590318
0x91cEE0CF69aDC87c6D3Ef1b77EacBA48d537902E,590318
0x91d669ab5b5d27c67b62954e81a6d2a3a08b2d94,2666666
0x91d70029c698b6cdfd8955a34c32102085deeab0,23036649
0x91dCCAA260CC4616E1a6e6b693DB7207C5E42937,590318
0x91da5035719Ff83B051a8C58395A21b1d3e14924,590318
0x91e95FFa1B4F790d68CFeef099461ade4353eFB0,590318
0x91eD722E42D3BF37786cE3F583fa8F26caf7B213,590318
0x91f3ACF393dE794E7291FBF36DFc408Da617cfF0,590318
0x91f71Fa2F8169Ace008f1013dB6b6C9E7c006A0b,590318
0x92061F0C3Ed8767B52c0162B98422a742ddC9a0D,590318
0x92061f0c3ed8767b52c0162b98422a742ddc9a0d,23036649
0x9207ff9D62DC5ba6519189c263ff796655E7A0A6,590318
0x920B3D033A4d4E8CB2B9aa55Ef7e4cbd526A2c98,590318
0x921084329F0e488479D5AEeB61b7702ca395dcE0,590318
0x921D810Da464cA4a083845908ACE54b6bf8f8A92,590318
0x921F9acFF90d3EbF2D1d7626A2A33a3cE49A661c,590318
0x921a6726712970c2B727C9662B3BcF324a446Cf7,590318
0x92228FFb485Fe39E5479837E0697829504527Fdf,590318
0x9225014476Bc38fd6e8d87Bf333b73d02abECa78,590318
0x92253856678Db63a90aa7d1698Ad7A6274Bfc160,590318
0x922C8fA6baFBc4251F9EA8cED4AE342326D57faD,590318
0x9234dA5B588A8FE47DfEb9a7852d49399CfB5a94,590318
0x9239c0Cef805b6Ef655FD9f26Cc1De8E51d7b524,590318
0x923C2110dE70CacC4A1c8dE486207F3E41f50327,590318
0x923D7F0BD128D760B421F7C5af187A56325A9da5,590318
0x923ed3D633bC2418ed0604e962A272b0860e553E,590318
0x9241c1593506B1E91C0357f6D3Fadf23D9135198,590318
0x92455092cdEEafca0446a7BE63F36bA35436014F,590318
0x924909e1D2AA9e2684Aa6Fc0f88353faE6516bfd,590318
0x924A5A84D1D84CaB42E22a1Ca144e3eD8C5Bb458,590318
0x924DB40bF317AdEF922780020D0ead9DF3349BBA,590318
0x924caFec4F967BE5df085Ad94d8d50574F9a2BB0,590318
0x92593274A1308794FE8413B8D0bfAc38DE44cd88,590318
0x925B70Fdd875c7307768910579824668E50875B6,590318
0x9261f713640543491ccc84803603cd424b8e9348,23036649
0x92667A64aBd09A4E2fc2fA87529210d98C8E6900,590318
0x926852ab030ded6238ec71db26c12e169f876b46,2666666
0x926F069A76c863dE736002Aa3B485686269BE5f2,590318
0x9272227568d59326A9Be3a2BeBBc79c5EB2afF4A,590318
0x927c895f159dcc61bce448b5889d61f40248d956,2666666
0x928492629F5eADfB3A31A6565Ef6125d34Deb1c5,590318
0x9286F9E8F2DFB985daEFa5D71A25Eb04dfa2023d,590318
0x9287eb0b5ee60DC9262c5D60EB2cAC45641cE42d,590318
0x928fdcf21fc8636e36584c9940a657adeada735f,2666666
0x9290c9e45034E986db80Bd3c3f4866Dc64aF27A4,590318
0x929b67DaFF3787CEf9061eCd474FbBEEBBFa8311,590318
0x92A738E22Ea5BdDf555371087f26c0d703943E94,590318
0x92AAF151cc53E81231192119f782256423c4d868,590318
0x92AF6410555C470a382A50B68A7b82AB76CBe169,590318
0x92AeA2241b9FD750475301Cf9E1D3270aBFaD941,590318
0x92B909bF0e0e683BddA73586D9F1A780F205DD5d,590318
0x92BF13bbD454678C85408C8352D9F4686679A11A,590318
0x92C0508df7dBB81901113309108F40033fCc4D80,590318
0x92C298947D2AB292D7E5DA41e6B92DF97233e207,590318
0x92D46D886710579b44f43fAa36dC34B8642F5Ca3,590318
0x92E4463f45f51F1774cD661Ea72B054Ae22a0a81,590318
0x92FE67b51003d374C1698cBea996Fd3072186474,590318
0x92Ff028954F615c00aC555f2E852D0E1b85Eb5b3,590318
0x92a0251Df316F40f8D6a581d71ae2798292C8735,590318
0x92a1D14Fc6986568D26C28E810C8A282e73Dfd13,590318
0x92a4F58009dF9eaC5f2AF6d05977683639f0060e,590318
0x92a7222cf0a2ef3ba812f66d2b8e821ae49da075,8000000
0x92a93805EEF9E123a1668562A382Da5D0Ad1F2A5,590318
0x92a9db347130e0495bcB8B948dbe66f553592110,590318
0x92aB349cadBd4832b36017709406562DBEA99765,590318
0x92abBdC63374711DB3EbEf48F5fb7FCbC8790cb5,590318
0x92ae5f02F7EC6C6f1536Fb45046fF8c47C202286,590318
0x92b6227618Dc85147dCf45cFed40DD5FBcfeBF17,590318
0x92bc5e89b23b36b7b24972acad98c28b7c359256,2666666
0x92bd83297630c5bfc6f5e7f5fdc916a79f2e6b76,8000000
0x92c99e81239C8B06441Bc48AAA7F75ac94844dC6,590318
0x92cf493225A254b18D91D81f4821980EE4C6a0d5,590318
0x92db1A82dC9Cc4A3D4E3df5246C8853114928bba,590318
0x92e257A98cD2829298Ed4F4B4119dEd127Bf4F6b,590318
0x92e9b91AA2171694d740E7066F787739CA1Af9De,590318
0x92eE18538C392361f1923794AA62Bd3A6550C8b1,590318
0x93059a1683f5d250e739811ae783b06a6e89eeb2,8000000
0x930965092ABeDFD65253691087BD4d778962C6eC,590318
0x930bD9dcFFA15D1369eDdbDBe431938a35840AB4,590318
0x9310e2b740855834a0cD4224Ab5EF80e10356350,590318
0x93156af5bff2B9e68864D18d0f5Dbc4611CAFB18,590318
0x931A34aE3288FC0F8719875B6b3Ef4440e1f6c52,590318
0x931ba48c43980bd2d20de4bb4df32ddc45905fac,23036649
0x9321D8117E73B0c79035F0E87DEbCFd8dbb1D75A,590318
0x93234a1c74272700c258c58C67Cb5eB46D78496d,590318
0x9323b60044b64626440f582A4C8b96c3aa32392B,590318
0x9325564ADe7683706107685Cf1993678B1163261,590318
0x9327775E225a703125167EB423D246915BdC37E7,590318
0x932845022Cd6aD48751Ff4F5A3feF0AE6fd90347,590318
0x932AFFe766fB1A806F741De235F0e79EB10C9CA9,590318
0x932f717A887214962459658FbEE73aBCddc9D165,590318
0x933387fFBabdbB4713AAdB31101E26Df1c7BE7C0,590318
0x93392d29bf9b47bbe1325e4512ffbeb9486eb149,23036649
0x933B352d16D3Cc6F135C6cf1acbeEB0343b146a1,590318
0x933C6D65bac2Dc3d49470dC8bDF7E2dF689c58d2,590318
0x9341ac33ADeC0144cF56f0D3E73a5FB9FfB72C1C,590318
0x9343C087b79aDa5EaD2c7Fa48073C3DcB8a15a45,590318
0x9344359Bd4b45f87751B9eE073F8adEbd1cBBd98,590318
0x9346348d8b49368dE7a8C90522216a58fF91CC4a,590318
0x93494CF5AC326A1C85477bBE8986D8352f3D0E03,590318
0x934BC64D8681A4Fc385da636c8b2C6Ca7ECdF3d6,590318
0x934f8af2ba0aa1e7f18dfe04e3176b90560322a4,8000000
0x9350842ca8fa66a82C80Be934a196654045Cc70b,590318
0x9354f77148858b3935F2a860ACceC179BBFF1767,590318
0x935729Ae51EEF975cCdeB481D513C75986227BFD,590318
0x935D2fD458fdf41B6F7B62471f593797866a3Ce6,590318
0x935ac5251bdbba8e7319910d061fe91db0003f8f,23036649
0x935f2801D269b8956B3Ab6f95B55Fb4D76f77c36,590318
0x936238391d61067b0480185F7A81834a5Bc7a973,590318
0x9365C4992f1B86ADc3EB53110A52034F8B3f0C12,590318
0x936839A994941a6265F20a2F029557C264876E81,590318
0x93696148243B34770BC8ae07030AD9fb7E750138,590318
0x936a21E8489fFb16F5a7E5914646aA2E1aBb3387,590318
0x936f0379E5E4284c3270A52f1A3102c663888A1F,590318
0x9370370b1dfa10127040774806d357763db6c2ed,23036649
0x93707c85e3706f1ab8ccae9fd14f128843ab7a9b,2666666
0x9372dc16AF26eB2bfB0c3501d854E70Fd538d7E3,590318
0x93745c9E944ECdc2aD08C824A4f093013A88eB3c,590318
0x937791D5Ab5040402370F1fC0D9f8f014d80e90E,590318
0x937cF8b4824CbDb163cD4E71D6908C7D1302d049,590318
0x937e058C9235BA0Cda4A0c0b29EeAEe92973af48,590318
0x9388332Eb6465DA47363322De1964970A6a338eA,590318
0x9389439eC9b8227B0d7ec7e8c3172c72e934Ee8F,590318
0x939267035088a77DF9b350e681DAF241466A602E,590318
0x9393ef54480e2bb46AC1EA5D0623cFf0badB99ac,590318
0x9394e12e000cb24df58f6a8022a1826f77dc0bd4,2666666
0x939Bf85c791C2f965f5b6bEdBD6a8046E45b25Fe,590318
0x939a7EF73572e9218C7085ACa6d894bc237f15E3,590318
0x939b644b63913A249b25D45934Ac8AC667099Aa9,590318
0x939fBD2c0e92625aC070da8d159De77991B53036,590318
0x93A8D0715B45154099493514EAf22Ee84C948290,590318
0x93A92C053E82811eAf613FEdd67c7Bef59f3E2e5,590318
0x93C838ADd3Ac72B42F65417408F900a7155E1bB8,590318
0x93C9293baEaDa42Ad43C1a755fA53edbbFEBF5eA,590318
0x93D11a0e2C4EE8b800727ca22F0d824fe29377BE,590318
0x93D7118f3E5c4d0A545746aB3050b36fD865cADc,590318
0x93De092f93FAf905251B10274A885926fe628996,590318
0x93E04027D0762EBb007a4B66B6b9B5312A08592d,590318
0x93E2387113a0e4523006a6e126c9e48a1C1ab908,590318
0x93EB03FF95961311F8b13B3179Aa66cfcf8f72c0,590318
0x93EC423a8117f7334A3953a7E3c53845cDa08C00,590318
0x93F0Ef63ef5e01B786eCc6e30AE24c7459E83Cb8,590318
0x93FCE1A4163B1124ef42FC015755209D8Ce30c16,590318
0x93a4d3d4454644a3df432d196999424283420cd0,8000000
0x93a692FE5477902C3cf5F6997c1cf59a3712cED4,590318
0x93a73e11177FD3d174bc2e909DCDB331804229e3,590318
0x93ad33d5e6f2e48c71219c27184582a63ebda440,23036649
0x93adaa5757cb116cbE445f41E65108425D5b102E,590318
0x93afA73Bb6B6ed37C7D82f2474704e27044e4bb8,590318
0x93b05fa4DBf106F90Dc6D1c7d6A37c537FF93bef,590318
0x93b52eBcBa12cFE758f13285147dbc3b43a9896D,590318
0x93b86323939a2c3715B6Dc5c206b0FB1a6EfE9A3,590318
0x93c19db36fa14188f153613610c2d44e6566bf35,23036649
0x93c33b999230ee117863a82889fdb342cd6d5c64,2666666
0x93c973dbB5be2bBA0521763E1ae6ac4352592220,590318
0x93d2f4f3a0445AA808c99cbD6bA05236a895379f,590318
0x93d62d98fdbc26b657ea660d26bb4a8dc73d386f,25703315
0x93d716ce63b3ceb44624b3718e01de6d0ce467d7,23036649
0x93dc388d206417Db856f1EB6B656ff82D0C1778f,590318
0x93e79cC5a42F12ddfe73262FFb1f9535E263b27B,590318
0x93e95C4143aE3d28031b9Bf041B583DE954877eF,590318
0x93fc1f35f53a9553534979233caf273214c51fd7,25703315
0x93fe83Ced4c7a47EAC4621b28fF9293f0d4205EA,590318
0x94010296797Ff324D930e47A6c5ffB5105316c8d,590318
0x9403A62aEeB49896b65e2bd53C25E65Caff5a97D,590318
0x9404969B814100a0483151BD24767262859E39a2,590318
0x9409Ee260479649d6229c974748Bbc4B82733283,590318
0x9409b82a2e19848E3D014995a9460b612D3387e1,590318
0x940AcC6711c0BBdEA0eC41db56C0c0D37563A7A7,590318
0x940d3ea58438235a04a23aff5bc4dbe3512e08b4,2666666
0x940ec846224D703650238196D359a2bC67274A24,590318
0x9416Be96011d6C675164C37be2743128850e8a29,590318
0x941903bdad5b881c86d210a7bec2356ea966697e,2666666
0x941F16397CbeceEaCf7e1a60A01fB5e06bDb33D6,590318
0x941ec6abaca1329a3782e1c2f17af1d1c622144e,23036649
0x9425E212647518853a92ae7D2C1Ab09D343e70b6,590318
0x9428E55418755b2F902D3B1f898A871AB5634182,590318
0x9428b3c841ec4fd053bb19e0b809046d7a376be1,23036649
0x943E63888A198a8454EbA0a7eb2812438f973175,590318
0x943a7b12C04455aC4B698D374221174D839d7319,590318
0x943b9979B726dEf14B87aA74E4ca4138C0C92fDa,590318
0x943d2241049744Fc475CD3d83f45277e2837fA6c,590318
0x94446Fc7B099aC0f2177ae40eB1EB4D11BaE6536,590318
0x9444b0D4C3f7ed7731d93867e347748721EE1f0e,590318
0x9444eB5cd71eEa640762AEc49247Ed50c768B397,590318
0x944B51cb1804881954530a8c4e0f0E4DA8389f99,590318
0x944CD1AAfE8D2e9BfF29c7e6C690D5DAeC13ab95,590318
0x944fdeA9d4956ce673C7545862cefCcad6Ee1B04,590318
0x94502C25114361e91921909f60607CC76789B3B3,590318
0x945257CcF6B398D0518C526cA40b965F3c0CF3DE,590318
0x9455E1E34FDd9311fFf24d3B3e63D08d162dF113,590318
0x94666968515012b19dEeeB149D76C74F72ae0AE6,590318
0x9469F418073f18760c3cd6Cb3084b4D828458F22,590318
0x9476D50d849951BD3BaB913Ef92Ef7A87Aa5d703,590318
0x947a5a2E5B096752f0F3663964Dd52151E3AD2B9,590318
0x947aA3E253538744233F409C10AF8Bf827628de2,590318
0x947dB540285d64c6e6c0193f367a1Eb1F9Cb7398,590318
0x94816a8ea1ea39aa7c8bd6e89459bf9def1572fa,2666666
0x9483d055cC13f363f1799c69D9617cD624fc591A,590318
0x94866bE528385546B658c85BdCC6f414a2Fb5Fd4,590318
0x9486Abd07F5c54da59A4eBe8e6D545CC31A4064B,590318
0x94876F659a55bA40E53EB17D9B250a6410b3cbaB,590318
0x948AB299551B90D5C458203d45a6097455D479a8,590318
0x948B596fffF0d2b37D0FC71D3F438565632Fb858,590318
0x948cc985Fdb94C2C27695972cBFb9dC947Cc83f8,590318
0x949659b4D8CCb37599e80708ACa404E4291cD0eC,590318
0x949784ca7be0317f27f3cd2da68a47c01cd2bb79,2666666
0x949C6112a87Ea4FE70fd2C19Df564664Df9E0e37,590318
0x949EB708A894733dE69796C8498f0D347c499250,590318
0x949a8d342642947b9c6098f71b6bd4242aB51248,590318
0x94A1D49029218a877Bf76F7898674bce2C96dFb9,590318
0x94AE32837C9c253ef22bbef9e8e4D9aD6519B79b,590318
0x94AE94Cee83E08FDEce672E253F3B7A3CEd9F8A4,590318
0x94Ce376B21091678bEE3830017B549B86f224f51,590318
0x94D3d916EBe0E34F4CcB2bBc68B893EdA2850114,590318
0x94D7aB06Dc089995bF4F5d963e03aF2011E314AC,590318
0x94F10CFd75b620fE64381186C0eb3AA560d557D9,590318
0x94b1d2e052542ec4520c73bacf38e07d48f34e29,2666666
0x94b3e79f93297c444b9741f89edf0aa17b806b80,2666666
0x94b60C2A5DB13689bb06a73657AC1216424dE5b3,590318
0x94b641Cbc47Ec025229F2527dc16FC18699e7652,590318
0x94b863ddF41Bce4435D0605A7A5c540AF838d19A,590318
0x94bb01220f9e3d2d0434cfae689ec1c61dc53873,23036649
0x94c25eA64eB6c041f4F363cAE311777FfA1ADE2e,590318
0x94c638baee3aec5b09b8046cb8d8fbabfe628684,23036649
0x94c79E1A2A1dcb62ae13221C062Ac466902f76F3,590318
0x94cAECEef471FCA2Da24aF9F4Cd8ABb0C39eC461,590318
0x94ce8872909F75EBC5Ae1922f442704902142730,590318
0x94d00415216a919988ecef47bf26bcf01ef22aa7,23036649
0x94d1a9B43875319AAaE898A3ceF3175FB170CD0f,590318
0x94d3d1ed9e313b640603d7e2969ff1ebeb82a9c2,8000000
0x94d7d1909f532646736c192287ff250c2ad4724e,25703315
0x94dDBa5d524FACe8135e11995Cf97B22fa379277,590318
0x94de7E2c73529EbF3206Aa3459e699fbCdfCD49b,590318
0x94f6462ce94d585df17467d544ac33ad0a7c264f,23036649
0x94f88B353674B2AcC82A2Fec99c00764aE631F00,590318
0x95045b448e096b5d7422539067d82b4f2b5724f2,2666666
0x950615b7fDFfb113BA53801EA6129AE7E372558e,590318
0x951038bB372D16180c0AFB0f46aB283059154004,590318
0x9513a80316baE8997e86551BB23Bf918e89F5FC1,590318
0x95166eae59180036a4085612136ED8EfE40282Ca,590318
0x951FaB5CB34E0f9c8B49eF14692A53E013E1834B,590318
0x9523c5fffa681761c401A08B0acae2D862759AD2,590318
0x9527107d64acdc4490606bf663d96fa87f3701eb,2666666
0x952a5ebd1F2E47D7Af1A43EF2E3BeB97e6E23eb6,590318
0x953e2A37D3943D4e210FE474958e699a8b053c41,590318
0x9542BDD91448b92147778e411D6e7e1DBB60a241,590318
0x9549A8526009dc775ffD241c9e09E56d23F1c109,590318
0x954C057227b227f56B3e1D8C3c279F6aF016d0e5,590318
0x954d29aB4BEdAe55E8a1cbAB147e3428867238ca,590318
0x9550D080e97ee1b6FD1782371310b3c4eD7bE793,590318
0x9558E216E3f5e7348Bae92bf1DFd5ce2814928Dc,590318
0x955A65D9B47800a3810b3E409c06d59F230a3DE0,590318
0x955B6F06981d77f947F4d44CA4297D2e26a916d7,590318
0x955F3d3663A652f331218e70645C9b3496920B81,590318
0x955aF4de9Ca03f84c9462457D075aCABf1A8AfC8,590318
0x955fb374E8002d9c14AEB2A0da9A73136c7D17a5,590318
0x95623E8C6c455e37f337421ab1da4053096f52DE,590318
0x9563C6F3948d9287c3b3D1313d4996aaB5EdEfc9,590318
0x9566164058b60C6F6b8CF580958C5d4FEDE2F9c9,590318
0x9568EF803D55005AD31Ff6cd14924B5e0172dD9f,590318
0x956Fa59b396EBdE1cB9E52eFfB1A79a6740D4fA9,590318
0x956a2725e42dD701Ef115BAb50A06EE5bB9DA8C2,590318
0x95704A8Eaa68fEf7C775F25B7F6D43884810124d,590318
0x95759D87638cD0880E059062AF9f9Eb7956a1c6a,590318
0x9578ed58C38524503d72Ae29B6e6934c8A155Abb,590318
0x958110292B60b12f1d2277c1d32cCC5b90816A89,590318
0x95842E309f301a864652FbA76E77932eb78d63bA,590318
0x958543756A4c7AC6fB361f0efBfeCD98E4D297Db,590318
0x9586904E2007461E0C45d58FA2A7F142f05cFb9E,590318
0x95870eB7b925be6C42f50Ba48dD369a9F6a87708,590318
0x95880e64f905494aec81da5a2874183d97605951,2666666
0x958C4EBb6D8F4fc4F195F3edA9604566B9992AF3,590318
0x958d62982DA21516754C3101c92aD17F3A4415B2,590318
0x959Af9DE5F5Bc25F72b325BE40Fa3f066bC79Abc,590318
0x959E41b8A3250DB0Af2F596300c44a7303D0BE27,590318
0x959ec8193f32c0e77635A7cBf7648929482b4dF5,590318
0x959f0043366acd0aab3b924eecd8e733282ad0f1,8000000
0x95A46112679f65DA65b81a544B5B86fF270DD865,590318
0x95A83fb7e87E210C1b32a14b0fd9c84100D6a69d,590318
0x95Adcbf8aFE031de6d207a39e5ca7f73400035C2,590318
0x95B434dd1dd69354615972856E2C7607997B7578,590318
0x95B5B56D28b824A92826eb3135706a55D022d1a3,590318
0x95B7c8384d49d12c7E8aD4d4128E258812F57FAB,590318
0x95C2ec97903c993EFBe4630F1535282A12fEAd98,590318
0x95D394F35705033008cCdAf0bce3d07E4Be090f4,590318
0x95D41776812C6CA222dd5fdea56c065B55FF7655,590318
0x95D54f8b2E681f897b1750D0bdced1AbB5A4C270,590318
0x95D655bF1ba90B013a67dC661A358d768e850Db1,590318
0x95E08FA8ac4301acC5b943f860Cd8AC84433e3CF,590318
0x95E17Ee1fF7AD3d66b260a21b335eA6CF2ce38af,590318
0x95E1b6CcFE24725C8BE609c22cA73E2BF46Eaf38,590318
0x95EB7cda4aC6c4E32DA4adbcc5af1Ca4E208022e,590318
0x95F2A4dfEA7521b338203A96317cA2d0445Dad00,590318
0x95FCfC9b87Fd25dD227038193Ca2F4cc01F06187,590318
0x95a52074D9c28043c7D890d31f648612B7dd45A0,590318
0x95a5b3c811104b2b42afc58bf8677aee940d69ed,23036649
0x95baBbbE147946A06563d1009e4a62a6a667179A,590318
0x95c1b60ea4C8b6c7b3Aa738aa93D4a1d2825a1dE,590318
0x95c7647AC9E8487D31138e9976EB516335392bDB,590318
0x95d4b05A61341592Dd0bFa6fd0dCBEbBfd0B5Da9,590318
0x95d8cA0a98BC1dF559Ec77A9A5B97F976EFB8ee3,590318
0x95e85DBb74414F1C30c34172519760bbE44840e8,590318
0x95f38A9d5cB3Fb6BA59070c263d5bA54444EC2cE,590318
0x95fcfc9b87fd25dd227038193ca2f4cc01f06187,8000000
0x9600e2eE6377DAdad7299B120026661c336A5e6d,590318
0x9602407a8b837A83c1d0F76d1b2E4f0011120a50,590318
0x9606CC193ca431C7c9E05A8Fb8753312512DF9AC,590318
0x9609874b15b5a57aa4099b53166a7e8df01d3b82,23036649
0x960E2bE9761254a9523F6677a4c4574Ac6Fe2282,590318
0x960FAd9e0c660013f9b3605C93a636023897456E,590318
0x9613eca44F5e6b3045284537a6Ba4b56BA0E7CA8,590318
0x9613eca44f5e6b3045284537a6ba4b56ba0e7ca8,31036649
0x9617faE6caB9E33E55Be5D197e39d456eD9bBd59,590318
0x96183D42CDc17c1F616f38bEA49996b1F00508C9,590318
0x961b9cc46983b20091be199651a2f283cf12a7a7,31036649
0x961c7EdEb9e4ECA3f0dA70223f9108017C84fe71,590318
0x961d7DC5Ff2b8EEc1dEFc6e19e64d182c62a68dA,590318
0x9620Da3d1Cece0ac2B43d5012270B4036894DE4a,590318
0x9621222a5144Ed3ee6Bd4f406579EfC4F1fc336e,590318
0x9621222a5144ed3ee6bd4f406579efc4f1fc336e,25703315
0x9627a6F2a05FbE1a05AA4de6D9e84add74d233B4,590318
0x962c8B71AdF855A22B2eB24c726e34452B7e223a,590318
0x96318c22f08f7bA0B438abaB54fC3e4f3729Fc14,590318
0x96373d84487E69aA10EF3e8d2ecE28Ca27b50ADD,590318
0x96388E5B62bcFd0F803404571A84C11395E9E04E,590318
0x96391F12d98bDE444A7E62326C93dc9eA9BA70d5,590318
0x96428d1D474e833703aF1071cfA51e6EB79D0048,590318
0x9646C6b0EBf70AC0469D08d5B7040d87ac126117,590318
0x96488F9fcd0C6997C771A26D85D1f61CaCfA502C,590318
0x964Ce00a4336283f8FFBB90DcfAeb3861Af6Dd08,590318
0x964D71Fa3814f2eA30315a112F5E9E57Ff0E0b2A,590318
0x964ecee685b613d198be950eef779d3ff8bfdb92,8000000
0x9655b5f41ce012b2De37fbaFFd4e15d17843EB5e,590318
0x9655c8d07b3c1646B822B73A16b1897944671067,590318
0x965ec2820727148b8B4bD5dA4a7B23EfA03D95CD,590318
0x966D16Ce8F3670D7f0cB2407CAc7D44A5697A9b2,590318
0x966D37061Cd66d0Ad86ECF5603150aa5777dbaeF,590318
0x966d7Da99fcF0152d692c1C6674ee620614e00a7,590318
0x9673cae06389e65acdbfc95e989c90b2610f8e29,2666666
0x967444ae864970dcf13e068f6e4a1b3393deb85a,23036649
0x9675B745f2913228B9c4f8e1B8c21c32f06D58db,590318
0x9677E256755e1718e7e455B3BF9bce84C6db6B2e,590318
0x967D1e5c987f1ecdb27179BcB4153B2Fd0167c92,590318
0x967Edc401472dc8b7dc3b9E51bc66bD6477EE209,590318
0x967c6574c97c4a567632247af01d6a1d6219a626,23036649
0x96836e93eb24744aed65a122ab99404b5e67cc72,23036649
0x9683A18BEEf2999C34feE2509735a9F288740471,590318
0x9686ef5e52E51FA6c8bbfAcCb2Ff6b958C4625a9,590318
0x968eb308d877c3dccdef6255fc40e32b45ec42e0,23036649
0x9698672b1F2dE186A8c85C7DfB31335e8670C867,590318
0x9699C68f3F43aee90dA29035a32D6f4Db3EEFf03,590318
0x96A98D05449672A06ff621b9AF12f20F61c2330b,590318
0x96A9978aCdB5343e8efc6fAa8BDd0399b744f5f4,590318
0x96C3Bc52b2452Adf047da1E532664DFD8920ed9A,590318
0x96CBB5e3c769a6e23b06d01Ba89d394e9aE5CB03,590318
0x96DC669B5D463acDA704EDa27EA12AdD47643Ea4,590318
0x96Db9AD8BEaD5791B48108ca7e7Cd082fc60C09c,590318
0x96E4A596087b811D61216684A4D87C688C6cbFFa,590318
0x96EE402C9CbBE4f38db7aB0beF4F520732010d75,590318
0x96a451a1fae9e8a2878a7ac5e3e654ad9ebf23fb,23036649
0x96bBbfDd1efc9982cF06d43ED6C5B3e7Bff39674,590318
0x96bD085aFa116f195dEd5D01F7DC09Cdd1085413,590318
0x96bE275eA2714B72b06E621E48C4bcB967478d59,590318
0x96c86afc92616265756372738f547312f5a6ccd5,31036649
0x96cCD8a838c4b3e7c2eE96D4A95B857468cD908a,590318
0x96cb2ee31af9d6f311bff268c79d3b33d44e5505,23036649
0x96cc249D9bf1167A9ec086f7426276B0F83e4E3D,590318
0x96d2CF99F8bcaFeAcd0B1084225e9445632E175f,590318
0x96d58B1d8a59f5448c4af0DED63D4ecE35BEfD25,590318
0x96d5bc1f4861a7eab65d36226f393a44041a60f1,23036649
0x96dA3C96545994d539559953005cec49c2a64c6E,590318
0x96e3BAA591C9Cf4d5f44dd44D02A3d4cE9290ac2,590318
0x96f5771eecAA02314bbb98C5F301ceCEFDfe111f,590318
0x970070d29a7609a380c5fb93838babde51f08de6,2666666
0x9702Bb594AE87C1203062B63Cf7E9f48600da63e,590318
0x9703A5Faf55A485273A70555DDCc0145f7A89D45,590318
0x9703ad8f42660bc68282d98bb56a1009cc9dc9ef,23036649
0x97082575382144e478f51684AF4789A39730A9C3,590318
0x970924f3E9987cd02d663816538f467B8B004f35,590318
0x970Ba6B9beF7beF8Ef45cd2F198cDEbaec771b3e,590318
0x970f7a91fab4ba885a76db9bff70d3d7fa5de695,23036649
0x97118817A6FD85ea72257A035001009bDBB1B91F,590318
0x971562eC1606fE98caB6683D0107d2158C595986,590318
0x971740Ed368934875f1890898D5FFC10EA99FA43,590318
0x9727082E9b2C8e9029E3b2FfA050ECDB6d1B7880,590318
0x9727e451546E8D2103D432967796904164477D9a,590318
0x972eca73241aaad12517460cf5590641b2e61c9d,8000000
0x97308BDBb417eBB9f3457b5C2ABCC38136034cea,590318
0x9734223269742C4c683C93A507Cfb5a97252023A,590318
0x9734c3fd62B85F86a6b4E84958d763FE64E41ACb,590318
0x9738f45C8562D4EA6eA6Bc4c1C0F2F0f0FD99179,590318
0x973B4C7d47F855D5f0c1B2a8525B8222f302c2dD,590318
0x973EE2f572Ab68e02D6ad45D334857c0018d8508,590318
0x973d06759bce95cd9baec5e2753a3e45b8899674,2666666
0x973eeAd7935E50bdBaBf962085a979DB70244DA1,590318
0x97454F63Df8eFDaBF7ed6f634C7922035E899971,590318
0x97490f251bAd606fa8304F5143359E728013394e,590318
0x974e0e003d12bcc5281f069f6ffdfa023e540d98,2666666
0x9752Dad17648395aa719Aee5979033a906CCa596,590318
0x975311468DFB7e6b787232e82d9F8b03fd5435dE,590318
0x975436CA41E5455839Cd79c1D02c4692361DFB25,590318
0x975984b26C58464B198917feC419d937475363b3,590318
0x975Afe7d2f085999b9621A395Dd76E059ae9aa04,590318
0x975D368a9a2BC2028Eec2b08E8F6456389288ABa,590318
0x975E83A6d49595e5C2eceC956f5d9291E6928a29,590318
0x975F1Be5Fbd4aB7A9B77B6dc32FEa6F4E26908ad,590318
0x975fC3062C790429e40B1085728B3938D5bCeF72,590318
0x97622f6274bef67e990f6f869244b330adafebca,2666666
0x976540F7155D67CC4D4f79f97DE62D307a0fdC41,590318
0x9773E0a35f69544DA331Cd0A38c06CbE23e5B77B,590318
0x97760aed1c2988CffAdd22C9d8c29475acC29eCF,590318
0x977882f41e89fB1bE158e6eF0831D73aA34c99BA,590318
0x977e1cAA029Adb397d6d37aF1ec3201DD6F33822,590318
0x977e1caa029adb397d6d37af1ec3201dd6f33822,31036649
0x977e6f675c73704ad61e3bf5407f2395d82d83a9,2666666
0x979614d99b035c10163C5a71fa745d673E051A36,590318
0x97A58e59522a05490a4b871C6AD694Dce1BdA63d,590318
0x97Aeb2A12c3Ec7daEA134EEE82171A4318ffe517,590318
0x97B111a9e1b592BDdF140a247CaE6c2332c1470A,590318
0x97C6bB0624987442Cf687dCf1ec4C6aF7e603e9a,590318
0x97D1DEFB653643379Db57c39203EA26644984b2D,590318
0x97D1a0666200f16F8Ae5bddb245C28624cf511D7,590318
0x97D37E8B619cF4C6145da456766CA4FA157292D3,590318
0x97D9Bb97F706B2c8b8Cad7DEc27561Baa5c70960,590318
0x97DA20Dc2BD46174dA79D71a385B7248527fbEE6,590318
0x97DDB656B2B18c9aA46f998da5b22963c8dF9FaC,590318
0x97DaE929262003711fF1F91F707464220664B4e9,590318
0x97De6C05BEB41d89bd093e0424dE598a561bD785,590318
0x97E8E5a2aC50FA6Da960791b676EfFe1919B6b45,590318
0x97E93C2992341049231DdD85ff9e6F55A3DD616d,590318
0x97Ebf14F133B811eb160254EA5B52c785610053e,590318
0x97F383812589D8e0cFEDDEc6924a027E92156CD2,590318
0x97F41D8eB6173a444A81C7D75823cC7c5Cf5877d,590318
0x97FBCA9b5c3B5E2Ed32921a20d7157E2cb3780d3,590318
0x97a5Cf80359A859b75a1d1757d06c48d6Dcbf588,590318
0x97b65bd33A26BDf72A7AE5341Aa15895a6ad32f2,590318
0x97c2b00b08cae184f5b6cdb3f73b3c9d9dac7613,23036649
0x97d1a0666200f16f8ae5bddb245c28624cf511d7,25703315
0x97d8e11dE3C8f268833F71D5De516B16Cd6c1009,590318
0x97d9Ca2C9De3926C188bc3275b8337C5b413E051,590318
0x97dB6365EDc524D443f2822673ed7e90e4Cc69d9,590318
0x97e242c445dcD7fd73c9241E5C5515ADc6E55D1D,590318
0x97e34aCbF60DA2cfCd761A4230458FeE7888aBa3,590318
0x97eaAea5f5D5D6f2c25eDca0e051f62A1158B4b3,590318
0x97f1dac66e6cdeddb929248e51c12b87372c67f4,23036649
0x97f69a4f5091a640C8a1420910CF1A7A754E3625,590318
0x97f8789C12894319794E8FB2674EEaf0A403C0fE,590318
0x97fbca9b5c3b5e2ed32921a20d7157e2cb3780d3,2666666
0x97fc46c7aA566647da6dAc80e0FD0876411eF620,590318
0x97fdf3f85587993E77454821CeBCc3AaB10AF27c,590318
0x97fec1CDc7537D89bb4bcD882adad7dBab2f6B53,590318
0x98011a7b0795F456FfcE7c988369f1149e8AEba2,590318
0x98019dd85682550c48cdf8ef1118b5b6f482fde3,23036649
0x9802F87947d13D3162fDE3F385eEF855F9250f1C,590318
0x98055B17b34A05539B2778578ebc426f7775998E,590318
0x980A654521D5d9F3339066B91c9F1586D9C62085,590318
0x980c76a696408ba398D06ac075c119ab60d690cd,590318
0x980fbc6c1906f1B4D56B8c3bf62f367f2FD4018E,590318
0x9813e20e0e073c3CB191EeBAAF863b7e4942e6aE,590318
0x981B30E780f901B67E6F2cc420346f48942f26b4,590318
0x981b346176006652e0ea925d8208122b983828a0,2666666
0x981c82b1B7B6D9e2AbcFda8D9f482bC48d28A433,590318
0x9823708c527E9332386b9C6E95F58fCdE03d4891,590318
0x982Af955413934244E09A7eD93ffFf05c2bc47ad,590318
0x982BE85AA64C3574447e095E9aeB391706e22000,590318
0x982D5002D63613AC05e519Cf84226b2adCFC6Ba6,590318
0x982cce9898a82Ed3B801e89a3c45EDDfce668C5d,590318
0x9830d373fBFE5daBF039071eCCdaFE4192ABd7A1,590318
0x9830d6B37fe7488707cC4AD7F8B481D75eB2a8C2,590318
0x983D1495153e32Cb0b0fBB2C17c3EB01baeDBA95,590318
0x983F43C56129c4D17eF5ee5C12048A7623399f95,590318
0x983b36872ae1bbC40dD0A99c3ed98429FEa0EbD4,590318
0x9840C17cd6deC40efB78805C1E0684A623C655a6,590318
0x9848F13b77C754BbC660943BEc719B2b47117DB4,590318
0x984AB180F35e8267454cf39c0615F9A88eEAaCCE,590318
0x9854Ff3D54C3f087937BDD2fb7e8F2F99576d89d,590318
0x9857B0a1EF07bcA713866c9a7D1215e69Ad9F443,590318
0x9857EE2C0Ac0FCFB3fF377E4363915f13311D87B,590318
0x985DF3A26145ec86f28b3C055453aBf8D822E880,590318
0x985b79d10a94174de66b2cc78c709926b269a489,8000000
0x985d0e1a9E4f332DB1FC9F944Caab04573B54f93,590318
0x985ed79b6a5ce8785f08cf8e2ab0ace89994afba,2666666
0x985f8d14A70eB9cA5BaF0b5a832253FF141ECB85,590318
0x9860D4220E51F5A11207727637d1AbdD631690Ee,590318
0x9862dB822BE8870713557dF1cAe495BEF9FF5778,590318
0x986868c921075f31514015E6ecdbB4A6526579b2,590318
0x986c6c8b57ac9a826443734c4a5031ff5bc8c93c,25703315
0x98769BC238a969a3535673188849Df25dcecb590,590318
0x987A76e65b8e47174a4709d6a30c74d756A20436,590318
0x987DAd22e28fCe25574D0B728b376C6eC20Cd7f5,590318
0x987d2628195EC9F9FB456ff237665A58851D637a,590318
0x987d2628195ec9f9fb456ff237665a58851d637a,2666666
0x987f9303ACC3307c5e04bAF4DF9032De716Bb2Bb,590318
0x988381cf6B59A6A2b707566823a49Dd1A74b5D8e,590318
0x98893c7d3E31fD1a3B2CD028070fdb73Dd9dFB99,590318
0x988abed07467f932bee7e64273d6a16bb611b4da,2666666
0x988dD9033b8621578f4E26e566247460953f2bA6,590318
0x9890E1a3745797036424cb279d694AFF985eF744,590318
0x98917ABd24dFE6d291c48531D2099866124295c2,590318
0x9891EEa2c05c841df70f826C1f209dFEe506421f,590318
0x9899083Fd085e58eA3cC8888E58d6D0360779094,590318
0x989Cae3d77853E73957fa8bE58A360f3C00fe4E8,590318
0x989b3c9F5bC4189dFaEe8EfAC99F9638d39FC45d,590318
0x98A05151CE30b28dc0C9e8F5fd0Cb89264131300,590318
0x98A48892C6a8a95Ef265edE84E40221C1393A1A4,590318
0x98AB8cF3a98D5CFFDF3d9A2CFa48660095566913,590318
0x98B4433791464F6A1CAa599C93600Ef07f0Ff751,590318
0x98C45D5Ea9Ccd8278fE43Ba740e967a49cd19E6e,590318
0x98D12F10118910B3b3988a9E1c78Ada20c0b20cd,590318
0x98D3BB2F1889A87c03fD3a0249ea7cA7F0167c2B,590318
0x98E073b579FD483EaC8f10d5bd0B32C8C3BBD7e0,590318
0x98E1c4E34CCDED4760eF8dA63BCcCdF4a75B3c4B,590318
0x98a73eeeb667cd020f46ec36e06527c1907a5e6c,2666666
0x98a7c6fe8092709d51d48ba2e4bece609c8ebd1f,2666666
0x98aBb17006aaA4f29F60cb8C9C3dB70B174EbA24,590318
0x98aaC878571b24026F10271df6ea54Da5b5070d6,590318
0x98aac878571b24026f10271df6ea54da5b5070d6,2666666
0x98ac721e74e4b50acd2165c1d221dda5139f442c,23036649
0x98b69D0B81fb1966eBe0Af76789425706e5aFe7B,590318
0x98bc500d151204fc1f7dca1ba51ec362b9823fa9,2666666
0x98bfFF3D7bDf33Ca0dD0220E2452f9C051d18Ca4,590318
0x98c7a0c5ec68939D43F30488E673F59B668967Ea,590318
0x98c810ab29defeb17a58d0c2e33e74c3c4d475d1,2666666
0x98d39ad8c4d6a852921F30EB734c36FCC4F7Acc9,590318
0x98e499210eC2f4085B4bc0ca2Ed93A1B26a8402B,590318
0x98eE98B754EdFE5D2Cb4377E3e7f47E8803Ef8C4,590318
0x98ead1ff705EcC4e9027D6Bb020C1C365778c662,590318
0x98eb6a1138aCB221A9F341168984fB1CE18C5874,590318
0x98ee98b754edfe5d2cb4377e3e7f47e8803ef8c4,2666666
0x98f654450C796a41B76cb2a3731bf22AB5D32DA9,590318
0x990168b72019BB7cF7Fc9FBd33Ef27f1AaE04cCf,590318
0x99035b177fb75872c98b16342a16cc5b70491a77,23036649
0x9904cbb57d4F4cC91EC85f03EC9e6E4514F5775e,590318
0x9906af00C8FEC2de491BacdD0e2E1A947e3043BE,590318
0x990804a0843e79dd6bc768ca4d3c9e1a59b3b9eb,23036649
0x990Af26009D8f3921e0c72CcD804B99Ba23D7454,590318
0x990B86889D561dC15baF5CBe0670Cc2F13396D28,590318
0x990ede76efa9e712ebd1c4ef7a9b20e5de70eb6c,8000000
0x9911068025e3b968826740bfaea0be86ddadd914,2666666
0x99152530C942B997BFCcf88C598CC490a3BdBdC0,590318
0x991674B0a894a3e3c510e8b1889B323ACDa51B61,590318
0x99186E9a933fD83C0813d7eE694464CA55AEb7f9,590318
0x99186e9a933fd83c0813d7ee694464ca55aeb7f9,8000000
0x9925c518701C72e6528BEC6CbFAaf9d872b21775,590318
0x9926bC846e52D8a00d4d10e45747246f94265eDc,590318
0x9928C2e092cD374cd10BBA4Ba973eB749E55Cab7,590318
0x9929497B5129918D00c90a630Fa749E0D430C8ed,590318
0x992Cbf662121648b4375532b837a6df1C699e29B,590318
0x99344B575b83360410a0E4dCe75189EdECAcc824,590318
0x99353fd28589cf715a45617442e9b74adad56601,8000000
0x993798fDB00252Da05c41a165D2EAC6916375177,590318
0x9941Cc835839642cb903e808492eA052b47f2883,590318
0x9943d85728F6263AE1914D886422A2A4C936415a,590318
0x9950b438c5947C5cA7cDC225292f56B50a5c77B0,590318
0x9952d3510a579a11872e497ce989b6302b9256d4,2666666
0x9953181ce2901c1FB946c29C3E1F66D70395963F,590318
0x9955724CfC4de195DF36B8125Ad7C35C0C84A4A6,590318
0x995762f37741a42caf88ec0d2b993fe821a82c48,2666666
0x995C43dA4ef95AbAF141cFd96aE01791604CDdcc,590318
0x995D9006E2a5a4bc54dE11DE04E472a222Da3Fe6,590318
0x9960b8CeCa8cDBF7fe1d2354E644D06bF6e224d7,590318
0x996F7c241007dcEEa584ae035a45Cb6B98e8974C,590318
0x9973E424ffaA9E3CBf6DFbb02BFf67beEC782156,590318
0x99743d176a6Fa8F10Fb521F5dFc5dCC899eb6122,590318
0x997448a54A55684F8961aF14990807CB04c2f916,590318
0x9976839414EDb886f377755Bb96F78a445494C5e,590318
0x997C5fa34A24Dd1a356480826894F3699ad8855E,590318
0x997D2a847D887014a8Ae215ec5dd60dF57C2f752,590318
0x997d17C02f787b1BED3BC8E1583b200d6048454a,590318
0x9980EABEd44849E76CE8158d93E3391b43968d70,590318
0x9984599cd2c48a2037e47fd8babaf843d3832177,23036649
0x998463dd08CA19b52463dB5F56B91A66dC7e7A3e,590318
0x998527001E40c39Cb2f98a3E6CD235331156D95e,590318
0x999151fE22306dCbAa87734d89D36efB9312F311,590318
0x999412b2262996713e605dCa98C64d35F55E6832,590318
0x9994541fc90b6dbd0adc460f74b816c3eab6b000,8000000
0x9995F95e402Fbe3cC7A99800387C83CC08E5A148,590318
0x9995db1b6330788662d7E5397F1d249f2B2c6525,590318
0x999655A7EcFAFc0DEF7cd711DEcEb82d6183ecF2,590318
0x99999990D598B918799f38163204Bbc30611B6b6,590318
0x999F186CDA2B78dD59FFEbE5AA994EEA0B025Dcb,590318
0x999c15c0d226e9dB2E029002712D5763a0563716,590318
0x99A5c5948822D00a4dFb072Fe55F8337aB979E9C,590318
0x99A60685fB15dD1F611dE636EE502F793B7c9989,590318
0x99BC02c239025E431D5741cC1DbA8CE77fc51CE3,590318
0x99CEC11b177f744108ceeC8e839651f70Af3ceBD,590318
0x99CF89E2F3f9305996A55F5F070373700DAd88f6,590318
0x99ED04C212dD3929E9063bd78B26Ef41858CB62C,590318
0x99EDE7FeC7CA75B461Dc4F3693B06054E3a95aE0,590318
0x99F88b2dDAcB2E64B3E276FA7bf9149fE9Eb76bA,590318
0x99FBa19112f221D0B44c9c22241f5e6b2Db715F6,590318
0x99aeAbFF6b7E610509B2862A566aE663E84b7aD5,590318
0x99b949904a7C6E56B15B332f11cca4cA6621863f,590318
0x99baf7300be2616876e921f5de4477dd2389b27b,23036649
0x99bf69af8f0e48703b54f66a16a1ec9374d90c86,23036649
0x99c0B56f7D97789ceE4364a76D49247120cD8963,590318
0x99c8D748d04Cb9F1d744FD0C85f9c31E4aeC6cC5,590318
0x99c903d2eEe2519Cf8CE31Fb1f9B91EDb54CcBd0,590318
0x99cD4E86287aC9E9b0967Bb3677aB49dC9427815,590318
0x99d42632Bd3b05EE58D9775f1a6DA03974a1266e,590318
0x99d4867621b2F1B2c14664b04b77D29411697595,590318
0x99d57e488C95E81a18434a50b238d1dA4a7EA493,590318
0x99d7A3C62E9286bb36E2b261535B3E9Cd6d217fc,590318
0x99ec9E66a0E1852BAF525B9ae31EAec9DB105A0B,590318
0x99ee5bd1aD5f0857c267ed5A673D207e50ac062D,590318
0x9A09E92c9064ED461A00bAedB6a44D5CB8C8C756,590318
0x9A15235379CF1111EA102850d442b743BF586FC5,590318
0x9A15342876e19052C3FAbceF9BAd8507B9623c12,590318
0x9A193488fdDd979Fce4f73fb3368850163460196,590318
0x9A1c6e462961422168b4d958Cff3344eA7430507,590318
0x9A1cA9F181f580C2463Ade82658759E22c5618F6,590318
0x9A1eE67e454bb963183884e7e2872fc0016613D3,590318
0x9A2178A681FDc8Ac94788eD336437Ae442bf0063,590318
0x9A281Ff2f2a64E7Ea8C0624159daf5614A03F6ba,590318
0x9A29A5b7b761214Bea80D7372976D74bD975b9C4,590318
0x9A362C9276C57c720C53267BfacCEF1A885ce244,590318
0x9A36848bF691211bDC583633dE56623bCA66fb6f,590318
0x9A468c07208a3eC0b3ecD64bD34EfB2D8f4C3ED4,590318
0x9A5E2673d38f0ceD2af52104Ef009996C3b887d9,590318
0x9A61DC7Ee4B5D3991F16AD9E08826F754AB8E576,590318
0x9A673eb0AE27EFF5073767931E4bb0564838D2C1,590318
0x9A6cb68445986f3A25DB69d89C9672D8b3664D9A,590318
0x9A6fC09dCa05Ec82995D1Ec309409311f5DcA748,590318
0x9A70E3baAE0D74d686b5B390f06f462017a057e2,590318
0x9A722Bd2587b9e1B8842da81239d9eB22e78e8EA,590318
0x9A740B31Bd904d1bA9f99121dB9a4f6be26aD8d4,590318
0x9A7710e1735Cf8eBd9f204B1683862CEC4086B58,590318
0x9A78eC5685F213441eF0ebDe879E4deC16394249,590318
0x9A93d0D5C011FC94Fead215A46fAF2080cd6927C,590318
0x9A948473e07300eC02E51B5E0Fdcaff05546C8C1,590318
0x9A9B11e017817219c0250B2e54A81b417477A80D,590318
0x9AB4Adb09D53D871733a65D3A702cF9099FF9F3f,590318
0x9AC840d2D7d96adfe77dd40B71D379161842bab4,590318
0x9AC874D8fD2E4f5c7dBacd547AD2aB75108dB948,590318
0x9AD1740b37D98D1401b5B4b69E6098f60735C9B6,590318
0x9AD9703983aA61c3405240473a8c770cAd88E3A1,590318
0x9AE06176690BfF9b89c034037F52Deb60d50D16a,590318
0x9AE8912ea6562957043c8d048641Aa9B450c397f,590318
0x9AE8C02B5B1e90Ea37C15Db0b0ab30D3d660A6A6,590318
0x9AF71E6282d16831B39102bc65761273c934b9be,590318
0x9AFa6e668430A6Ef801DDBD55b070A2A8fB47Ee4,590318
0x9Ac49D2FF6D3CAfb8811D3de84cFE065b55CDfff,590318
0x9Ad6a71D984f54fe019CaA7Fc8405d94217c0dA5,590318
0x9Ae72EAEF7e20518C75F982606427B85082A2b17,590318
0x9B0DE76CB0A21CAd9FD37675731F65773508AF9e,590318
0x9B194EAE9b981a3ddd12065E8dd980895D8Cdd33,590318
0x9B1Df9BDF07B3B87AFd0648Ac426fA90A075747d,590318
0x9B22f015a499791AF731e2f7CdcDf4b529bE00dC,590318
0x9B3062e8910BC148264A3c761363D5fb2c7E9A06,590318
0x9B31FE02aFA84F1783B133e2adA319Dba6a9e302,590318
0x9B32bf5D8D88Dd5CEF0D32cDFFf2eAB50d2e04b3,590318
0x9B376D82078e9321Ef8Dfa9c1C645E131C496D98,590318
0x9B3d3e733DD779266511514a3b6411A3D742F765,590318
0x9B4626EdA779636C031B336E09A844850954679a,590318
0x9B51F735d58D6FfeaaEC31ed5b5D0Ad881db6204,590318
0x9B549d27E5085950C9882EA5D89B9e6045A5ead9,590318
0x9B66aD26E689f8f57b150C074c5f868A3Ab3C35E,590318
0x9B69dd233A826A2aeb8004a2AD3A2B58BBC6Da5c,590318
0x9B6cB5ee13014110211304De0C5CEE1D9410a67f,590318
0x9B7C64b5328ad357Cc878242351E027E735Adb68,590318
0x9B7E3336ad50d6315179E7049Dc91E5BE9CB0B00,590318
0x9B8510DD1d1A47Fe3aCbB56e4B0E1FBB88bAbe64,590318
0x9B864dDE6ED1c21608b1665a0ac0fAA4F7E36e6E,590318
0x9B921faD875b06183d3992A125026c89915D71F6,590318
0x9B9a1Fdf48C8241B5D7D7A826907CCbe5b0F1BA8,590318
0x9BB86AB2EbE3e6b9b580d557F7AdcC4Ff746eC8F,590318
0x9BC1086d866E7EF705BfD48Cf4d52267d6CF6B8d,590318
0x9BbA08B03FB8AD80E5BA575C611166AAF382e8D7,590318
0x9Bc27a47B4413c51f884AE4e4b9170F3A0D7f742,590318
0x9Bc2D5F7e28e0907Efc6Fc2164D18505D2D58413,590318
0x9Bd54CAcC901F0aA03Ff1465d0EbcabE98F4022a,590318
0x9Be5A05C4DbB916b79117A36e27036689F46c270,590318
0x9Beb1c42d03494Bb0C08417E28D402b92FBC8626,590318
0x9BecA5F348bae6341B68D7c113f1Af24D1022beD,590318
0x9Bee5b17Eb847744b6a81Ee935409739F91c722c,590318
0x9C030741bf482dA50429eCF37EB0297014073c87,590318
0x9C1915f821912f5BbcbBD07EF92CEe9cF28068d4,590318
0x9C1C12F91d17acD62e343f47A6EA6Fa9EF9dFe84,590318
0x9C1EA97A929D84C9eeD1F5DA47874cC9DAbd7000,590318
0x9C1a66Ed334eB8f31025daF418bbEbB65e63b8a1,590318
0x9C39888f6ebeC9C286F59C5219e869464ed11569,590318
0x9C39a3E280adf6E0DABC33f86a4b6043A21C1acA,590318
0x9C3AFFf659EadeE3CBe78069E498D26f06874C31,590318
0x9C40d5acf3C74b41eCE42Ab817Ee10efcA0799F9,590318
0x9C61BAdeFc25772D799670C9c791AAa2c762241F,590318
0x9C68cD0568EB47bAd36EcD8090E6c1d1396A7783,590318
0x9C75B6C7894762eCC146939f2556dc92385b3b61,590318
0x9C87E30f90326238291e1C7d8a6B2640EC77360A,590318
0x9C8Ac32f267afB6d5D8C46d2c96494c7863a4526,590318
0x9C91bDc41F65f2585A78Ef530B4980baBAA94B1D,590318
0x9CB93F76487Ff9D8aA085cF10E1d01063eAd8eBf,590318
0x9CC36bb712712FbE8535C4A36140F4C6381d45eB,590318
0x9CDb231Cd70B7522c2b43ad18240649f9599F4BE,590318
0x9CEb04Becbe3c790CA6a2Bb0a58207F192Bf0F06,590318
0x9CEd362e878a58f34b57EBFd8dF2d04E3b46ef13,590318
0x9CFfCd136Eb876829504576b38a1a77Eb79B0d22,590318
0x9Ca3fEC9003cd8e84cfee35800FD3e05a88eEE18,590318
0x9Cac725F17d5deB4a65922a6043eAc4081aC6Bc4,590318
0x9Ccd41129581314BF4C4d85158c727C5283f20E7,590318
0x9Ce62ed501f473f44C39505186a561ff80a8EC33,590318
0x9D03fB9587a40b3c77E64F7db8635a3e7b64E3d0,590318
0x9D04B19d97f9C439A66d40EeCe46DcB31805BcCE,590318
0x9D0abE080B02aDa1d0D775F464420bc47D8F7Bc5,590318
0x9D1d7bE9545A445F65dCd6d39e54cbA4d3aa984D,590318
0x9D25E00c002eA75A8BC8b3D31c078F28654679Ba,590318
0x9D2ab2D57cCa0Af187116291Bd7D95BE25fB6397,590318
0x9D2bA07Da30E3CE31857D9EBA0ea97091a0Ee902,590318
0x9D3075703C94FE51Dc5544A68F0740DF450620f3,590318
0x9D391eFD895f32010D3A5b74F233af6c9b8DcB69,590318
0x9D3A3D12AAe467ce65Db062FF28b25C1621FbbF6,590318
0x9D3B33ffAe6C2a4D8dCb9fa6eEDa46a323cD6845,590318
0x9D4718D87eDac3575858DA9AEE48CC3067769bE3,590318
0x9D570C56e9B168E8966EC3a9E39e360815DA469d,590318
0x9D65b0c72FA97d00Bbe6507cA0Cd43240948744c,590318
0x9D677028E0e592D48fc8a8Ddc910693301a4a450,590318
0x9D6A9c45f49431076F2493621463FBA511c96d39,590318
0x9D6f543961E65e7eF7Eb5C7547B67Cac32b7649e,590318
0x9D7DF69Db9458fcB40CcC7C035dFD882d149E142,590318
0x9D7Fa65552609eDF74417485D80613da5eC09Fe5,590318
0x9D8E2b29D2Bb090c518F45C5D204C41702c7807A,590318
0x9D8dFe1D7CD6f1785AEC71e34BE7780DDCB4e0c6,590318
0x9D93776824A8e5Bc4372DfE698366fc043e135d7,590318
0x9DBbe238B81841a49fD5127E4cA9e8B951545078,590318
0x9DCDe9FD7566FE92FC7419CF1c1441c73bAdC0e9,590318
0x9DE44d98978bDb32f9Cad7fF49B5Fc25742eFb78,590318
0x9DbC5E35a2f1A6dC214Bdb7ed7a8c706D77f0A74,590318
0x9De6114eB7c8E185D028d6A5d9BCcFDd3f1c7Ffc,590318
0x9DfE67B2f0a55573E4B972CD723f27077D3f0a07,590318
0x9Dfd400201b905dc343cf0EAAE5f68F4DA342b60,590318
0x9DfeafBb36a780755ccdF479C79b87165DeC58D8,590318
0x9E1d0F3C19EFcD0668517Cad02E61F00fD55Df60,590318
0x9E29F031de604162788dC97aC82ece2a42DFb54d,590318
0x9E30A1cB1BaD5F4A4915390fee7B77213e36625b,590318
0x9E30A1e5E13a2E0f2ED775BbD420FB7cb31ebeBE,590318
0x9E33331404F708102F9bb6F51849dbDDC1f0283A,590318
0x9E38d7cb386d1Cd66433E685FE3e0B5b46f125A0,590318
0x9E422096B7B91De558d01f6b7f28A4f8D5d2D60E,590318
0x9E4C04Be56633e3E469B2E9Fd24e06C65e795203,590318
0x9E5880A24c228b3235A0965e345DaFD84e5C4428,590318
0x9E606a8eC3098e717287D3EA1cAD1A483349e374,590318
0x9E69A931CCB27AC7a10192F34147c2ff0F861FB3,590318
0x9E8C646220613d68eaf2B947f46c2B4F52Bf3f45,590318
0x9E91511A254833A08fc0a7Dd53F8DCCe324924b7,590318
0x9EA44a1dBe393a6D38d5F94aB73207279ac45310,590318
0x9EB31e32Fa18104FC68df20a85dD5723FC32301d,590318
0x9ED3f5E4B4f7adaC1076ECc3F62c369570088bC1,590318
0x9EE076656155a36dfA074e8B0baA2564A60FdcC8,590318
0x9EF7b8dd1425B252d9468A53e6c9664da544D516,590318
0x9Ea961921d095aa786A2D62EE94631671e911B27,590318
0x9EaEEa08a7218299e16b17794fe6E09627E0B5E9,590318
0x9Eb7834E171d41e069A77947FCA87622f0bA4E48,590318
0x9Ec949ee9494622d194311b704d730525d3693E5,590318
0x9Ec9aDC4fb9D901E72a0544835744Fa976FA0c34,590318
0x9Ee19c090Db326185822CA8bD51F3d37AA627826,590318
0x9Ef6112DF6d8E68B3a19bd4f7C9c0fc758a2E606,590318
0x9F08dac303C518a4C781bCc0d701B8732DBDB6A7,590318
0x9F25b730E02B5613b149BBe95b2eFE8C436D4637,590318
0x9F2888B66d633396302F057553BcbED8858eb008,590318
0x9F3a119F52c274c197a306D1480fc4852129De36,590318
0x9F3eFa3dD25D048987E5217c464322Ea7C1a9576,590318
0x9F4E970C96B177f58256d2E949a4fB53ff7A435B,590318
0x9F4da4063a9d399dAaD24C62eD0DFAC1369e5976,590318
0x9F59847E5102c0d8Cf9e2EC2Cb1c5d84076a37cf,590318
0x9F5a67E708CF63270Ce9E1beecA6829B07012d04,590318
0x9F6022dd944D01bb032faE62a4367aBfC568E75c,590318
0x9F6Ee4CD8CCDf0E75f0B5D332050951f80574e6a,590318
0x9F6ae0370d74f0e591C64cec4a8AE0d627817014,590318
0x9F7F5762E73a79Fe3dA828436dB53F32aEF59193,590318
0x9F86F172f11dD569dEDA287599Fd5Fe340BB2b28,590318
0x9F88194CBd63bd0ceF0D4174F558451aE752CF20,590318
0x9F8C72bc2776435d4EaA91202bB0aB8200c52AB0,590318
0x9F8E878da8f1aeFB1B0CbE888Ae9427D060aB074,590318
0x9F8Ec9556a61C849199649ecDBF4536FEFA6ADFd,590318
0x9F943a167540411B35a8a0BCFC15d7dFeDaAc9EC,590318
0x9F9EBCE72C0715CdbAD4d589986EB22F6782A1CE,590318
0x9FE97DD635c95a1b99D29D100fF7627424E1Cf9B,590318
0x9FFAeA9C46Dd87fb6Cb5a4de1986Fc89b3C6a356,590318
0x9FFFf46Bc1854b84347a89fECbB400a50DAFA35D,590318
0x9Fc04b867785f8aDDdD086ecF91469D602dB2F7e,590318
0x9Fce8eB77Fb67660cB134F4EE4c82A48F415f812,590318
0x9Fd7BE134D8D4ddb8FA8D093e348C899716f6b0B,590318
0x9FdEB58d90bD8D6ABF04c0C956Bba72b9d1DB0d4,590318
0x9Fe31529Bce7CA0659f1bb8Ed857d3827cc49d53,590318
0x9Fe824386ff7baA3278245EA4c03A8914DC40944,590318
0x9a01b260a0eF9A7e667a9F290401786D91EA5217,590318
0x9a085B3fF073A39adE93a8ff4a2D5321B64326Ea,590318
0x9a12404cE65b5fd56BAe5D69493f829B3061D5f8,590318
0x9a13Efe96c24C0A28dFE3e4674b596b51D61D0f9,590318
0x9a1Ec5633db9fF0BeCFA62f0856567b56244e299,590318
0x9a25d79AB755718e0b12BD3C927A010A543C2b31,590318
0x9a3Acb42d506767f7d83C3b6F2EaD417adC1CDaf,590318
0x9a3c8153cee5842ec6c633ccaf60cca4c0b3bbae,2666666
0x9a44874e7b9d95a06f087fcbf98e4a46b33bcb17,2666666
0x9a44aeaf271063adff495411bf252d61d678dd74,2666666
0x9a51AaB03eC9225e0B86B32a5d28A112149b161D,590318
0x9a54059aB9494593D0A294c3fD523f789C9209B2,590318
0x9a568bFeB8CB19e4bAfcB57ee69498D57D9591cA,590318
0x9a5b2b4E0CBA7bE263851f55F701826051E321D6,590318
0x9a659e7777ef96e8d9d37776d5248b402588a733,2666666
0x9a70E23A6d619a442997263209d40acEE39d0BcC,590318
0x9a89aA7b67ebAbA68141fb92eD5253cC3F197F1C,590318
0x9a9B2eEfCAF60a1078453Dfb936B4A28b8eCa853,590318
0x9a9c5280Dc7A29DbccA36A9BdcE6aa8397497606,590318
0x9a9d8ef97fde0777ab18d0b52036864e9fc67a70,8000000
0x9a9f5A6a39abEc18cbfe5F9711Dc88d7bE7c99D7,590318
0x9aC477eD9d21F1f286a2530cD3491de1861EB118,590318
0x9aCA0B0330Fc4eC8F46B3Bf9903f9bACA3697Ad0,590318
0x9aCf8D0315094d33Aa6875B673EB126483C3A2c0,590318
0x9aa82777ebf7115a2688e5a4a0c3ab9a69ba1c3d,8000000
0x9aa965347B692609C729E34CEb5C06B9f69ff5Db,590318
0x9aaa8574d19480427696f2290ada5e958675ad50,2666666
0x9ac52B634ED0916eB25C8d9AEFa40266D1269D44,590318
0x9ad30fa07ed29430ae6105e74c49cbb51ab6b65d,2666666
0x9ad690a4f34df4376fdee9a69746556de7a8e354,23036649
0x9addaff99def1bdead7dc1e92a59ff8ec8d59fb5,2666666
0x9ae0b60a7e86c60afc42555958374b67cfca9ebb,2666666
0x9ae720F55B732ca440397Bf7333f265cA556fa02,590318
0x9ae8B7Cab1336bB791fBAfbD6CE4BA26b88833E6,590318
0x9b0c19000a8631c1f555bb365bDE308384E4f2Ff,590318
0x9b115FEfD86a54Fd9d428C1A5464d9d1706EBaD8,590318
0x9b12Fcd66435993902c168512dee85cCCd328479,590318
0x9b12c9B5167381a795c58FB28c9a69AfC55266f2,590318
0x9b17f918b9df3E661eC68a4ACcdC1CBC621Af2f8,590318
0x9b1A161bDb6CD429E12e09FDd287De2C094f4295,590318
0x9b228433090fC656CF85EDB1d2725eb14A6AA9F7,590318
0x9b28837dEB55b014F7a37F2812d6eC042CE87cA1,590318
0x9b2b79236B7cEc66131Aac5081795F47DF169a36,590318
0x9b31a51df352c7cc0372b013172dad16cb40e314,23036649
0x9b32868c6a3628a27d4ff2754c971ea47092e0c5,31036649
0x9b368dc83BeEb379993a0c3171fb2bC621a39590,590318
0x9b376Ea1bA4c692795dF4Ed680f727A83dd88807,590318
0x9b3cC53F7c66C298F5927184519DcDdC05Ba40D1,590318
0x9b3f44A68238dbd603D77d7c4127bbB2314db9e0,590318
0x9b422e571eb2cb9837efDc4F9087194d65Fb070A,590318
0x9b44ee7b8586fd889a02ac2630c0899747e5fa25,8000000
0x9b498307d6351676D962aFE208d44cEAd53D2908,590318
0x9b542514c083ffa6710d8a9b7c570cc56bb9594b,2666666
0x9b558092F9DAb8D69b6d6334933356CF1E36E932,590318
0x9b5AE497fd1BF885A40D6f99d0c57245761E053C,590318
0x9b5C8aABf848a89B1378a930D42Fb094A7d94C74,590318
0x9b5E0dAB74ed54Ab3802a40606b8e79668EDbE18,590318
0x9b5F4f400Ce1D78de5d7921F7e1cc783985965eD,590318
0x9b60ADa7E2cF44d1f19e31D0959321Ae2C41B687,590318
0x9b65A3FE1b29612F8Ca2F11C5C3B58739B09A882,590318
0x9b6ad4c88adc9fb8c7db55398b34ea062bfd28dc,2666666
0x9b7437FD97B1EaE0457c3e77b6d3DC03717056C4,590318
0x9b7686c3af3f6Fb73374E1dC89D971335f09fAFb,590318
0x9b7827024df20070f729d0acda879c9e25ad6e0b,2666666
0x9b7E03Cd46505c6B6A8eBc94bbd88b4a07Aebf62,590318
0x9b84f8D37435BBcead361AD885A6074494906105,590318
0x9b8D146AB4b61C281B993E3F85066249A6e9b0Db,590318
0x9b8EcC555143FC33b9809e7F4DC69179161208aE,590318
0x9b8F8BfE657B0cBbfF82e5878cf018E3d97cf2e6,590318
0x9b8eDf861a8ecbe080C11f8A7EaA01606Aa64508,590318
0x9b943874B2176068a8C2A55Ade9869C09533E7ee,590318
0x9b99341554cd5696D6C5D94da5ef5A6aa5408667,590318
0x9b9C5ABAe215157c2f94721C092793fFF6850354,590318
0x9b9b83d9df8750De3084B1bb936e5a01e701F6Fc,590318
0x9bBd60dA08353245ca003f9A154508b18056A341,590318
0x9bBfA54b646a4e8c82C10EadF4B0562c131AA7fe,590318
0x9bC1A086DF97eBE5ae4eafb496b92cDfe13a0292,590318
0x9bCBf958364AAd003552DE214Ab562B8aacbeE68,590318
0x9bD0eA39F2999EB0018E3a1C6F3dca19E571a49b,590318
0x9bD39a1E44e3B653F64fF2F1557d7A6e2EB02212,590318
0x9bE65289cd8A97B6F06b83673Bc0bd33AF6F4985,590318
0x9bE9Cd9c9B2dc0a7B47478e4BA14B08B1F640Cc7,590318
0x9baed41afecd77e366b4980f77f2afe7c4def61a,2666666
0x9bb20e177afd7be5bae1258b73ee23bf0e71495f,2666666
0x9bcbae8a5d3f50d429bc5d3b15ef98e77dfad090,2666666
0x9bd0d03c27b2f3cf8494c6e495a735562498b836,2666666
0x9bef6bF8E6B1eD4f8b6F2DB3c1D86df19eebd454,590318
0x9bf116e98ececa823a26978b4c3d6f62cc6562c5,31036649
0x9bf2d40e3044f97e532c0f14fc8d427b6c378156,2666666
0x9bf56aa5d681651a8d95ba0d05aeacb5f3e55cd2,2666666
0x9c07627d108455985FBCc15863E15C0B07Be9226,590318
0x9c18aF0977724fC8045FE85ab68971D6001fD342,590318
0x9c24553ada7a9bAad7C93f2F48E5968901166079,590318
0x9c2F43858fbD946b5189803488F0d8e35A608d4F,590318
0x9c303dE078c7252964059Cb252D0DcE2bDaa568F,590318
0x9c388a6b926983F5Cc670faa40bC714886FD03D2,590318
0x9c397b71a3a52456233b4E6c817688faBcC2b7a0,590318
0x9c39e9337ed09aeaa725cc5e89f201f6c30274ba,2666666
0x9c3e824Ab4996eBa11dc27d1a76C44AC61e656Df,590318
0x9c42b99bddd288b2825865ebc57f0eafaa9f71ed,8000000
0x9c4807653e6c3bd3634c9cfba36e3b111e458905,2666666
0x9c48c15556719B287eF1286f6375FEF24AE4d666,590318
0x9c5369467D79CB8B7348E026b65B381DB61A70FD,590318
0x9c5Ce00F04c5c7AE30323DEed5C696d5cd47a0b6,590318
0x9c6c5F1b566d579CF3892B2E22BCBa7d9380Dcd5,590318
0x9c6c85323Ae3E695bA36D17c86f3ec2242cF712A,590318
0x9c707E99745728727F7E5750f77F8E11f41625dc,590318
0x9c75650754b8170C5aA69dbF0C6daecF379b1679,590318
0x9c786733e9aF618b459250831833eDE285F56301,590318
0x9c7D9b844e7b8784803eF8414D7BeA2bf12726EC,590318
0x9c85c376a50721c75e4e015ac22efe066dbb73ec,23036649
0x9c8755cb1f58a8ec8b3d7959aae24893d0382c8e,23036649
0x9c889EA8Ee2156f84fb6121439919Eb5a7C743F0,590318
0x9c92daaBEb737C694c546562848dBdFD957AdBd5,590318
0x9c9344f65789E1Be8cA073fdcd19586BD9e07A10,590318
0x9c9366f6EA1e96893d8B0Ba3b5BBfDeA4e7e637E,590318
0x9c97CF8031df38b9f8C89c5509616944cF9A562C,590318
0x9c985145e86999e94c5c0f9eda35fd30d0bd273c,8000000
0x9c9bFe198f5769c01D78D5Ba0d56EDc33a0Bea10,590318
0x9cA2f2638a24F70F1A38A648963E2A9a492E807D,590318
0x9cAf0Ab94662dFea5DCe6133E0c62B74c0bB4115,590318
0x9cC5F02499328D007d749801fbC197C4f910757a,590318
0x9cC96683EeE232F52C0968B4f4bC1A0F312C0306,590318
0x9cCAE0a840577e304788Ab54c5050b80A1e35398,590318
0x9cE0c07E83EAEeA86Fa01F40dbb189d52f38e544,590318
0x9cE360B49C71a04C2efF87A683A8a490DEe64339,590318
0x9ca60f4d5f06356610f7bf339feb73c85194d6b8,2666666
0x9ca74fFF3aCD9ab9C55171A5ad23E014d0FF2902,590318
0x9ca9e3ef5ce7d54fa57e7e2b03beded0db46a568,2666666
0x9caD8F1F4fCB34cd641A8b5F2412dA0fCaa9b72F,590318
0x9cb3201d64FAE710547Fabb57B2ed4568afA0908,590318
0x9cb7Ce1f66bC4ae870747775DB805d4AD083FFe3,590318
0x9cc41424e43e624d59a7fe44020d1b46beb76c23,2666666
0x9cc46eeD6D6f0C7638779964930904F526e7B125,590318
0x9cc74a4D49A6d2034f1a65a204abe8b6BB1ca40D,590318
0x9ccDCe2115E2487758fF93A5d59EA2d5cf3Faa19,590318
0x9ccd85f3fe752f77eb15450141cd1de114b0beae,2666666
0x9cd5F86e1690DaA9167Ce702F30E8e83d4D9352E,590318
0x9cdfbc7270da7ad2412009155ab7a65b91930414,25703315
0x9ce73234819B989c1f94caFC1A47772d6D9F4ed2,590318
0x9cecb721F06fC27daef55BEf4DD892087f71a64D,590318
0x9d002FE98D002f93687c738B3952B0eC955166Cd,590318
0x9d05B7554CBF8a3cb93C15ea85586a32FFbC3f39,590318
0x9d076a881133cf5c8d7e1c4a6b1355c04d86e16b,23036649
0x9d088cEC91f4eDD8E2a5Fb8A986c05B13fe1e8B4,590318
0x9d0E82A37eEDcd827be96a0f56B424dd3a39B1FB,590318
0x9d0e98cB857A9335753490e0B30647d17DF62d49,590318
0x9d1777707222e8975f3bf19e9401d32ab94cd681,31036649
0x9d1B17E5c521EcD1962f86266b9e146eBb1909a7,590318
0x9d1b7e6EFc531e079Ad1C17cd71d3e5d7C599D6A,590318
0x9d24b20d69f49179ca900a1d29307f52e17ae8bf,23036649
0x9d3215305f3944438c8e761b81209f99f3395e2b,2666666
0x9d33b891804efe54de1bfc3a23db24ccc58a0dbd,23036649
0x9d36750586352a3181cdAaefc32E81aC9cCEda3C,590318
0x9d3F4EEB533B8e3C8f50dbbD2E351D1BF2987908,590318
0x9d3F56186CE4bA86214AE9127e07491f2449D698,590318
0x9d411012e6372499aa83c14cbf157eb210a72e25,23036649
0x9d480D2E3A1a3E5Fe678CA8b932B4cA7d1503e2C,590318
0x9d49b3c2bba1e74c8fc07b7175d05d62e4ec98cd,23036649
0x9d5132440e23e7F842bAe7c41f0c0E976366BFD4,590318
0x9d528541A309981617a006Ec213D1f999E763773,590318
0x9d58749CE8228681da431550Ef623FE0cD716E2D,590318
0x9d6086239968f79c0C4a6883653F5c3270331692,590318
0x9d6392Ca5387b6B4cb298aaCB8E4E5b17255C5c7,590318
0x9d6Ce631E2D05A745F60f7a9D0fe942e990Ea744,590318
0x9d6E0d47f7e08312193020e3aB2AaF4fb155617e,590318
0x9d6f305070E011b377B0FCa73C6F9dcAd6FA0Dc0,590318
0x9d779217E98339D0ad4Df4B4C86F3994eBD28343,590318
0x9d8133D9f6EA4893cc3ee3e93F49496E39d60a00,590318
0x9d8340f0Da5123aAff3396732cF2d780EdF54087,590318
0x9d8cAD2C91b3bfDa773eE7Bf6Ddb47a8984d51eF,590318
0x9d997926D786024704989D6A1F2047270cAfbF72,590318
0x9dA9d93bF64e6fa8E26ca3e4fCc5546F6fDaA54D,590318
0x9dABbbce2E9d30805e1999E899B94166B28A1ecc,590318
0x9dC34510fcA6687aA7dc7e40E3E61Db498EE3584,590318
0x9dD763e640920b4120C7281Dc6058442B49aebCb,590318
0x9dEfF269B22849889cAE9A965769f576a1e72d27,590318
0x9dbb4c06357c3e9d92737d78F1A5d541B63ec7ee,590318
0x9de3AB367136ca90626E9610edc2A7b43c202ec3,590318
0x9de744e00ac6d3756Ab8Bb60d2e1630D031004AC,590318
0x9decDe522Cc1285efe18AfdE31C79e89dee2e91E,590318
0x9e0bcd3becca071275df335a937f661346b7a3c4,2666666
0x9e0efb21304ebe8c045ac81df01e050913bd78d9,23036649
0x9e0f6bb4e7781115d18503c5b46bac43bee43f4d,2666666
0x9e176c2b9b7b7faa208de595a5b644572f27b65f,2666666
0x9e1E409F901A7F6Eb8108dEEf50b6d3d82208d4F,590318
0x9e255e1544E5D9B5C7766076890B059a27CAFCC1,590318
0x9e2cdC922A5Bd5FADCD763611f12B6FB0Eb66F69,590318
0x9e38db3ed092a241ae7600b51542bd1f71f4a820,2666666
0x9e3C620636325253f8BD1a8b88d24e17CCF74667,590318
0x9e405073a28a01ac78da99cf1ff7b5db7d1866e2,25703315
0x9e57b5498CA9C7e06a37e66741240468D92dB521,590318
0x9e5f6e6ab1c50ce899dfb0de402ccacd2b1df042,8000000
0x9e5fec0b05e08ae72a550d5528f7a169b90764e3,2666666
0x9e65f7371243a0B421d9825FeFc8d27034C0d7Bf,590318
0x9e65f7371243a0b421d9825fefc8d27034c0d7bf,8000000
0x9e680f3D7566464B3b3e63C9ad37dc2B9e5452e2,590318
0x9e757b02E4b12d38837d7B992f18631137E2E1bE,590318
0x9e7Ea1A3Fcc8d0abcb0c37E55D7a449129202170,590318
0x9e7a3538297781395e39233422bbaf6312c4611b,23036649
0x9e82fba002bfd0b570bb5780b481f7cf09998e19,23036649
0x9e97BEF0A1B29ae991846c3DE9a1Ad5b1a5d7c0D,590318
0x9e97bef0a1b29ae991846c3de9a1ad5b1a5d7c0d,23036649
0x9e9Bbd60b1f2a177d11280636fFE4892A89a5912,590318
0x9e9ed58bd7e0ae00a8eef6179430e4FBB7EF0439,590318
0x9eAE5a3819ad2bD007b7cf5C40B26B80A5aaaD73,590318
0x9eAeC4D4296D3cd7C59847cDbf5c28C2C0ad0BC3,590318
0x9eC0EEe74e374bfcCf089b24647cc4A64083c1da,590318
0x9eC1f2B052B4534B387C73C69b3e87324c1C7B21,590318
0x9eCAA7161304C1D39D0534404d334Bc29798B950,590318
0x9eD9d217f8C94373B135F0cdD026AB123AB7D4AB,590318
0x9eE17014c419Bf2103b06254508FC1CF2755Cfae,590318
0x9eE6f42531aDaC0bD443756F0120c6aEed354115,590318
0x9eF0bDb3FD54e8235c6387714C93f21E49839Ca8,590318
0x9eF5c1b46688a40E1776cBff7a7128ADd2bbb3fC,590318
0x9ea6f5ce54b368422cf529d17ea0f94cd7edcbba,23036649
0x9ea942a06b1da42dd329f3999e58024b56f1406b,8000000
0x9eaD4E9E0952DBFe6A8D990fab8a86dde62da9cb,590318
0x9eae5a3819ad2bd007b7cf5c40b26b80a5aaad73,8000000
0x9eb31e32fa18104fc68df20a85dd5723fc32301d,8000000
0x9eb4d233cb8042180dfb8936768878f18252471c,2666666
0x9eddfE3A95AA77E4F6509927De67BB1EaAE3b382,590318
0x9ef08e7a0d27054968777932ab7f1d3ab4e3c5dc,23036649
0x9ef7071c502860Af1584385A99A50Ea95D1869F4,590318
0x9ef7071c502860af1584385a99a50ea95d1869f4,31036649
0x9f0004e85aB1a65d569cBd9a59A46ef0c84Cf470,590318
0x9f042FE256d89EeA4D9051df2aFA2b4dfAB7219f,590318
0x9f07Dc88Dc450978e5DDF973f6a0236A7cFBF99a,590318
0x9f09502a0B68EDbcCDFF5E6C59270Ad150def363,590318
0x9f118cac8821b0c53aa8d34e10cc45584cd0b47c,8000000
0x9f1DF04dCF347adD15A7920A8728E4CEf36217cF,590318
0x9f218C1380Ad55E4A40B4DA89795Bd56E93E90ea,590318
0x9f2938C4D53720Eb35812897a2A437900AD93329,590318
0x9f2e5279318D609665Db3553fD8eAFDCa056E5AE,590318
0x9f3044cd35faa45f617500fe28bbd0560bd25529,2666666
0x9f327969A2AEaD18c7D0424c537a05C597080261,590318
0x9f3319B10D342D2e3E9E91DE3b3DB117C73e4DEB,590318
0x9f3C03E24F2e58BB92f4a2c6cEb58D85E866e9d4,590318
0x9f4B1a756e45b7B5a1e89Da8C7821FC9985eC9a4,590318
0x9f4aFA89761d357570911EA4fEa3d429001dfEeD,590318
0x9f4b1a756e45b7b5a1e89da8c7821fc9985ec9a4,2666666
0x9f4baa8e564f69ae0f4ac2cf7136b787e73f49f2,25703315
0x9f64d0afa1ff6daabddf1eeeaa445f58ab49841e,2666666
0x9f684F0288420CE5aA5A36d45cD3333f5eeD4ECC,590318
0x9f6feD26339789725b0751F57aEAc23367CeEE57,590318
0x9f793a5e68934d08350f1bb4cd507950b862b055,2666666
0x9f7c2A088564A7E5B67AC066311eC5cd0A6B1f1A,590318
0x9f7f5762e73a79fe3da828436db53f32aef59193,8000000
0x9f80ab805E4a0F66D0A73c4337FD4E2D60b678d5,590318
0x9f8fcb71c38db5a635cd954666e3e72cc5a15dac,2666666
0x9f917290249608f66CbF666596BF71D9d1632D9a,590318
0x9f96d3b217cCc7bb67C7be4d018a3De896e89736,590318
0x9f96d3b217ccc7bb67c7be4d018a3de896e89736,8000000
0x9f9754BC67101EA2d1ED9fAe08A242f64c373C7a,590318
0x9f99431afbec21c6d60083d6a2b83f826f9985f7,23036649
0x9f9a6E17C7A39AD283772657C60B37D40eE6Bb38,590318
0x9fA52Bb82856f3D5aeF274026E07d57a7B6C22c2,590318
0x9fA75efdc48a85D2936074250A1b24497bDd589b,590318
0x9fC3F274Aa79719FAf8314B9aE062b6Ce7f8693F,590318
0x9fCa5cb296333aa780D3367951F766aB3D7d4098,590318
0x9fD6fD183418Ac3682Ed6dce7dBA5e557733C183,590318
0x9fE88346C1a846d9E2e6fD7f62704c1f674C5eA6,590318
0x9fFdB0fF4F7569b344F60c9AC91a2dDAf83B987d,590318
0x9fa227d1c3EaD5e8f3501BFe00d63d83C2b21C6b,590318
0x9fa38a87463d01f2238aEd41f85E8C2f8603B94c,590318
0x9fa549ff8be8e37384f1cd04afb8b945af6f78a4,23036649
0x9fa83dDC747C7c359EFc2C4A653f25430ED09ea6,590318
0x9fa83ddc747c7c359efc2c4a653f25430ed09ea6,2666666
0x9fb101BCd5C7BaEA48E29c45a3F0BD6caAf5709E,590318
0x9fb1750Da6266a05601855bb62767eBC742707B1,590318
0x9fbB12Ea7DC6dE6503b35dA4389DB3aecf8E4282,590318
0x9fcc227c41aB24281B11dF77022f8a388825836e,590318
0x9ff0d37Ebdac4CF853373066BC156515060A70Cf,590318
0x9ff80Eb2A2b22B181EA1fbC885a030825CD48922,590318
0xA007CCF234D7E5306615035BBA0D32b0F5D25BdE,590318
0xA0149d385754F18028582dF4C95853DC6B85b152,590318
0xA02113a2ed51e82B05649709FbBD4232dc11244c,590318
0xA024aC8f3F446e9bBe17fd855E8F0669cB818901,590318
0xA04D7B9b6a49a14aDf567bda5BE199580915DB7D,590318
0xA05B981B6FF59Ab94F6c4C589428C7e85B49e257,590318
0xA05b6b0194570B77F95f7893E16995185D1b80C1,590318
0xA060f600BD97Cf0223dbd199A5799adf82E89680,590318
0xA0638b9334ad632d29EC3119aC8718Db24896baA,590318
0xA069FaDCbf2A3A4588748f17F57aC717AE5F51a2,590318
0xA06B0fc1604ef6f0581b76094D8EeeC34Cf4Fa3b,590318
0xA07161106423845E2A7Ff82Ab17fc19a1FD1Babe,590318
0xA07c565326376055DCfA206ef5B84Ae471FB735B,590318
0xA08077c770DD13A8E702968B8793F9cF85a3F923,590318
0xA08212117eD24f10237d6e5e891bE7e8c9A0f2AD,590318
0xA085e808bC90606E22317738bA0185120C85d5e3,590318
0xA0868977615e4441b1271a59A9aC78eC23599ea3,590318
0xA08A472B2983b5485442B0d3A7BA7D4B2cA8CA9a,590318
0xA0922fd78E8815b25643dDA4ADaDB05009DA172a,590318
0xA0A78dcA6397C33C13140B91F4a4A1227FDc5771,590318
0xA0AE55904E28F75a292BDE94d8c36425806e4286,590318
0xA0Cf798816D4b9b9866b5330EEa46a18382f251e,590318
0xA0D09dd6130596c3fadb66Ac6d94eD982510CDEF,590318
0xA0ED6A142Ab8C7Dd8FE39321cd409eBeF8669edD,590318
0xA0F3B1821362787BA20b0aad47b4e30c28A7Eefd,590318
0xA0b82F688D52Eb50B7efADBb77315a12831Ac1D2,590318
0xA0beaa6EC671f4cC8B6D6cA52C46D6c252F525a8,590318
0xA0d041461367c401C401f4b8eE99B2770C9A3884,590318
0xA0f614D8a255928eD45f99Bd9D53FBc29D4629d3,590318
0xA0f62e380B71A4b9c3639aaBf10465C1d44B9ea8,590318
0xA1074931da07F9E98E65ff46b9BfdfdEb46B2C8e,590318
0xA114B452fc65Cb0Ece11A251E974AC1a5d0baEdd,590318
0xA12e6bd81A1012034D0E1b60058D6947DffADfd8,590318
0xA13230272e3841551cB09E86712C04463c85bCF2,590318
0xA148CBa8c383C37a5A26422DB7d452612b04a99A,590318
0xA1544356131E8a8ff0038D3De88403Efe5CA791F,590318
0xA158FFb97Cc5b65c7c762B31D3E8111688ee6940,590318
0xA160E89117DAF8607E39Dd2d7A265b0089325af1,590318
0xA160ddd847200C5A0b86A2D4107dba56A6E3053b,590318
0xA17e5B769eECc9923CC802af07b334cBE6dFAD3F,590318
0xA1830E8d9F019FEB448478a171Bb37Cc6C4c0482,590318
0xA1911eD6249A3A598132b1DF3Ce04Bc9ba434c16,590318
0xA1A434fcAB1C6CAEe35045dbc876EE92735eadB2,590318
0xA1A750080E96293dcEb237c76B9Ca10C20E1B49f,590318
0xA1AB1Fe3BA17A8E5E0F4eBd55F4c467Db733066d,590318
0xA1Abacb5b12C2246156338457be978bEca5481Bf,590318
0xA1Af032447a39923288f8e1E34f74A852ee814C5,590318
0xA1B2224199188538012d6777A8377FBd646438CA,590318
0xA1B7bbade134DB3B14B56056480e81c60Ab77377,590318
0xA1C7d1C0Aa8aEf846a759DeA7FA6c787532d273e,590318
0xA1C9CEeD5Ff78f700dC4930514621843b5fAc272,590318
0xA1EA22af561b949278898EDD4aa1098Ba7927FD9,590318
0xA1aB833162b50572563A3133f3C703Df4F30aCEd,590318
0xA1b136B7bC4650bA36e65d33247f12525DC34330,590318
0xA1bd19BAE20a67440D789E828Fc49e94EDBffD26,590318
0xA1d65b6fD283b08Aa6E8726026134f29eEE87bAb,590318
0xA1db344Aca24Cb14B8d17bfaD685bf61d36e6B34,590318
0xA1ed22466308B1d4b2Eb583d4fE049d785f8b647,590318
0xA207CDAf9b660960F819466BA69c28E7Cc8aEd18,590318
0xA20D5c6A5e535dD2D9250Df556b20445096a3b3D,590318
0xA20EA526a2B2e2471A43Cb981D613FEeeF27c9AF,590318
0xA20aA31cf86F8d7e6c86095A21c7DEebf40D7277,590318
0xA21C66A74cB6ADe440FaE245EAFa86De865180c1,590318
0xA21b3CD198EC3bA865CE18ECba87cE12f5dea170,590318
0xA2212C49Ccd199D9E30C25e688a53fABaC20B662,590318
0xA222920a943BfCF0Cf24868Afd7C95f01Ec7607b,590318
0xA22E73744a9FcdbcaF3a8A720ffDd458dF6842F4,590318
0xA23190045C4aeBEb724844CE622465475E539bAe,590318
0xA236ffa608Fb52d20AB8cA19995922D1efc33eBd,590318
0xA23f257eD358333B97306E3B375674918C55F8ac,590318
0xA2425918F30aF40Db42b7ED6197be7F7Be43895F,590318
0xA25221a94E99cf537C2676395845728a15B25273,590318
0xA2565B1520E2fd78AfB0644b7e766CC30866A4cF,590318
0xA2632763542B3091Af7bd3668DC89AA30fb1f8a9,590318
0xA26644Bf5797F70243C00a8f713c7979a7295BF2,590318
0xA274884c8Bc2AFA4D0188fdfe27f8a6189a2cfFb,590318
0xA2786f918752B8082429ceb92150c0624Ea28543,590318
0xA27c532b28bcD3Af67161B148c4d2b20D712F0Ce,590318
0xA2820Cef61F9ce2F4B9b9bc9507DCC963f9BdF77,590318
0xA29eA9149197729f843ed65E648d15b68616771C,590318
0xA2DbbF947064D5666E0A0077704023D98C7d007f,590318
0xA2F746152Dd4Fd6924183A771329c80d86688f31,590318
0xA2F8e4744FD85E9089a337fed259F05dd864a91e,590318
0xA2a9E59F701F9989203af9b2c99E290cE2df99c5,590318
0xA2b16c27c0766A1Df18892F7b0413b4f5806ee4D,590318
0xA2d2951f5DED74d57DFe233B82627e926F541A11,590318
0xA2d956e1D78B56512f79D5874cc800582ab8B94a,590318
0xA2dCB52F5cF34a84A2eBFb7D937f7051ae4C697B,590318
0xA2e67877C6779a6e5718542847e8e248B1ff23E2,590318
0xA30631656AE999C3661F92bd097Eed659bc8d958,590318
0xA310B4C3B80f521844000F750d757534a3d15F9e,590318
0xA31B575545Ce9D9DbcE8E1Ab01D8fE687e201556,590318
0xA31a661FA0247e04499291C98c57ca23dC2d26DB,590318
0xA3217E8f1c84988C77b44c8EaD1a6bee96B3DF5e,590318
0xA3261640e9788c94590AFfE554B723A42Fe9520c,590318
0xA3268eDfd84415472D9c30eCdEBa487f865Ee063,590318
0xA32783200317528695574d61b4b594bfe474ecc2,590318
0xA32D31CC8877bB7961D84156EE4dADe6872EBE15,590318
0xA3308f6803c56188AE48e0538daab1BF097FD1fa,590318
0xA33F96be46aB95051ebB4D068E224ed25911214D,590318
0xA3418546065FcFd72Fbe15A2A87Ce1B3725F4afe,590318
0xA34Df349881aA57365f71cAeE546dF94C72A4033,590318
0xA3542FbC97DDD4ae4E8fcDDe28F0434724597C87,590318
0xA36506C0090f64F0955D0748E8A7cd6ee625D329,590318
0xA36543F295B6B29Fad014af7F951EEE03Cb97549,590318
0xA36Ae0022C7dE1d3f192FBED8d0be8eCB734991b,590318
0xA3722b0dF43E0349517CBE969AdfafEF49Aa05Dc,590318
0xA37Fd0b0791A7baE0645807F6f2fE2c5A0dFC7BF,590318
0xA384Dd21AC73aeB9B64D987002E87f2b83a878c0,590318
0xA38D6ACDe6a8f51c3446F1534152Cb1a80bB8EDd,590318
0xA39148a609E65c8155C253d4E7C732739ccE19A0,590318
0xA39f2a88A64374b2a04D996Bba83DB942d5606BF,590318
0xA3A0163eB05c9a0DC0d08DA9444b8758f7d538C8,590318
0xA3A1931E39beEFF49135f7Dc6F58526F06E88382,590318
0xA3A97EC6e118c269e71EDc2De0f389E98EbFF00f,590318
0xA3B25aA17F82FE049B45927B5AeC60e17150dA2a,590318
0xA3B542B3C6cE7D3Cc2e98E3D0693644d1204F13b,590318
0xA3C277b8f35881CBdb017E52bcC376B3ce8F21dA,590318
0xA3C6b514C3a49466Cd919661BC86e867F53C532F,590318
0xA3CeD3f70DD04873508d903e02c58C47A55579dD,590318
0xA3F27aE63b409f1e06be5665eba1F4002a71F54e,590318
0xA3a1680d16FA47Ce86996950A3edc35952322BD8,590318
0xA3b1Ae895b114eE3004C2b9eD54574791b07097A,590318
0xA3b7226DEa54Ab25133E1E80Fbf22AdEFa917ADE,590318
0xA3b7f44d09CdAb655D87D24f0D1BEF8975A3d1cC,590318
0xA3ed4F5993086D0934872e98d4d32D8947EE5f8C,590318
0xA40331e977FFa04BEFf7b90A5F74e7cd6C237A5b,590318
0xA41A4b84D74E085bd463386d55c3b6dDe6aa2759,590318
0xA43BF99cf3367Cb68eB5215D414E57Fb2B020c87,590318
0xA4410e0BBf4b2e9298B6f70f0B23CCE7eAeF7f44,590318
0xA4536787a7a687eDAe7B9E5D13f82c182f6d06B7,590318
0xA45395d21533470a58092Ff49AEFe8789E031A63,590318
0xA455ef8265e16856a17fFC2eF9a207f0c0b87A52,590318
0xA45a8cb36D08fF1f9D01A1354Ce50e58935A097B,590318
0xA45cC654c44e4C8c867C68098f89Bff2B5F55A2c,590318
0xA4623A81Da26467412d3DdeE5A77F048C594c433,590318
0xA46Ca83102b1AFFc2b330790B5498DE1F4d7B192,590318
0xA46e604E83a88aEEca9fb20BDcd44ad217f29Eaa,590318
0xA478E7a8792b584845CfE27819761e16422154b4,590318
0xA47F63F554D120B1636832F60a8740661FcAb6F0,590318
0xA47b8DDdf5242D4AfD797f53150b2df4fa650019,590318
0xA490a628f97B2BeB9C8Ba3DB3e1A910b1c38C500,590318
0xA4930754b310548C3AfEc27D71d8429B50032210,590318
0xA494876207Ae80D8669Dd347Fe11Fadae31c48E7,590318
0xA4Adc8AbE09cf3c06f353576c2E9886eef815ebE,590318
0xA4BBA0dA0F84BCBB2d19C449b1538Ab1bd672955,590318
0xA4BeB4fbe651b00bc16d472e2E1aa1C26b3D90aa,590318
0xA4C64e81Cdd162180BB7D0b4c3b50Cd52372B40A,590318
0xA4D7Cb1F358C5fbb7EFF0e9f038F476a8d1e2153,590318
0xA4Ff39D12acc6f74e32494e911B4eE8A9Ee42c0a,590318
0xA4a67aD30DC1aB0472187D62DaE6bBAA46306285,590318
0xA4b120fdB2Fd946A67fbe996CB650DC2Cd7d55F2,590318
0xA4b3d1409C4Ba11c76C09a8044d1729EdCD2e8a0,590318
0xA4bb770EA71d95528638B8eEaC1Ddf64cc3A08cd,590318
0xA4bfFdaC7aecE81386fD83e94Cc51c589b1362E5,590318
0xA4c4B651194d356F188f36D0A8a80EF0c76d29EE,590318
0xA4e35fAb1EaB6Fc7248ce0D845BB105e3e4386e0,590318
0xA4f6638Cde88f245B75670B510FD8e46fAFD1678,590318
0xA4f9f481130Ae4fAE88833387EEa2b57947921F9,590318
0xA4fD28C54B9297105a109dD9a1F1C21E6ec5E7Aa,590318
0xA500652e110c9e9Ee90c3684E52Ff9221A909C60,590318
0xA5083E447B562a71Cc2ab47C8Ae25469B68728c5,590318
0xA50c4833c39DDa58646277d99E05c42F8AC0F303,590318
0xA515051eE58474a5C99bd8979118f4493B8fF92c,590318
0xA519595D09EEc18De39E02D185B550A311ABf62C,590318
0xA51B1603Bb94d973cce1fBdDA15EFB972641764C,590318
0xA51a017226fA79382018e87CdE4F0A59360a88a2,590318
0xA5264930018408c3b0194b54c2B647e43dDeD8A7,590318
0xA52BF8419bcAaDb0e035f94A7F7A68abd10Fc180,590318
0xA52C09bd763399C8b8FEf9e8D759B5fB9d7B1168,590318
0xA54c34a7E30A57C8C99FC62d5E9475d88B84A220,590318
0xA555dE6d39aa4eeF65c32E3fB6DDc8df5E357809,590318
0xA556a5a50d2C786617263414878214A9159d1433,590318
0xA55E8f346a2E48045F0418AAe297aae166F614ce,590318
0xA567501aBf12f401C9E613b6323C43cf29B0F92c,590318
0xA56DD14033c9639cC000b7CDF58DFF50Dc9B2AFb,590318
0xA575bB7e13a17f6D78e83712A603Cc0dB306f6e8,590318
0xA5772AfB4c9C55C83470703E078B7AF85590bf39,590318
0xA585F376BF19E41C1E8f09E4d595CE6e6450D5b5,590318
0xA592B482feDE873307850b5a9Ff936E4b4b35B0d,590318
0xA595E4E2022B30beadAA2020F3aA3F611Feda1b3,590318
0xA599D0C846587dd4854308DeFd6Bf2DA033d42C2,590318
0xA5B1E500B6623410EcAB43d25703b6572E87cF18,590318
0xA5C2afefEDaA04B9CBb2d946336C84798baDF16F,590318
0xA5C8156188d1eDf09c7df15f23513d3C6964E849,590318
0xA5Cf5248eFDAaf62E31a886C12981233e7eE0C2d,590318
0xA5DE203DcF0A9F08cfa88D1285D2008E94045Bd7,590318
0xA5a781AcfD3B2023aae3e635c97A2EAE2AD0baFB,590318
0xA5d1Cf45B4215819712f7EF1A9b71cD8C419d507,590318
0xA5d66a1F57c08389C8C6832efeE8A197d40b165a,590318
0xA5d681324f58a3dB74B9c1cF8E94364D807C3D20,590318
0xA5f09C6f40Aa9b8f7AD70d64c42e20df1aD1F0F4,590318
0xA60aB65B7Fc55F5526Af0b8AB038dc621606C8df,590318
0xA60b3174E71221977cD2ae9b900fA6a06bcccE74,590318
0xA61C77c1c5096eA55225c1f8dC0D8199E905740C,590318
0xA61E140D1dF52DEB723F50C41197B283bc7593fa,590318
0xA62d86Fe37Bf7d3276A976163ad9432D1108903D,590318
0xA63ECf3BC862c3b990341c6673fC79180996Eb71,590318
0xA63dDdB69E6e470Bf3d236B434EF80a213B998A7,590318
0xA6424e666b4BEAC7F8c1979c93aee89a04142Eaf,590318
0xA64C75b37896d5d0611635a214520df5A8F6945E,590318
0xA658BD8d40b8d78B7e6A76D971C95390990086F7,590318
0xA6592C43D3970BdbfAd06f62FD2d2b6694e988e9,590318
0xA65A864ca19535E4C06000768c6CFa9F6EbaEb12,590318
0xA6609Bb03D0e9386892797c23872a17cCF9B7cEb,590318
0xA66Db1785E461E759Ba3040e5332547413c21D3E,590318
0xA679239FFFD1bDaD2dEDcE851595d21d89837161,590318
0xA68009c713C80FC67D41F27cDfA6d275F4438c37,590318
0xA69DB3A45f3D900FA94fA1162a6f9755b197882A,590318
0xA69e1775421526a3572dFA814f8a23B94A27aaF1,590318
0xA6A279Ae513d06ACD243EbA5406e3CeBEd342FB8,590318
0xA6B4F68aBFC088Eefec8c87536b1F34Fb3C94977,590318
0xA6BBbb5EA9f4Ab82A2a7492FDfE8D7C164925866,590318
0xA6C2318E87149db26ffB752c0DCba1B94C6891a2,590318
0xA6C88571d0028f47ADba983A7240Bf12Af94633e,590318
0xA6C8b39799d51606A055909d35919FB5f53BeA34,590318
0xA6F341689A3c05CdC5A4B0ae0536b3E8b0660dcC,590318
0xA6aB29aB5Dd002755326C44e1B984Fd9b74f874F,590318
0xA6b994aaBC7358f753BEC46597c0772bFC5b3837,590318
0xA6dB5a4EE24aB6FA16334548Ac5E6A66402ffe85,590318
0xA6dfC02880E7D3755561f36138Ea0AD3982A003b,590318
0xA6e2b9741d74Bf9e2BfB9d405f715c886a1f8a53,590318
0xA6f4fa9840Aa6825446c820aF6d5eCcf9f78BA05,590318
0xA715DBB56Dc8c1A6a2D84bFCb0f45Bf4Da07Ad14,590318
0xA71d664F7899Dbe4aC768C1b162c4c5610e978AA,590318
0xA723E96c191D24c15C5ec9cDFa54AdFA84CE7814,590318
0xA7248E71ff1Abf2f0b1B94aD9F16306Fde103a36,590318
0xA7269C74294E399D700A58Be9f035B652dd67e48,590318
0xA73CCFAD2FF7849CB257988E4cB3B20C250668f4,590318
0xA73be59135323B015871f5Db47b1c59Ef3F0761E,590318
0xA761992d0Dc3E7B6ee43c626F29ba7d96842aa07,590318
0xA765002C26Bb14B91163277c245431eb91935e6d,590318
0xA769Fbb03EBA9971d7de5247B67B4590e742DA82,590318
0xA76BdA01601eBDD50512C2103a329dB572d7A77a,590318
0xA7742C58CB574145B49df4cd832165350bF33BF6,590318
0xA782a8702F97b9EeE6838D04CaCFB3ff9F05E5F7,590318
0xA7869aCbeCFD1a0034289f42945AB97a91C50fA0,590318
0xA788f00be51f3B9C8C3DD82Ed02B29caF0371D80,590318
0xA78AF4E15B612d3D2575A2618771344787774Ae0,590318
0xA78D2744d23284bb96caBA2a05Db688ad0C6865C,590318
0xA790C894bf9B501f41c9855B6f623F491E8bF6e2,590318
0xA799cC23203FE80B8D371337670840cd57675FCA,590318
0xA7B49d70a7c8b43De0C4A1227B6Cb9e1B2d5EA51,590318
0xA7B5cA022774BD02842932e4358DDCbea0CCaADe,590318
0xA7B7F31b34aabE023FF2BEE3601277923bA488F0,590318
0xA7C3884f678D7F32CCa4AeB05A475D35142ABA96,590318
0xA7E19946D65d48478691Fc54c24097f981838bB2,590318
0xA7E5a837382C4B2A484BD2AFAdc8B5A5f6d74e87,590318
0xA7a5A2745f10D5C23d75a6fd228A408cEDe1CAE5,590318
0xA7c4cE96A0bD9F76BBab77DA90306B0D53E6c66b,590318
0xA7eF0F505B12CF1059C1327B881D1cf3EAdda222,590318
0xA7f783d560eD253640c4c45a20aE402779328Bc7,590318
0xA8040E167df161071E896f647C8E8C76bB8d4FFf,590318
0xA8129c02c74a87fad7e1398783FCB7247a1519E8,590318
0xA813a9623908170b38a72ea73aF1DE33167CA46B,590318
0xA8146aD172916f1d58386Ad73c30bE13d94D8758,590318
0xA828F9Af48C422FFf46d37CA7C33aCB680dA4CB4,590318
0xA829027004F223E06447e9e4cf2698F5Bb10D184,590318
0xA82F1Bcafd30d957B8F43c6E78b673b924AAeaED,590318
0xA83292a3eBF2e6473c457CC6B01e015d9858b176,590318
0xA83C4A92F18B1726700E17D2342e67F354836437,590318
0xA83d23693f70Da42fcda2a0DCf98D42501dc5cC3,590318
0xA84075bcDb2E77eDA437F4F6D221f83Fe5b9A9fA,590318
0xA84dA38c94cCDe462C69aCd6c4ab4A62410872d7,590318
0xA85572Cd96f1643458f17340b6f0D6549Af482F5,590318
0xA8574c948e6620d0BcE2CF224283dB8Cc5738B6C,590318
0xA85fe9363126C8a89542CDc47380ce948A6FE1ac,590318
0xA8612F5Cb098268B69435EA5298649bf00145AC3,590318
0xA86336af3B2a5bD968D5d18D47c1f754C4a38Dcb,590318
0xA865F0d842A3582af8F0Eae74D646151f2D2E980,590318
0xA86f06C5e26adc96f2B524700c1F7cC4D70AaB8F,590318
0xA8750f064228e4411cE92983DDF616de8992013a,590318
0xA876Cd9E1e30AbcCE2BFe66037C726A2517972d4,590318
0xA87a233e8a7d8951fF790A2e39738086cb5f71b7,590318
0xA88210b23BE27177EDb5CC726C8eC4Bb65e0BEBE,590318
0xA882fB71aA1967A6a8aa11375F8abd5FeE5BDD6a,590318
0xA8879c580A54f190eD53b43d30dE269097aD7543,590318
0xA8AF3180434316fDD02e7Da6a8a4bc8B7f84d90c,590318
0xA8BC90aeC1c948ea9A4D551E74474D8cb827E112,590318
0xA8DcfDB34489C49B2C0106410fb85EB5DffAbb7f,590318
0xA8E2DD523A6Ff30D2cBDCF9C017E57A930265b29,590318
0xA8Fa99C12d8024E5Fe8Bb3C07b0f006FB9a9C22b,590318
0xA8a3179cF9560584CD4590573b946C81C9fAb2e5,590318
0xA8af18E2BC0617dCEdbda738Cf04D6E02d45A221,590318
0xA8b63e1408e8E607D4Cf48e6E3b14Bb881B2010E,590318
0xA8ba00C1ba3De4B93FCF850ebe9Ad65ee999112D,590318
0xA8c573c3C504f62c6A5D8479b78e14618054d2A0,590318
0xA8e539b1Ac498310150Df2fcD442Fa80CaA2db47,590318
0xA910E3c9136B38f95D1eE0553065c3677C50592a,590318
0xA910Ea01D5cD2AfE8d09C326D714384C1D6A9Ed4,590318
0xA911b5b56D0CF4CC2a7868e7e86AE26aCFe05a84,590318
0xA91531E2b92265d071D60BbDc369612999b4DC2A,590318
0xA91DEF19116fb21eFC3c6cfCfAc6e76eb2d80B46,590318
0xA92a2A885012d6f6877D88C21cf1D56c0DBf72C1,590318
0xA9345162642862C0e3273Fd9f910B06A01cee704,590318
0xA94b3E48215c72266f5006bcA6EE67Fff7122307,590318
0xA94b40c53432f0576E64873CE1CEAd1aae62Fc90,590318
0xA9591B3E8562e7d247A2802338B9EdBaa6870838,590318
0xA95A660FB7688bEf90d134Fd31f0801C045cE24f,590318
0xA965587BC012A8646340645bEb98bCA87f36879D,590318
0xA9678534fceE87EDAb1AD8469Cfc4B077a29f5Ae,590318
0xA9715da220a6DCbeD5416809f0B8ac42Ae761a16,590318
0xA98220f6dC5DFcA27ff19605a0a6D3E1dDE4CFE8,590318
0xA989A7670B8A44Df26017223b24D5dcc9987B356,590318
0xA9925A2cA46CFBA3323A7DF03A85AcF3a13d2504,590318
0xA9964f04a0E276e0544BF456890Eb881F5E1a361,590318
0xA996D391f64158fB17fb71d6A4Fad67dF7410895,590318
0xA9A088600Fb0D0dD392445cc6328f07D352f59b0,590318
0xA9AB65aCe4581d7307029463A4dFB97b4e0C53ad,590318
0xA9ACfF501316D7A8e16E26245cf035CA6326146A,590318
0xA9F360246d32DaB016EaA41D7Aa0F6000C73EB8C,590318
0xA9F86fD324F036548266FDB850EF1c7F071BC419,590318
0xA9Fb2528A787BFF26d0115aa5d53D6225480815B,590318
0xA9a4FBB7da516cd9902eC69f759910Fd2A68df99,590318
0xA9b6C8cAc6dc8654d4C7E66A4734216cA4070f5D,590318
0xA9bA779A31bdd70b6296b22a9614B63412F463DF,590318
0xA9bec37039972ed40160DB9e26A3F1EC1a656b6e,590318
0xA9c024Fb4684C077e89FB6829B72d9661De05B08,590318
0xA9c7D235F59364BB91600E754288CFbBB32dEeFa,590318
0xA9ccf7097a4c6185BA53C47319C6A24Fadb16660,590318
0xA9d508815D1216914706c03C566DC20dD972B383,590318
0xA9d73998CceE6Ef8C2d0Bc92A24c89828828711A,590318
0xA9fD03e154e1B3Cbe88F1b515E7EbDAb2d640b60,590318
0xA9fFA6B04565e9Ef06271ae636CECf466D637201,590318
0xAA0B9145459d0D4d3Ab146255f84246257605c56,590318
0xAA18f893833D7Fb1B93cB6b9929C53b753b6E231,590318
0xAA1C606561DA47f9D63d08b9A8c25236F6B643F4,590318
0xAA1b01270A5BF5B981bF07a28C9def8d39625997,590318
0xAA2063DcC6555c18303Fd2Bb9518DEdA76FFecd6,590318
0xAA213053C8f283c892650BAd9d94FcCd71963e2f,590318
0xAA23f0eEB41cCF984Af9c192f260FEfBBCc0d8Ec,590318
0xAA33c0b6A12d3B4eAeb02e8f527174CFFb4f788d,590318
0xAA3937cbdA7397D06E7e043e62CdCE6A81D3f664,590318
0xAA4a08B4d35B83d70B8414084d07Fc70790f4c51,590318
0xAA50A60ed1D0B79BF0e19060957904Aa3581F626,590318
0xAA694Dea3D9bBcDc5F7Fe0B1b4c2384e4aDD0363,590318
0xAA6CB9Da88eD8E820f37A32769235de3EC41779F,590318
0xAA74Cf491Bb507FEd993Be33CD6bF3cA6619e1F2,590318
0xAA7A9d80971E58641442774C373C94AaFee87d66,590318
0xAA8a87C7ce96c2717F47703ec11915eC6cfa97ea,590318
0xAA8cc9c483e8AF62C4b3392336C13831d2B8a5B9,590318
0xAA913d4b438e4777eFB1dA3062A6BB85400411f1,590318
0xAAA3bFb53d5D5116FAeDc5Dd457531f8465f78af,590318
0xAAAB186094E4D4E53d2A89D238334e148FE20954,590318
0xAAC84e8Df34f86EdeaFE037826C0d4A833237013,590318
0xAAD9aB570C2345Bb070A2Bc376956231A6684F37,590318
0xAAc085a5f896d705aEB16abB30734C48DFc6F1bE,590318
0xAAc0FdEf8935a57a6cB5B2e81Ad6BB75a2037A67,590318
0xAAd6624f5494066C96d1d0707106F1ad58fC1B63,590318
0xAAdeb32ae40a41665DcE55996B2c4f34a1847EF4,590318
0xAB0bc8E749F91b032aA0b909EdE779f27f6a2CaE,590318
0xAB106B08F0b29730e34e478c8Dae0B23c7651375,590318
0xAB15f1311653897CAe7a60a8f82b7ad991Df829A,590318
0xAB4f45d3cB594c5F56888499E8119699B188263b,590318
0xAB50897ac08cCe9E9501B34f189d52738c292cE7,590318
0xAB5Bf77fC7C0a64376Ec89fa5491F105bED32FFC,590318
0xAB5Ed99Ae05525D452E4F5751Eb7Fa445C74d534,590318
0xAB672c5631736B273148081E71C9c817e753fb04,590318
0xAB8639710088F02cC988D8A6B8c8FD2250aEc0d8,590318
0xABB4feEA67CBa3528ba82a169c3E84f8fc432F21,590318
0xABF3b21f9d532693c6c41036C008fd97C8d077aC,590318
0xABf623950F3a136cc83cc1EBb7038C9278783EeE,590318
0xAC2e22B5a99F0123319644A9bF0DF4FD72c9b001,590318
0xAC32Ea503C5e3E03d7E079d7fba99A168Fd69B6B,590318
0xAC49D96fdEd727811f1f21783aA928ae4E291Db6,590318
0xAC51FfadA389cfd51F15127d4266E1960a8B76AD,590318
0xAC9D5254eC209084Ac1094Cfb85CD88E14AdbE29,590318
0xACAF2B49C521C83d80bFE5876A8e2418c99dc435,590318
0xACC71bc6cf31E929051E1e5bd06E9674F3aC3539,590318
0xACDF663f39B0FeE55A9f16043EffA8739d5e9fe2,590318
0xACFf2c5034f126dde53242764f7318cC98413C98,590318
0xACbD674e96c46C7B059c6a0d40422E338FDc7Cf4,590318
0xACd707F26201D59de20710625775954e7562Eb86,590318
0xACd7441F9b73189F4ef61A0c9725BF0816faE124,590318
0xACf187D8DdC9CCe42D55aEbdf967dBDe61794542,590318
0xAD021C798f140A80f9A94E38394CAc67AfE97d3a,590318
0xAD17dFE07D828688440Ea211368a225A71b5E6b4,590318
0xAD468E8336182e2CEc7022F3434F91227c33a723,590318
0xAD6B0E31a72eD73eE49f4E7f4Bcf856E853f6849,590318
0xAD885E7254cc6d94bE5574D4473f8225167201A2,590318
0xAD8a735ADca665E297CCb4Ac3F3630adB79c37fb,590318
0xADDD515EB75b8876D735560eae48F710FE27A9C1,590318
0xADDa261471100BA1a0e29b7306300003741e06D1,590318
0xADEEb9d09B8Bcee10943198FB6F6a4229bAB3675,590318
0xADF5545eF990942C0BD0fB8f24062374a0F7D6Fb,590318
0xADF5AB4c61890C5572E406139B13E616373D1686,590318
0xADd403e94985eee3108E16987EEa30C10E2dF2Ef,590318
0xAE01a9f15b278239CFb64D4D74bBA7a0b1cF900D,590318
0xAE08cDC61a6C03671839194b144914945D0ee009,590318
0xAE2586E76C8A4D8DC1FF3d9AB70bEc760ae143c2,590318
0xAE48EF09dceeA73869F7cbd1c87ac8Ac4F5a14d9,590318
0xAE4Ca1189b69Cf7de6Ee09bcF09d9f8b9023E8f6,590318
0xAE4bFe4EA6d769627b653Beef05E04AfD8fa2529,590318
0xAE7A0F9f663Bb54bFe95378C7E3dE7Dd6E28d6bC,590318
0xAE83d7E5E34f7bf89e230C15836B67b5637916ae,590318
0xAE88E1807e06FFa775b65B88D7d651D56113351C,590318
0xAE9933Bb99332d86AE40f1F89D8E8572074A0b8b,590318
0xAE9b2082c9Ef1EDC7DBa94e7297A1Ec00DA6CBD1,590318
0xAEA82040c72C33f072AA4BE9183169e7CA9dFf6a,590318
0xAEBdBF602e8F3D1155De80DfdFb041021fb801bD,590318
0xAEFeA4a149700c007bD1D1e0c6174f5bd13cD5f3,590318
0xAEb6aF2A86a53230458C0fa5e3C30725F0bF3291,590318
0xAEe682dDbB74269295ba4AAAdc2982DD58Fb0ABb,590318
0xAF157d8Fd287Ee7cf22AfD85f725F26a328D2114,590318
0xAF2a913aC47A6002b666dd63674496dEb7d3a99E,590318
0xAF316f6B0A2CA0396bB7b284d33463BEF1D0AE5C,590318
0xAF55Fc9F9D38a9DF6273b60C8f8E4F27F131093D,590318
0xAF5C162E572D3aab9Bf1f4e1482D183A8339D495,590318
0xAF6Add1887cb83a2BE81372fb0c126CaC6747b56,590318
0xAF6d4F2f0F4d08B34182234D6c39865B56Ab5B4C,590318
0xAF87BeDeA97eE750dB6ef80eecd27374e661c7E2,590318
0xAFD6537dB3aC19b37ec6c6C744bB6b91Eb476953,590318
0xAFE2b51592b89095A4cFb18da2B5914b528f4c01,590318
0xAFFcdf9cbc17424626ed8fFcb28393E30Fc9C92c,590318
0xAFbB30322D80B572a7fF5AEe89896d555732051D,590318
0xAFcA747b067C40Ae0Dda3F170Ae971a2CBf4D05C,590318
0xAa0F8604188737837cBF64d581Dbd511Ee1bF40A,590318
0xAa163c47065c22D17Ed1c47E3E244337D2056c17,590318
0xAa37eB2841f4D1c4B283cc21800e2616d669B0b9,590318
0xAa38223335a7c49a46D1B08b463Ba1187C2976E4,590318
0xAa5D57CBe87c367213b2fBdFEC822157f3E43D67,590318
0xAa6C184D118767f34F91b9E3Cd51B7222F99F072,590318
0xAa6dA77471376FCd384f1bF42911A7EeC296AF87,590318
0xAa72b70F008Dec8dB84d4338B8B281A3740F3898,590318
0xAa8293B0c22b346A6B4f866996C4DCAfa384c1d8,590318
0xAa96Ee9b141FBF196F3D4686965F1c048e82aCc7,590318
0xAa99De91CD5E19Ca32Ef0C128bD97729B054b98e,590318
0xAaBE9CDEE0F65879d31AA192f0AA2Ec31275Afc3,590318
0xAaE441F6029Cf1469C99B81973bcCFb816A1E189,590318
0xAaFa8921078f7b1CC3FCfec3c264Bc6408145f33,590318
0xAb00c3881757A345618d66846a6D11a5d5297D3a,590318
0xAb168C46b6baBDe7a6E0787a33894683F7CBe690,590318
0xAb22687764D1BBaCeA86Cf9F79d9Ab163D314a99,590318
0xAb2F9961477915F5B9CFdd84496E674D6280Fc95,590318
0xAb30b8C33C8964CAa319F8C52A13Eabb9fE51ee7,590318
0xAb31eD585f182Efec82b5D39C563fD7E264C1c74,590318
0xAb3a112A3854f225875E75d705Bc4a20140AdfA6,590318
0xAb65F6484686679993534950aFb6c932F8c243A6,590318
0xAb9109a40A8D499794ff4f82233cC5F0aE82b5CE,590318
0xAb96014a7c078f09418Cf899Bf197CadFf023C16,590318
0xAb9E3674BcD4caedffD810C4677f28BaaC851653,590318
0xAb9Ff3b61c1fbC40D1ac6610b3b1093805165fb9,590318
0xAbB8aCd1B0F7C33C26d7fFa719D374fB18976Dea,590318
0xAbBDbB7d02D62c7605Ce0323B2aD912AF2e3D4B1,590318
0xAbEFF685F65942540067A8E66189BdB30F03eC28,590318
0xAbb485fdC925dc375B5d095a30fcae7f136Fd007,590318
0xAbcA0BEFec85f88690e48B74F4b8f6fAEcCd0faa,590318
0xAbd67423aB58B778B00125A5247e493f06d95fa9,590318
0xAc1b3542696A225e9FF4D655A31a4E8d34f73e12,590318
0xAc356D651B2cB11bcC0Da4f2fdCfcF097a7b863a,590318
0xAc38a7473c31A1989A999C0A5DA9a4E0d57F2574,590318
0xAc4f9631Ea1895529aD9fB04fA9AAc8c9a32eA82,590318
0xAc50cd96C33850C6A766905A37Fe5dB75D2BB6B2,590318
0xAc5C69aC9c987503dAcE3f6bF1e365968397134f,590318
0xAc5aFAAAA5DB23e75370E2160B99F04c0e413530,590318
0xAc6865A37e8266758E79b751DE72a4aD4f5E032f,590318
0xAc822EB1A8D696783A2c2E63Fac0F4A0DADe3f05,590318
0xAc884D77FBb6fE5925F4bE3a12692F4f23d7411C,590318
0xAc8Aa35B5e9872adeDcd1ecf8123809EC533Ea10,590318
0xAcA4eb52061C8aEF6B068521066bc5061939A285,590318
0xAcC884e01f6ed18E7313a0c480B389ffCD15e6e5,590318
0xAcb868f2Cde053A7666DFaeA4717C2347A6BB439,590318
0xAcd52b3D9a55ff35761eC08443CAFB66A3e51E11,590318
0xAceA868621FD02D944775f764959c528B85Ad9B5,590318
0xAcefeF5eD13c2d4d0F38970e5C15B926a9CBCc70,590318
0xAcfdD7117d569f2fa405912709A5E36cB897B605,590318
0xAcffC3309a1761A1B44263650Fb213fE9D94D28F,590318
0xAcffa9c2FeDE7c17F0FF7F877B4E4d8Ee560F62d,590318
0xAd0126b8242d576f7af151530B51Fd3981EB124f,590318
0xAd02b12FCDdbdfd29EC5370C88CfA400F09ef377,590318
0xAd0EB805D991989A2B7537A3d2E66b2BF99F87C6,590318
0xAd15f12eE34085756DD4843716777E17Dbd7419c,590318
0xAd38Cc7d6038FafF0BBc28F168c9eE57f932BF4D,590318
0xAd450F54dcc6770dbef9FaD22cFa66d39801a0C6,590318
0xAd494934a849022636cC5CA166B47DBDd10B8D06,590318
0xAd50337c160C0aF341AAf6A5F4de5cCe5DA54B93,590318
0xAd571395Ec669E1f61Ad76D5E5CE035A2594c9e5,590318
0xAd77Abb7aFa8d86a571e3f03573996ccff5d1A63,590318
0xAd83f7D2E623CD1aD12ce919827E8528d05c727a,590318
0xAd8C7A19BC29ba104CedAB894c01D1722cE185e8,590318
0xAd8D22b89E55490e72bB5b06971F47C4B329e8b2,590318
0xAd9C302e3CA74E6E9ecF64529011D11A6D3A8EdB,590318
0xAdBaFd5AEfBE7Eb056f40d78B1611706443ee41a,590318
0xAdb3Cc75Bd1c230700b15EcEf7bB74C3fE4F7bcf,590318
0xAdb9a7Cc511ab7A81a24c8D85fC6165a93567B87,590318
0xAdea33469fCa95164Be08aaD4DfF7FD457cd0D4d,590318
0xAe025dE76780d42525B4E0a86AF9b51f9B671378,590318
0xAe066f51A19Af8330DEd13025F76288b6d7c61a8,590318
0xAe61c013669B332b418e6ed1D6879e42f526A8e1,590318
0xAe66161E5f08026898aE0B517E7b09c17f3188Dc,590318
0xAe699156f5D90db2E06EBAD5f23E31E382360A67,590318
0xAe7E2E6C26b9B2c4a464Ad62ac935e28223ACf72,590318
0xAe866b05bB30798F7D506B603071E9a92eDdd33e,590318
0xAe91346C434AB94049d6D2Acee4a372106AC83D4,590318
0xAe968Be20acD5F6162d7D1cF00b351D15a43D5dd,590318
0xAeAB53157dc9b0eB7b0f931Cea270Ece5dA087B0,590318
0xAeD11644bcD5ead8c48B89CA78bb381fF300F172,590318
0xAeFE862169d339Dc81594057f89dA3939a177264,590318
0xAee995387dFb4CcdC630e71c126Fc763c2958555,590318
0xAeeC8c6196fb5254CcD000721A46925f6470206D,590318
0xAf0021fe88Fc663CF958A876af7822A350027fce,590318
0xAf153E755F59BB62ba8A5b7e5FfDB71c0aC43305,590318
0xAf23182045584eE417b56Cb918a84ceC30303aAA,590318
0xAf24B8a532354151cAF044ad6dc332Bff42195eB,590318
0xAf25ccEF0C0E792c8eB394F70C7de41E5bD055C1,590318
0xAf347C322cbF6B95d234129ccAcCE658b4AB5e01,590318
0xAf4C6c334aA5af433fE8Da5AD2DE32b77f554A91,590318
0xAf563c44C2AA76f2167Ed69f0E112Be8ea4b7188,590318
0xAf813B023069f9C9bfcb1985895Cf7949C94d574,590318
0xAfF1eD4DAce22EfFC04cCa6eB6245F44DA6bf6e6,590318
0xB0005A7A778c868C3E1362e92F791e707cAcBC77,590318
0xB014B0C6a1bBe91F65c68abc661f220e63889cB3,590318
0xB01768cA836f2aa4a5c240a8d3782A61C081Bb84,590318
0xB01A18c73177d93B63BC98CD705D0D89339f0019,590318
0xB02c3a77a6631bB1598080D77CA596f1f69B3F60,590318
0xB038E798Dd142EA6b3183c87d78B12D58F65F629,590318
0xB03e620337FD0df3caba7042b9ffF2488F5B4A9b,590318
0xB041569B6FFac3B2cb6d289e85458E90B62D6ECB,590318
0xB056DaF36EdfeeFE9fEcE60A9EBc571aD5453440,590318
0xB0609EBEfD3282f74BC87E2a53eEFbc5Bc915216,590318
0xB06aa5a6cBF1415eBDF245bc9FF2716deBC634A5,590318
0xB06c7b4041264FE221422e9CB3A468cda19F4b75,590318
0xB06fF7d5560f213937fC723CC65366415B7821bd,590318
0xB07050Ddd20FBC72393c8137D92a293e092B0C6E,590318
0xB07952A55bF9c45C268F37C3631823Df50ac721a,590318
0xB080775bDB1F5164F99D68DcAc780580fd607e71,590318
0xB08292C794CE1931E6e4Da7Ca3AFefC1627eaf2a,590318
0xB0A22C269FaFdc6957d2d02622Ae496EB07fbe77,590318
0xB0D191B2310e43FEeC7D8E68a14FDed9dBd3d7A7,590318
0xB0D588e4a2796De429052B7CE3DCa1e7bBE49970,590318
0xB0a34507009F68f44CDF8Da9E21C247065F3E098,590318
0xB0a89719206c8af3072120DD3b88129b795a8c6A,590318
0xB0b8cB7a8F344B1A411418dcEb331E2c3a571ab9,590318
0xB0cC0c0e9664f6BAF7Ea56741d7d708DF0D2BFbE,590318
0xB0dA1C3a244A2181E76363794088b0607cC8Ed84,590318
0xB0eB8B4003fDD74f3c7994fBE5fCE95aD10e3BCC,590318
0xB0f1CFE510Ecf795700b337a3feeE28EfEf69BD5,590318
0xB10B04Ad05e225D67E66e4260F1841D7bEb5E108,590318
0xB10B5568d516a6121A848b86A0640115827430b1,590318
0xB11a5396b37BB7b9dab03c27366A8C674eDe814a,590318
0xB124fE53FE65a5CB993F12DE1443277e9042e5D0,590318
0xB12b31c2A9a796a42e7005cef9a2D2112C20A235,590318
0xB1370eF842E27aE84cc3E19867106Eb02a96E9b3,590318
0xB15A8eeA2662eab3ddcF179B531Fa8E63EAAc72E,590318
0xB16f22c4091351E5Ad00ac9fD58AF13A94100dDC,590318
0xB1700C08Aa433b319dEF2b4bB31d6De5C8512D96,590318
0xB180F55c1773E6E7Ac9004485c3343587325f616,590318
0xB188eF9Ee0f05201BfAC2Ba014006Cb1292A226E,590318
0xB18C38D991cC55FAfE13180f64FAB270a1Ede29e,590318
0xB19bb01E7F364fa0424473d0D7cBE5D3B1426be2,590318
0xB1B97089EFf2300C325208af43B35415De4ac126,590318
0xB1Ba333ecCebAd0F01aE845AF859c12f3e02c1Fd,590318
0xB1FB6B10320685aF5Ca0dbFD1374a5097941E7AB,590318
0xB1aB7358CcDD59d7D5F46649a5E39A101e790887,590318
0xB1c74061f5B1e5507c28710E378dA216a438eB45,590318
0xB1e216335d010B76d107C7EB185737f01bFA1732,590318
0xB1eCf5551d6a421BAd813791417A0299661995DD,590318
0xB1eD324a0421d5EF891e835905BeFFbE96278F98,590318
0xB1f2b6aFB7570cD6d696fC62736639aDeA619E5b,590318
0xB1f7F983dda659780bf497235d87b8C6eD8a3a7b,590318
0xB203e2da1D81A62739333a9b24E2082A7e60ca6e,590318
0xB2053B53c0F8fe2534AF03B4fac08FBD9176eFA5,590318
0xB20898ad9ae01fA34Fb6746de24DbD599C886E22,590318
0xB20a7A9D8E6a89F72b723E8735d89Dbe2f7a93dc,590318
0xB21B8be8510A07dD40Cb7e72d3ad4BeBBCE54d9a,590318
0xB21d13CA6668712bD4ecfa749ef518A0eFB8afc0,590318
0xB221743b5D57981d463C54e4Af1381E66d7d5ab5,590318
0xB22D562F7AE9b4Fc0F3C6DcBaA85862bfff3b233,590318
0xB22ffBC1c012b6ccDF54F7a7aA7643646c7f9A40,590318
0xB23459D001965CE4e221b8E619C3Ef3a8cBd8779,590318
0xB238dF7c719EdDc6866fDF3d1997Cbdda089C9BF,590318
0xB23FE001aB5912eA11DA08b7EEFf203485942374,590318
0xB2407876D473151ae7C5da8e67d14e0C8b5277dB,590318
0xB250f66a2300aF4231D28Ac56321FeD5be93ba06,590318
0xB25CD9449aFed2Fb8bD55657B7040ce15465E6fe,590318
0xB2650e4D12489E29B94aE1747f30Ae6Df61776BC,590318
0xB26901d9C727326739B7A7e04c21706FE34aD984,590318
0xB27297a96AB6C383a6cfE224Cb32bD95545ED2aC,590318
0xB288090E6b2427e2e4b52AfB0590F0f22eA0f6D4,590318
0xB29479Ef88dFFf8daC466cF6C716e7985c4241c5,590318
0xB29Bf0192B169E2d2909426B2C9AD570b3104193,590318
0xB2C555f526c379a0107A8d04805200DE4C52C640,590318
0xB2D0D97649811EEAEc2177015e7988Dec0FF55Fe,590318
0xB2E81801143EFE67A4B437389E7460b2886f7Fb2,590318
0xB2Eb4F13A0B4cb237cdB809353d17eA90bA8a418,590318
0xB2Ebc9b3a788aFB1E942eD65B59E9E49A1eE500D,590318
0xB2F72ff1892De42872e2428d724b6B1F5a99d2ec,590318
0xB2F9BbC5db84a95B598cAB0C464cF92D584d8900,590318
0xB2a4de2b4E150d4093EdEe576F7b29BcB59315cE,590318
0xB2aa190Afb919e46c24505909b8F549c7Be08ab9,590318
0xB2c2a17Df5FabEd1B4Ca9d6b0d19D7aF51bDB58E,590318
0xB2d4cf39779B6687cd659FBc13f4ED7d6C993abB,590318
0xB2d60143097b4F992BfBE955a22dbb2AcD9a8EAb,590318
0xB309d12d6640a1E6300465A17c13812a089120AB,590318
0xB3103FF3A921c5C496aC7e889C2630714E4b1f67,590318
0xB315dc0ceF578830e5DCdd1ce69f24BcDeFb045f,590318
0xB315fBA4A6514100BdceA5C438E89dd9dd9F216F,590318
0xB31CB962aeE8e350a59a61deA3bAA561b0513Bd5,590318
0xB320eA5c5a07CD52caDB7bBb99dD246c7877507d,590318
0xB322C1B811eaf8B3840133a2fc936F4C7185D51f,590318
0xB327F65029Bf3F6c7e1C2FfD4CA15a3D7448e040,590318
0xB32F88B89365D428751AA060Ab1F983d012AC423,590318
0xB3304849172cA1AA4E48A96C2348867411131132,590318
0xB332081Ef9402315869989dAEAc0705b4222Fadd,590318
0xB33697ADBABfB73B27dE158deCBd6b25BD8cc5fC,590318
0xB3373202eCd6C9b25b9B23E1710F4aF50eDeb8Fe,590318
0xB338ca729Fb06B9498A99f7e9713B29bf565a0A0,590318
0xB3422ABeEd3D72B57D2d281dAfB36F556Edc471e,590318
0xB34519875EF21a74a3a5025b40b96288d1717F20,590318
0xB350Cd31aAD7822611ef6a14cffdD75241F8b867,590318
0xB3623D62FF30fadB5B2e127C07cab0D1b0808276,590318
0xB36c7e6E58e38AD608748e6a00bda29dBeAEc96A,590318
0xB371691713d84A4d8f4A7285269D88B0bc1EfD10,590318
0xB37548c82BE2C063C98b061F88E6Aa4A75b1538c,590318
0xB390e178b8FdeC98720d7214b20ef75FA48Cd1c2,590318
0xB39Ae7A015e5323c7CfA148845b9454e03F4E662,590318
0xB39D13b381cbf9d732943d781418067E4dF0f3Aa,590318
0xB39a1c8933E67eD4Dc65ba37035eF477B3423374,590318
0xB3BBAF77AF06cFFE90AE9b6e755F1E1e551D84a5,590318
0xB3F8A1885bb8C1afFe4980d8926132A0C3A318d5,590318
0xB3af88f40dCB2934a8aD026ee6084AEa4628910a,590318
0xB3b60A1Fd4D8241BfD7B285c3560d75135350582,590318
0xB3b615Ab7916F12Ef7B1c889660c2C8A3b361AfE,590318
0xB3b91925818f47a36fBe6d808ab6b90AfFAB31E5,590318
0xB3bE031f63e7bb2A0dca56f0A84CfaEfF47107DA,590318
0xB3bfFA22575F12A5c21cAAf3Bb9B5dad5bCa46f5,590318
0xB3c75bc48FcFdFDe3179F7894Dad17Ab8c453bc2,590318
0xB3d1A2E74aB4504c0064C76381F1247757Fa97C5,590318
0xB3dB8d23a98780002b10Da5Fb082e47b2D22e4F3,590318
0xB3e475368ed0Fa0Ad23c04dE0423d48A0758806F,590318
0xB3fe63FA04eC5D65316fc1FFbd5Dd32f3813cea8,590318
0xB4003b94273c5c82849667240330b0eb0bb79e28,590318
0xB4008154A384D3DC230e1268C41a8D8286820828,590318
0xB406c5C2185B3B4960f9385996cF36f7D38AC225,590318
0xB40829b79A4AD2Ed4A7D3fab5328d244A3De944d,590318
0xB40E51fcDb80A6B4c4A9F996Bf4f0C2a31a7504D,590318
0xB412D4021E18f0d2A23489674E134D191bCed91E,590318
0xB413A48088Cfb0074F75349C790062920434e321,590318
0xB41c45230BC82a98eE27246B120353e50317013b,590318
0xB421b244aE8c6BA59A49996380507B3941B2a50e,590318
0xB42dFCA5563266E1384d3a242ea194B62eefB97D,590318
0xB438593E0E43f4Fb9f8d655D8eD883cc23C384a8,590318
0xB439b0844D0D9aF237FF37dc2379f07B6CD06171,590318
0xB44623Ae70399726B02F9C9dAa1d85a5488c9c62,590318
0xB44B5c940D82F8feBa86FBCa2774FE0caAb3bFF4,590318
0xB45b74Eb35790d20e5f4225b0AC49D5bb074696E,590318
0xB45fCf6e1DAB1f15a21449d75F00Eef34fa7CB5e,590318
0xB4631c21f39cc790cE4ad7A184FC0E5aD03eab88,590318
0xB4635384713F1acB8ae46601523f6128EdD39259,590318
0xB47c72BE8a2968Dec42D3b9d8c6f464224605bFD,590318
0xB48470B3122ac663cb428156Fb9f3f27347cA93E,590318
0xB4852f9427a193bAbcf8c6A4Dd8d98F2111d11b0,590318
0xB48EcFF747a350662D7fF68C301fd3Bc713dfA51,590318
0xB48e45c76E7442D9944790085399E26b7d89b1Ed,590318
0xB49702B9B8314Fd7F0570d0Af88c2FA4B391B2ed,590318
0xB497df47DBa0e8ab88cc91aD522BD4e78E001575,590318
0xB49c4843cA69CF0b2C2Eca57623843A3e75E8a33,590318
0xB4A686628435A75644b751FaC4af2DdCfB0bAff8,590318
0xB4A9A40b1E4D5D7Ee889f359a08B17545b94eA6c,590318
0xB4ACa4d18C3F3AD9Bfddd0A0dc8F669d51798dEA,590318
0xB4B025aC68059E4341858dF98AbA66E33c231Bf0,590318
0xB4BD7D410543cB27f42c562ab3fF5DC12fBDd42F,590318
0xB4C334DEDDc77B75b45FeAe103be73D37f1ffD44,590318
0xB4C8b5B1fc6140499904db1D3232f7b432Ba3D50,590318
0xB4Cff7782F1a32Af6d93fDc5340d16B1EA5B67e4,590318
0xB4D82C9994943eF7D096de999270c90809B67bD4,590318
0xB4E597e34E3eC254e9e4795ECF1A31b9Fa1e40F4,590318
0xB4Ed1A39491C83219764152E4DC68944d5547947,590318
0xB4F105164411889eCA5da87D79eB0D1a7e61B3Ea,590318
0xB4b06CCCEf33b922536458e453E5f3E7CD1306F6,590318
0xB4b6a076241C45E579246bBAC2baD516Ca3bf17F,590318
0xB4b9f367B1D34C51556F712aB24aC0914172d955,590318
0xB4c0C8287A16A2A17282334c3F5Fa37532227339,590318
0xB4cf5F62ffEbC991f74919538213e6844f41c67a,590318
0xB4d6cf5614961A0265100bc44366F910f2678528,590318
0xB4dff2c9b4DB343eD94FB9bf4788bCbD59D101B7,590318
0xB4f99CbcE0620227c22b03FdaAAe9ae98E1f0180,590318
0xB4fb31E7B1471A8e52dD1e962A281a732EaD59c1,590318
0xB4fcCB75Cfe0beA77D200323F5C1E04642F24202,590318
0xB517b844200E3DA662e12C0a18Ec9212030fd548,590318
0xB5240563eD0ba98Cb108A16eFdc544a21E09f9e5,590318
0xB527BA7a88f1FC475C10A1029c106BAa89F373c3,590318
0xB52858C1298702BA00c2aA7C52C787592410bc7D,590318
0xB53349160E38739B37E4BbfCf950Ed26e26FcB41,590318
0xB5358058aF5Aa14c43968f1f4C48FB826e6395d6,590318
0xB53FFFe3a1E0d8BA21028557211947608992078b,590318
0xB54155e51Fb5f95ed07e67f2a6eD2836DA46E79C,590318
0xB55dd9E1f48957A211E1B614346d4f2c232Fe064,590318
0xB56767c99D1Ae5964c0F38b7514d252eE552afd0,590318
0xB56FFDFeA7581b55F579adE53c3B873b7be37371,590318
0xB56b6f13054d564C45749a69fDEC06FC4EDcffA4,590318
0xB57115CDcCB3A2B5C19F69D4dca7858280C343e1,590318
0xB57Bbf7331aBc623F8c6fdA632E850E980929802,590318
0xB5901D9007C4b4A06151378276822E4Bba8839AF,590318
0xB5B5369E6A5dA5D4eB1DFccBb299038139f4d25a,590318
0xB5D26158102181dc4ceee75f260A60Debd752E45,590318
0xB5D5Ee4C683f32e5859d31Df6d3b985592E0E345,590318
0xB5b0a52863b27b86Dec52BF394746C66ee4F3472,590318
0xB5d6CdEc20963882A0d3DEF5a60AfD3223eC48c4,590318
0xB5f95ecD206a901Da419f8ea792B75631c6130A7,590318
0xB603BadE19edcd95A780151A694e8e57C15A066B,590318
0xB609DE87A224D0cCbB20aEA3e272F77Fdbc5a548,590318
0xB611f7DD510385806405964B86553bBc52a6BaaD,590318
0xB612EC3909f4bA5BDa1Afe0Fe99F4564fa83aC17,590318
0xB6133C9E2ad58c4D0d1Fac0aE08550642ED62BBa,590318
0xB61384c05086576ebD647C9217Ce0765Bd748bA1,590318
0xB613F593798982494f38d515B066E242a3fE52af,590318
0xB61692d8AFfDFF27747b2464c648A9D19fA4115c,590318
0xB6170bc391C5fdb651a653e2291790453507668B,590318
0xB618aaCb9DcDc21Ca69D310A6fC04674D293A193,590318
0xB625a2a5847368bBe0b719425b6eDC12f8ccAd58,590318
0xB626e63344beFD895dDFDD678ab8E6469174d07c,590318
0xB62d06ae240423Cf3530Bd0CABa9F4ABF69De930,590318
0xB62d6AA1BA7d5Eb2118BbAc5CaA6a7a92AfCFD1c,590318
0xB642B7B23C84dDc446Dc364B1F714Cee6BfD0908,590318
0xB64D5D4946864926ADe5FF2D6eFE0ECee6308F10,590318
0xB65Ef6c71394DCE797d25863BDf327d59a5b75eb,590318
0xB674f023B47A222c6b2fb6A84FDF33Cc3793dBCD,590318
0xB681C301ae7D6B6D4686fBc3bde80a713f03Acd4,590318
0xB68709Ba0C35E92E722554Cdd3658CE7b84CABa2,590318
0xB699708DB8E7f6015F11D5876737109C9935b9CA,590318
0xB699B7c5d606a03d76985dE9847436426AE855b3,590318
0xB699eff6bD3073233469b27BD50047A78Ec22e19,590318
0xB6C2bBEbc94a910e0fd37267DAB56fb2130dbb97,590318
0xB6E0Fca0eAF22008a117eBB8BCf351536D37Fc46,590318
0xB6E21620E70E52EB0aE2c88F3bca31d4d6926865,590318
0xB6E9874752Ad5370B42aA4be6593a1c86D15A82e,590318
0xB6Ea5aAdf985586c5293D56a031b25771E5B0656,590318
0xB6c9d95AF6018e7C889A8110d94D1BE2aB00fd43,590318
0xB6d788865fD41E4CC3CbfeF327E59EA13491a742,590318
0xB6e550754DAc61a3A6969Ea872812f68e4ce203b,590318
0xB6f1D8c40Df23ff082F9890b40E22c78d31aF369,590318
0xB6f8094983103689c11c794067605F2b61780EF8,590318
0xB702D4B02F464665f2B94cbFF3ea202f49DB11fE,590318
0xB70399fc376c1B3Cf3493556d2f14942323eF44f,590318
0xB708C4De54899B766E384002210eb37aBB91cdA4,590318
0xB7141483A6ab0d3854645Db5dC3e06eE813Ffe2E,590318
0xB7283c6Ae657C4075A2C18A41CEE35C3dECD7D11,590318
0xB72f37f5bC3EFeA93904883CD609B14fB13196B3,590318
0xB735597e830149C570901e44441292D0736430AA,590318
0xB739D59967c2eD760C54E8AF06d9Db3c11af5819,590318
0xB73f367CBfb9220AD7F16Bed923f60be3FD47C82,590318
0xB74091a5c0073f64F7B5246Fd73715b9730581F6,590318
0xB747bC6913eaCa8F6D57831b9cA0C03fA3C83967,590318
0xB75434133158057cd39831CAE9B0e96bc30D60e7,590318
0xB75B58580e234F8b7707BB0E4316739Cb164063B,590318
0xB75f9518DC038499CDc5e404B8385027D8EE2F05,590318
0xB76355Cf734227F43bcaBB5405ec6875aB77779e,590318
0xB76768B4d58257647D473e3204677E3E64161DDf,590318
0xB777EB465AE73F1Ac4bA65BaCaF3799E8AB3A6AF,590318
0xB7882A5BC0F5C33a63544661365Ee4D64e46D8BC,590318
0xB789945064fC8eda638CbB4285882525273fAaf4,590318
0xB789adBb6143038c5048fBF4F410c7E69C6Fced6,590318
0xB789fCD6b750E186fd57b44Bb9b5dd973aBb1351,590318
0xB78c0B2763446F8CEAAE9442D8d052E6Eb505352,590318
0xB790368A6BeBD412488BD7FF6c156365e7b00FE2,590318
0xB798f28558CA10607A0092Ca46B14bcBaF82cA65,590318
0xB79A48cdFB85d1Ac45989f40793aBc7A1A15C5e3,590318
0xB7A31346433430D92846f0181C55Fc506B9b22d8,590318
0xB7BDC97880ADE5CA244A3F766B815e5c865615B2,590318
0xB7C025BDe04e25dD6cd6F5121dF34d3613BF8409,590318
0xB7C612256C0A88f687A50c36F7484097D633fBa0,590318
0xB7EC66Dea6795dc5F143B82f15bc57C2D8E78bEc,590318
0xB7F38f6B56Ec075961959e561f3cF44C1a14E995,590318
0xB7b93e217dd4E6E700E7362cB234d6258438D3b7,590318
0xB7d75e7b4865447103B4214726AE933D13866F99,590318
0xB7dFF982C7Dc69582a953106D4fd0fCD1C72Bf0e,590318
0xB7eaB85e7c1B9E345432Fa5bA1c47b4F2df94BbF,590318
0xB80B185F149986B38e3EDdD4D2D881A972f402c8,590318
0xB816c310582eA2eE79B8882b36C2671fadB5E186,590318
0xB81a0e6c38c3Fec8A171cFE9631F60127a0C5bfD,590318
0xB827eCDE1beBe87fE41f78c7408Ebcc1896fe9B8,590318
0xB82eB1dA53C5e394f8525c7D627dd03640D6bc97,590318
0xB830B2FD1518B04310D264704A4e46f9E083B41e,590318
0xB835367ae1CaFCEa58a10A51b17Fea25d16c3daB,590318
0xB8391f00DA5Acb3fe29D0d371cBE27771789330f,590318
0xB84E934F9FFDf60Ff5e6E9696F9cbd32D0944c6c,590318
0xB85246cE9eB29b8C9103a35732Dd105f19cDf7A0,590318
0xB85eAF59E6Dc69AC7B6d92C6C24E1a83B582b293,590318
0xB86D929b31Ccaf8395D4C4B6c3199A453CC04D9d,590318
0xB86e4C4677ACaaFC6a857a52D05F3201f94B8856,590318
0xB87004a21B6bb529c17F874Ee095F0C3344f0a9D,590318
0xB876e9e9d89998a483Dc9FBf83a12ecaB172AC9f,590318
0xB879a021D27d624F32fe839b87595150525df65a,590318
0xB88A2126a45f224A45540DdEb609a4b299a318d0,590318
0xB8B4fA34d9B4b59B0db93Eb1793847B730BBD6e0,590318
0xB8B9E3097c8b1DDdF9C5ea9d48A7eBeaF09D67d2,590318
0xB8D0633C0b02e2Fcb369E06715D073C26c3C82d5,590318
0xB8E134b0c9B82914042E03e1B8a07dd0b912Bb98,590318
0xB8E25994ce9121D1b4bE86E908789a1cB6595105,590318
0xB8F22451f988d5d6b7B9Ce980AF3751a23971aC8,590318
0xB8F5855b2dBbE6c5CD9dea25571f945F14B99Bb4,590318
0xB8a3e7CedEF21886E847fb976E24e1Fac9C85F9c,590318
0xB8a9f91B4730ca612E1a38602100c39EB425c062,590318
0xB8d1047861979E496EAd3C37DD0370D122b095D2,590318
0xB8f1f34DCc8ceBFfC1D9ACE4994Ce8C389757759,590318
0xB8f627a1aD7eABcD810d32a2722B8E0683Ce4cBC,590318
0xB8fa4cfF175B455383997f75022D713233f14D80,590318
0xB9096F86c05B7590a731d5fcA066FD50694d4413,590318
0xB90B8F10e93C9F212DD2dbEB4EBa31A44F130e56,590318
0xB919a0073E0089dceDa88979b09f67ce0Bfafb70,590318
0xB91E7816c87bD9Eb032b750fcf1F08F316d4CEf8,590318
0xB92FCCCc63893856Da2a445d861f0942788D6479,590318
0xB934238c4c034fA4d73dCEDE46803ba0aF04Eb05,590318
0xB93674c5547Bd91A97Cc1a0E98f024BBBcdEaC1F,590318
0xB94f2548042b93bA034629d924211fE8548D8A97,590318
0xB9519a08267d7B259eCA6DbD8F7286B1f176A41f,590318
0xB9524da07b3f27F663b6F8E7b15cBAa30486b3bC,590318
0xB97643592C00009f9663BE765f96adCfF5ef44bF,590318
0xB9865099313B052B8B405fD1D0e60d56E138d2f1,590318
0xB987Dac9B0538aE9d5D83D50Fc2b4E46f33051c6,590318
0xB9887dD1DBf43b5874b6d2fd779CfBAB5296a571,590318
0xB98Adc69382C7e52C2c242A7dc81C2016117C725,590318
0xB98b238139E8C6ef57e1b4dd54217a5Df98C8f2A,590318
0xB98c9CEd420A137D3deF9c62D99ddE55d4d8879F,590318
0xB99568A0367D6fC2dC658346f3dbbbEA830E182c,590318
0xB99a2F6E6545dFC8627Fd9520065Cc1126a4dA66,590318
0xB9BBD73B1d72137E9DB47E6add32022f7D8e60d1,590318
0xB9C416EB0d03eFdcE046E4f4bBa26c1c3544f4c1,590318
0xB9C70Eb2aD91DFc3C4D392769b01D7CA90768212,590318
0xB9D10940Dae76C3e50d422C754009eEDa22b4eA0,590318
0xB9EE9E21c7be5AD157f2182d46660591D1cf0Dbd,590318
0xB9Ef41cA4647127e32C1e1d8fC0Aa3341510e0E3,590318
0xB9a5f873366D3F5aDFe2835C6424c127316142B6,590318
0xB9b36839b0FCAfd515ee3f727a40D07DF63b5D22,590318
0xB9b4080ee5E800E041E9d2983b027afFC0A18Ee5,590318
0xB9b8EF61b7851276B0239757A039d54a23804CBb,590318
0xB9b93bF2DB3678b010E71Ef701d763Aee144E93E,590318
0xB9d074afD94df661AB3Df48668A6C6c22aC04B68,590318
0xBA1BAea54261A0b6E1F8FcFD0aAd3dFf68dA6AE0,590318
0xBA3d570535360bc9383B28691C872959d4A34061,590318
0xBA4265C9f20F3BbBB425FAa6cE05B37d34917FBa,590318
0xBA474Ab1642101968633525FB117fA12C5BCB4E6,590318
0xBA4c21C546ba79f9A68d2734ff9c02F4934909cE,590318
0xBA5E00B0d91fA0a0FA40B704D00D01cB0c8008c1,590318
0xBA64c4E904f0Bb9FaBFfE74C2f55Fe5A234e084f,590318
0xBA7a920fc356924625da22093d657C72929A3A8E,590318
0xBAD1db91276988883f9C66a698c18406cED4f109,590318
0xBADCf6B22C342270F5958faC55b6d3ef7a973537,590318
0xBAe920Ca13b081155F2b5563E36ACc7E92D7A494,590318
0xBAfa7E191E3109bd0d779f1cB88AAa27ffCc9B3d,590318
0xBB10Cd4A88B9b40303a4b3B6C2aF0F8656F0345e,590318
0xBB144484754b7B692E9e438e63b5f929109c47E1,590318
0xBB163EAD0Ce0D6bF645cC5E05bcaee10042E8555,590318
0xBB1C0CC459010CEdA3B730b88cC605271BDeC6fe,590318
0xBB20d341bb9f34fC0FCE59d3a1f089D4beb5E4C2,590318
0xBB356F7aD001F0d7582d6Ed2C0f1f629319E3B69,590318
0xBB3E34bcbe32A669666b401696fa42760A10311C,590318
0xBB46c6E4d8a59520fBB11638C2d1228cC65F5A6C,590318
0xBB526911f7db52eD9C67587b606305B06f963154,590318
0xBBD5bEBAC63a25e11A959730F472eb9572813a5D,590318
0xBBD9691eB4f7F9Bbd620b1415Cb5ef979ea55fF1,590318
0xBBbe0a871e84F2c4a44b7440147E21663382C1e0,590318
0xBBd0Ef58C6752C17986852bab7Ef034A346f8D67,590318
0xBBdB3C4925ECf275C21B98Ec87E5cAd7E93e0146,590318
0xBBe0C1fc7C6AAA9d6252394619b6723A131Cef3B,590318
0xBBe846566F2172AdC9c0bCdCCf8D280Ad60dfa67,590318
0xBC08e57F8214577892144311dEccd7b5221c59Ee,590318
0xBC10a3aE909B1b94f4C3E39607aD19D386dCe32a,590318
0xBC1159Fcaa1Ac43E9A12D3F9e3FbE32B9A676701,590318
0xBC18d3471437cE1DC1365658e1f8BcF2b6C1833B,590318
0xBC22224a0D607df332c60876771Bd8fD304D558b,590318
0xBC23870bb364B7e2458C3369F43faf44a6B8697e,590318
0xBC45e7BA87FFEfC134B2Cdd8fbF11CA928026825,590318
0xBC5de7e6c0F41527d9D0244E25B70966C4E6f60f,590318
0xBC787De1A267Caf67525d5594A09FFc3B9d301d3,590318
0xBC82a96210555A04bdaDb29cd442F18687F1Fb9A,590318
0xBC83FF5d65a7454adBAFfD6DDc5695D978e1d50d,590318
0xBC97B5f07ad51aE8Fb04F30422adF1e56C2c07A8,590318
0xBCBE7633273f7eE460759C747b9c4A53B933156A,590318
0xBCD00ac6954A9e5C2C2913De5f52139FA07020F6,590318
0xBCE83D5060a7D7007fd7ca17301C1e5131b2d50E,590318
0xBCE8a491d01f620E5bfC3F4C74D1a4c239a246d9,590318
0xBCFc3a5977396EeA838cA5185f9916E26475ddE8,590318
0xBCcF25395dDbe6d1b26cC3A45d9fc706c5969B81,590318
0xBCdFE1B35b5A5E576A63545fB5e274ffF2426681,590318
0xBCf0fd6FF66B3E7cB38c46A30f74f28Cd06f2B4e,590318
0xBD02306180591Eb7EB7F3f351a8Ea8deaa4110D6,590318
0xBD0B9AfF544D0bb731aA8D782571169Da53B897e,590318
0xBD12b97BaFFA8E2b23bC78E2bf6fAb311f9Dc536,590318
0xBD1Be4A4C564a0c153Eda258D4c20fEaB4b2F1A8,590318
0xBD46197488E5da23f144C9745645b65AACFf0D4C,590318
0xBD57Fdbfb4E067992AA0c0DA44Dfdb10424f3Dd6,590318
0xBD5FeAd7180a9C139FA51a103CB6A2cE86ddb5C3,590318
0xBD73cF5baf12F120Ee3f6C4ad82df9a12649e578,590318
0xBD9173F0388Ecc5B34eEc741EFfB8CB35Bd5D6cC,590318
0xBD9Eca7E40EdF07cf6B93e2b1A981eA98d72c699,590318
0xBD9aF401bC10Db5915A7A8a91e7a15396ea5cDD4,590318
0xBDC2F65bd40cc952fDb4243f8Bb311159856209B,590318
0xBDD0a120c81F3EDB17dBe8BaCa1a921Fcc6F8f08,590318
0xBDD56cb5878B0Bf6deb84D2787c37CCC817affc8,590318
0xBDDf06d3f0B51309678de40a3b094D61580F183f,590318
0xBDbDacb7ea9195eD40d3f7efC95edCadAEADe8c1,590318
0xBDc3FE465A05E0224Fbbf756487BCbB134c3D1DF,590318
0xBDd9Fa548E28f80b5A629C80903df43Bd2Ac1dC0,590318
0xBE0BE0fD29f657dA3d4e723156F2C25Cf8d1Ca18,590318
0xBE10fcE4E51A061B058A69202e62791906D02165,590318
0xBE123EabBf7cFeae6B9193dFb7dF3B6470e4D028,590318
0xBE35abF3bA9FF7740de1Bc1c4AEF9a8E4d16CDa2,590318
0xBE754D42805183431938997b7443a92A3D561dB3,590318
0xBE7D81Fb0a36844Ca7291eC524bBE1Caa61bB007,590318
0xBE88A02E13998BB0D47bC8749a191719EA45D12B,590318
0xBE9E36EE7a1d2C8ED2368F2Aeb34D7af24603B9B,590318
0xBEA8996418085b758AfcC233FD0C3808AB9A0344,590318
0xBEa645Da9c7f6De1f7E287759CcBFd5ab9f57C08,590318
0xBEb59BC20AEA53b45bC778Da701ab86e8A62eA79,590318
0xBEb63e250D0ab3f7c06Bf8D4917A59f96F4a98F4,590318
0xBEd29f036DC98642738C5411698c23d18fa25A74,590318
0xBEd559D3A196C9C0587Ee80285FACaea9bfc9761,590318
0xBEddcdFc6dB39Cc8BFCd4548ed1454f52a9445Cd,590318
0xBEeC75A2025B34767cB60F0bea5C4c8BE489bA6D,590318
0xBF189B2D708Da2C7E91Fb7AaAe8F62bD2A34B627,590318
0xBF24D26B534A19E4F09c0B698b2CBffF820a452E,590318
0xBF33df64d595dedBEC17eaE129562E934f8cF567,590318
0xBF3AAe135034452987490d6587b42704E617CF79,590318
0xBF43886DeE48436e9E9d928224bd0bac9fb848e4,590318
0xBF4904DBa2dB1C0650A211f751067DeBce256624,590318
0xBF50BD7e339Eb1bd401876B1551710E242964BCc,590318
0xBF732eA04197942783e34730Ed6e0F6099575d58,590318
0xBF796E96551339E70B45ec4D259372693D49fDD5,590318
0xBF870BAE58D757143d94891bC2fd8D097e92DE60,590318
0xBF8cA8D45CfA9FA17A845C9223C02B8f54e58620,590318
0xBFBA051e9Aa4544170AcC2217466ef872D721315,590318
0xBFD90B4cCaB7b1fBAe916Eeb242711Ee0d7d25B5,590318
0xBFbEE9B20b0ba618B9eD44623faf86a0B2E21B1F,590318
0xBFc79C444c41A74516bF31237eBF586a231480b4,590318
0xBFcDA62087A66C353D0d7f353cc1315dff30233B,590318
0xBFee60d23c6B3C6e27611EF7E2A9ac803D07f9ba,590318
0xBa25228494b1A6adB8D76d6648dD63C3BD15E78E,590318
0xBa284644b84d821DA0e69B61bB533895D8507DF7,590318
0xBa501C697032f3E755aE34AD8805CB606c70F759,590318
0xBa651F6420D0a8e543E893915ABB7DA184Dfa7ce,590318
0xBa78C9Ed54eabF2bBA59d93AaCB3C905d74f29Fe,590318
0xBa7C36F19b1d4544FB5c54EA18eD4b6e32772Bd3,590318
0xBa8Dd206e664b3bfe13687c900E2E00F6a909DCb,590318
0xBa910716Fd4b6b4447AeA613993898eeB63844Ad,590318
0xBa94fA9F6646dD0a7a816923EAeb0F241c667a6a,590318
0xBaC95904d29B845f6EB6abe2CE8b8DE03033B71F,590318
0xBaD705ed22FC63F13DA30c4c4b9Fd82f164DF0D0,590318
0xBaa1bF29990aB3207209fe617b623Dc046e7eb26,590318
0xBac19aaf7B6112f8018406E02B4CA2f09467B906,590318
0xBafaE6Afa1F7B0001860f627354130C859031B76,590318
0xBb165e673848fAC93bCa2D04ad39FEafe071F489,590318
0xBb21d7902866B60c5df0CF643b8B10F841614571,590318
0xBb230326C40faDC72fDB449725b0338a2724fb60,590318
0xBb33C304f4719485A6d1D1511ee234e372274455,590318
0xBb365c14EaC0C48D3A8f345A5318D1ea594d106D,590318
0xBb3Ed0775593FC172DBf1176b0d2E38Bb325436E,590318
0xBb468C1dDFe9E50521641D840D6550caA5479343,590318
0xBb47364dB5FfA895a904ef55bfFA29e64A2BcfBf,590318
0xBb5b6aB943B8BeDE974f2a1C430CB4a6a5E85e7E,590318
0xBb636C9f92a61B47241eC034924191E9275C4EF1,590318
0xBb6Bbf9537Cf975A34CB6C3e8BEF19D4a5b9cA2B,590318
0xBb6cf6fC03Aa5ee5EF83D9396d6eF6c49f0D41D0,590318
0xBb6f4CFC66356b64bB6b05Ac5e36b1FF76471054,590318
0xBb9561AD5bCe8458731c77d0EF599eEfed7a184A,590318
0xBbD1655b2fa06F4C9097BF2348E883432067E4F2,590318
0xBbF371A5B427a0223f7cB9F91aE1b0139Ed528bb,590318
0xBbF9bf7dE5D28D732ef137e4aF615cBa11Ef2a8f,590318
0xBbFd7A505E505101eD3Ab5514911617C0024263e,590318
0xBbfF1742273301383efC579F4795b7176B65Df1D,590318
0xBc002e088E25e5e28467333B0DBf1daa864CEcdC,590318
0xBc0B5Ea67C338B7E833eDE909b04a3086AA7f283,590318
0xBc0FdebA0E88A52765101fA2f72bc7983b4F935F,590318
0xBc0c19235D263Aa6FFE8A4dEc7901A343539d7E1,590318
0xBc11e05Aaf47BAC2c7b166de9fC512B5D14Fd7Ac,590318
0xBc1d06b570ADD65633E79Eb1C65B138a648e9cA4,590318
0xBc40fBae8c071a8b503B69C9457Cf81f9BE7852a,590318
0xBc49056F8BBb49d0B16E33520D65185d561BBcb1,590318
0xBc57AC515e5ce7fb270BF2025F747Bf67996D159,590318
0xBc777d0b4676D963f861B2DEF0988009e6D2b599,590318
0xBc7a2123F1148B67aA7fdD1D2faEA1a88CE8955f,590318
0xBc8819C1821Bc52b5d30D2Dd52F0Cb6110510005,590318
0xBc939E16947C47dB739C8E5b95bb548d694a5700,590318
0xBc9E1991fBD28e43596554454dbaE6891Dec3886,590318
0xBcAfdD642118e5536024675e776d32413728dd08,590318
0xBcC224605383Cb72dc603B1e3b4f4678B371C4DC,590318
0xBcC3f9068844950cd33Fc4fdE955Daac76292Bcb,590318
0xBcE3BD3b206946AbBe094903Ae2B4244B52fb4e9,590318
0xBcEbe2671d5b160Bf8349c0C1Dafa5D58165ff3F,590318
0xBcFFD72D7533234226f430560c9aE4d2530Ae6aA,590318
0xBcaD105D350a88676f2074FD1d40b926C7cA6c60,590318
0xBcc0498e3d3ef84310971eE831E39c1836F4ef66,590318
0xBcc5BBe2A4c61495C32bEDb44c75523fF98Cd583,590318
0xBccc03851f028bf7ae6FEfcd5614A153dE97df84,590318
0xBce338B553195f9EF224F7854e89D4aA75c8B83A,590318
0xBcfb67431AAE79e1A79AF0fE0F32Bf65C05191B1,590318
0xBd37caD03bd7C7DE84Ef4FFC87Bb52079bF3653d,590318
0xBd5126f2ABaC3b8030FDF0125e6FE5f03740B700,590318
0xBd7701B672ec39C6711da8A5C7798A5dbA7644D0,590318
0xBd7D23cf21eF3B9C083EAb6f50a07d1657B82ec6,590318
0xBd7f2898DdB39b90B513962F4CcBA61238BAa073,590318
0xBd7fAE690d2E4573Ba304d3Db4426Ad08BA6D760,590318
0xBdEeEFba5f5509c80E33187471665976aDa887A7,590318
0xBdFC65241E4061dFd04B6d07d47F403520aee9e9,590318
0xBde62EB13663cb49F920B3b9EEb1b494ECFD8B48,590318
0xBe061D84c50e156E2faa791228662E3B52C906e2,590318
0xBe14B9950dC61642a084EAB491FA516d8FE557e6,590318
0xBe1E0765e5517a3b56a1f342A05b2229bd6Cd779,590318
0xBe2FF1Df87633fd80f6DFc57336523FcC80faF33,590318
0xBe579B6317e3e5785d66Db619e237B447F244578,590318
0xBe60593DbB612e22103f232d9B42603f197c1fd9,590318
0xBe6B4B9D33e15e17A3852A6E7BFeA0F0A126363D,590318
0xBe7D3509D38BA688b1564D056Bd833c145CCC65d,590318
0xBe905f486a5AFC311EEF5cca184FaB073c3978fc,590318
0xBeaA68B899f485A324463575De210E9eB9C1A01A,590318
0xBeb54D1388f40AE312dF580e7eECCce01F003424,590318
0xBec33ce33afdAF5604CCDF2c4b575238C5FBD23d,590318
0xBedeDC33206fbdF5923f882e85080a67C93E4597,590318
0xBee1707D6B44D4d52bfe19e41F8a828645437Aab,590318
0xBf0Cc3917b3fd004d649479148B6E67a936777C7,590318
0xBf0F18033950EF50570db1cfbA0AB2EB49d3b889,590318
0xBf0F1A907967cAbdDf946693155C71D174bFf7dE,590318
0xBf0c156c0C5D23A7d347443D270D3D49A158CC43,590318
0xBf2873394d1173c4A46291f40bfB84b1D367e395,590318
0xBf302a6430Ee16469E95C3B025D3583E2FCFf3B3,590318
0xBf38f6A526338398b761d83cd55D30Ae70517577,590318
0xBf43e1B48a9810264440Bd0cAAd4e7e55117Be1F,590318
0xBf53B4C72cCb766E536f2Ce8745f483128FFA108,590318
0xBf7B150DB97bFc350fC2702f155A4bD9a0E8e5E3,590318
0xBf810ea3CE238777ba649298aac7dAE41e5AdED9,590318
0xBf9AFFd17146Bc1F9131576aA4F25BDedd2b90E2,590318
0xBfB8B36f41c7859cc95BD16694dA1BdFdd27B377,590318
0xBfEDB88C4810074c34079358CD41F8D5C82A83ef,590318
0xBfF5639af6348690F5fc0B6A2dC307D36cfDcD95,590318
0xBfbd420cfAAf8325efda7a463E993B59a2b50Eec,590318
0xBfc106192Db377586e4Cc4B214Cfd78567C1Df33,590318
0xBfd2b23168cB02FB9A130fFcf5bF441D7517Cd5f,590318
0xBfff9C7Cc9b6055Eae3D1691Bb66B03b6b49d4C1,590318
0xC0088893FbE10CE05CFEfb16ca09b7a53636c8c9,590318
0xC00A5ce2A1c2000A70A655ABA84e87956a0f7361,590318
0xC00c45fc5E037d84046d2AE40A6d154E32Bd89cE,590318
0xC01016dce61eA1577551225D82377CaD575B0952,590318
0xC0146b106a90A1215552be29BAaF6F3b1701D3DD,590318
0xC02267aDD7Ce016d4E849e873feCD3A3986B84B4,590318
0xC0261b6c3d2bBA50B27B44Fd001E026ce76AD352,590318
0xC02bFC8c96477d82Ae78d3212b802C4bfC820F90,590318
0xC0340d88cB3102F1c6719e23fDD915F891Ea1078,590318
0xC035f22499c26a0B2C71A3dD155CD4b131540AAb,590318
0xC037280e50b852a94E2C91839AdE9B95d70587AE,590318
0xC03d8DB64dfe98ebFD94a84bc1f825CAB90EE15B,590318
0xC03e799bBd6E450ab88bFB5975Eb918c80A53b81,590318
0xC04451B848A142A26C420D542b259DE5C334836C,590318
0xC04689227Fa24785609B1174698DBe481437f1A3,590318
0xC04A91FDaeAa2811DD3485Cf1b4662aB5ce74060,590318
0xC06C7C6ec618DE992d597D8e347669EA44eDe2bc,590318
0xC071Cb8F8ee9F6f41303BC77415F7d9C4fCECAc6,590318
0xC0728f8a114a1D91fACAC917add0C55A24c6baf7,590318
0xC087195a816e1F247f1865189D76c6BE0AED9982,590318
0xC08b45925A4dd11426093c698D700b9023b4E3DD,590318
0xC08d0f77838e3468d1459D2f30aC9F21AC9dB949,590318
0xC0Ac2C1BD4B3126f10f1e819c60F2dF447b7b710,590318
0xC0B21E7322eF754AB3599F00F3F6Ff6eeDF94138,590318
0xC0BaFC6Dd13319fdDf3d721e99965B2f1fED512c,590318
0xC0Bc7bBc9AFA9B0577D10bd3eb636C8D3AB841d3,590318
0xC0C7A4627Fcdd79C6aeB1f408111Fb77a2318526,590318
0xC0CdbCD0B24361Df8A888E18D2A3cEDD4CEc948E,590318
0xC0F10a65533437b874FfE28D4831cFEDB87E3F93,590318
0xC0a25b15E77Add0Dc12e52E4e2f610498E2Aa869,590318
0xC0a600Dc50a2616C22Aad302d88f765C9b080261,590318
0xC0c01a094f80d770338dEFCE5917b63Dcee30775,590318
0xC0cCD28ABFE98e4c3a1cEFF7688484b3c08E463B,590318
0xC0d3C131F0AC592B558aEa718790A2eE07B866eA,590318
0xC0d47cF9A36d6E68183d7Efe59C5753d0049e303,590318
0xC0dD5c863802cf9E677d8e5cad0191938Ece6A3f,590318
0xC0de72A1B723452caCF35570db24fA13Ec8bC562,590318
0xC0f556d00399B231344dC90D1BeDcF55c1F23CC3,590318
0xC0fcBd3B56215c3aD44fCB2B13fAF24C452A6f27,590318
0xC0ffeEBABE5D496B2DDE509f9fa189C25cF29671,590318
0xC1056bDFE993340326D2efADaCFDFd6Fab5Eb13c,590318
0xC113baf9511983f4c6B84c26B6eA10E3f98c8411,590318
0xC11434ba6c0C170De6Ce7Ce4F30b9A63A1eF0751,590318
0xC1363078F7794cC450262D6b645feA623bb832A5,590318
0xC13B899fE2851fC333C10A111775B6ECbf49717E,590318
0xC148368D792937c649BcfE64CCf101dD6D7D77B4,590318
0xC14ef2C740B110a3BfC6C1D00A0DCED07e569eaD,590318
0xC1588238DE8F2E530979028B42B5D3800D3fdee4,590318
0xC15Ab8DD7DAeEa5F1aA3b56507CAc8A877E21b15,590318
0xC15D6E60323bd35c4B41d6eF8A42a60b52058576,590318
0xC1635015038Dd11df5729d39D434A639CA796761,590318
0xC16507a1A04B3dbE5a69E5D198036461767cC1Ef,590318
0xC166c74A106c58f9f1B58B28454E3629b4A37887,590318
0xC1697F5D6b215041ADA1cB7E862691dF5F867Db0,590318
0xC16f9C800e41F332aB07b663af6FD6E9857c4403,590318
0xC173965dB0530E96AE4A0fE26A8682241852DA19,590318
0xC175208F1c2b69e1D03EEE8570BF18c0efE58f4F,590318
0xC175A106c9B0F9cC96EBd4257317D8735661C670,590318
0xC177EFAEB3552C7cA175E591ec98B2c3EC200F43,590318
0xC18435c0b4489fECd92Ab46D60DE2Ad65f1BBD48,590318
0xC1993cA514cDee6939B81f1D1Dc76E490aed9E17,590318
0xC1A2Fc82E5a1FdA18671708F039114A3542B6354,590318
0xC1A864aC8622a18bA480c23BCcF716DF0124ab59,590318
0xC1B7f507b4d27f2c9E079951cC7A32749836329E,590318
0xC1CBFD0f49450878C074e3935554002201Db3235,590318
0xC1E42F862d202B4A0eD552c1145735EE088f6Ccf,590318
0xC1EB38e3dC2AF34393EB637785dc70948A065100,590318
0xC1FDB60CFB2FbbD6EDc9b445D9B508Da2dBF2c9b,590318
0xC1b01b47bA4C71ceb24DE3ab6BF782de7E0E6AfE,590318
0xC1bcBd822289b9A1ec3B3889388af903FE358349,590318
0xC1d7d33c5E91C768116466a33a222B8e7606D971,590318
0xC1e994999a16f5adeC00FFb7E042E1F31C98D96f,590318
0xC2050629d398FEB066E69fC35dec58D94CA101EC,590318
0xC213BFE098c51a79F90E6aA8b8e650792DC689F9,590318
0xC21A5ee89D306353e065a6dd5779470DE395DBaC,590318
0xC2240fDC38B25EF60Bac0e3Fc014c34dbB391887,590318
0xC22C8FCB98A4Cf3aB22cB8F246991B81F97c4875,590318
0xC23CdEEb8230361a7E678aC901579e5079fd8AE1,590318
0xC23DFA3ff637D157F41560a70E14392f475c71c5,590318
0xC23fc32f535ceC2dCF03dc3A6796921139e4042f,590318
0xC240108AAC08774c992A5B3D537516daAbdFe1cD,590318
0xC24d56EC4001d0b8C6423Db95336ec92e43AC72A,590318
0xC25647E7c37a3D730F9426A667C0b5D00AC74070,590318
0xC260BC80015f7Dfe8e2235FdF5e3F1476e78e71A,590318
0xC2675CdA4b4B6c3D8e8Dc687cE6d1c5417F62a97,590318
0xC26e8FEDB1d8BdbE892C536D2dfF48A2e0F69a27,590318
0xC272Ed09c636eDb6e858Fa8702C182406185F1af,590318
0xC2793AF7897eFdD190933c3B07fa8412E1417A6B,590318
0xC27A9E80E36afB45248626B4C679a4761Ba941A7,590318
0xC280322a56383465A8db7A733faE4716D0aA87E4,590318
0xC28770c72244A9b0D8f4C2c1eC78710B568eB7ba,590318
0xC288110210095A84789256FB9b7E30E5A37efb60,590318
0xC28Ff39E7C5519ba41E81e51a41dd21A062ae740,590318
0xC28bb6e48172653a047f3D3035876C1979BB8Ecc,590318
0xC296FE4e117e1c15e3b5793581E48254A1Fc759b,590318
0xC29cEA6b552fbf76DEe19905DD59aE87A9C0f089,590318
0xC2A4A8a9850835aCE529Fb60D6Bca42E81c21BB5,590318
0xC2B9469Bd19808641d219544731dCF186e015F60,590318
0xC2C00cB995CA2fe40cbe996618E091fAb0FEf39e,590318
0xC2C966815f30Ca9503C8aa9E71ca17C1880dF9cb,590318
0xC2D890b499820F63cB0f4A838E14dD6a69d9CC1E,590318
0xC2Fe2006191f3adf34874cd61b5A42222e8F4812,590318
0xC2b3CB204e96270D763c70C75ae1A77c739b0e6D,590318
0xC2b6ad2C6C4cdF39D66F4A7970130Df72fD901a7,590318
0xC2d659fc3534A3Ca17564630D73c7a527d7C346f,590318
0xC2d7E09e044b3b203e264BF955E50178210a2a18,590318
0xC2f094439cd1fC45af3e8a679984927AbAB0D3d9,590318
0xC2fa04bcc6CC40c1df95E93E4936A3815e3442cd,590318
0xC3048079040C993818021e955b62102094cd4d03,590318
0xC30D9eB1a3880009DC10F8342E90E8d788b0A7cf,590318
0xC311177Cbc5946eF588C1b7298def34DAAc43401,590318
0xC31326f9E9C7d54E24a1b0ce1674A356B8b31671,590318
0xC316FA2Ef880eaA62EA23fe222C1AE26C6b90b3B,590318
0xC31E85541c9969669c6fba04d7611c9F11319309,590318
0xC31d73905BB051e251434ee2d5DF9339b5AC4D20,590318
0xC3338Ee441a78C6bcBd03a5392e6894Fd24d5a41,590318
0xC34b63522e93eBA5B9C160d6D7D4F173bBfaB5d2,590318
0xC356a78EcA55fa1E05b58f2B064A3DDa3db27F3A,590318
0xC36D1402E913517E870F6E80AC7E587a7b35D697,590318
0xC375bD8E7b5E0D5d3D1c7A152449D11A6ffE0b81,590318
0xC37Ba887DA49efB6E35Df6FfFA41a74e0989055F,590318
0xC37b45a79707cFe3c62C149C2BDe33c0151aeebA,590318
0xC396e325afEF0E49d7712A223208c8440c1b9AfE,590318
0xC3971Ee8931609546542E2d12862290FDC6CE2EF,590318
0xC3A6ceB46088F049591C10458a15A7CE36448aFf,590318
0xC3A77E6AE2502c2a59B82cf832C37AB50E933B91,590318
0xC3C28F5c09990fE6B1b5958AC156fb26813cB27B,590318
0xC3CCcb69981db01E03b22d1F6b29f2E3fAd46033,590318
0xC3Cb6ac9148E2969dCFb882C64d6DCacBFA7c828,590318
0xC3E5A4AAFDAfb35390c5d5EDa00C58b2Aff6a34C,590318
0xC3b5533cFED62C10e8fc04AeCbD4BD09312841D0,590318
0xC3b6D9E4343f643EBfe1A7CC265c250Def997595,590318
0xC3dd71262D75ffa44001D2b420a4b031AAbbc53a,590318
0xC3edCBe0F93a6258c3933e86fFaA3bcF12F8D695,590318
0xC3f5B39beA6865010F6b7Bb59A43014257433137,590318
0xC4047cAa2B18045fB60D78d98f12520De3c1A9b2,590318
0xC40CA9847255A1b89ac50ee08555EC150A1e23A1,590318
0xC40CA9F98df05c7CF896D2425Bf0beC6fDA8B924,590318
0xC417873029f17842141F66D931A8f8520d9BAA5A,590318
0xC41a7FCf0b472d679Bfd114Ba548bE4f8b2CbC59,590318
0xC42008F4AaDc0b487F214d738fCdCea1D0488e9D,590318
0xC424280c1afBCf2c969C71Ca3f23cedEd1ADe153,590318
0xC42e6e2c95AF321565c4D803808C549069F3a725,590318
0xC43A8A2530dCf66F458f7531a8275752d60f7689,590318
0xC43CA99AF5B199F23dd430a56E13F8b7929E2675,590318
0xC43Ea5617a6b38b7560eDfB0474031a661d86BEC,590318
0xC44A4e007059a584306C7b61d4178A4113c2F073,590318
0xC44C1A12c03B884C67D2CBaFAa45D5550d336374,590318
0xC44fBdc0070024231544cF6D0d5C46396dee99A8,590318
0xC458F3944C98d19120AB2f7AFe8F8E1568628d3c,590318
0xC45E6FDD39CdDF124A40DF07df34eFeE8d3E8dc6,590318
0xC45e79F92661C799f6263E2CEd94e4b5E9439dc5,590318
0xC46dF52461D11d7d0113421c3B87e0Dda438403e,590318
0xC475c4579ECCbd4741F9A8Ca6a66bfe0E53F83d6,590318
0xC4798B79d22630CEE83B4eCb0Fd98cd5fF0fbb62,590318
0xC479cD1B16e322dd283D234D5d24ebcfa25f19ec,590318
0xC48109dEc9c4eaa3385e934CD7e5e5BFBF5D95eD,590318
0xC495ef51618D03267A1f227aFe5b27B38c748272,590318
0xC49830ADD09B7b13758537FA4e8Db73FA5Fd4bB4,590318
0xC49A789b74B35Fb145565C5a53E6F2F1C4102a3D,590318
0xC49b4CDAD2f7A578D2335ee2a64F31dbf2ffe3a4,590318
0xC49b6C714feaF22b12eB02A01521dAb6EDd1fCbd,590318
0xC4A6312A5d5af3C03D546fA287fA1F883b3DB749,590318
0xC4BB4c0333843032887d1A3139f4B075ad3aCA14,590318
0xC4D80Fbb52932ea650d258A4899055871F52f7Cd,590318
0xC4DEeC9268780F6104647f54CC2d863B222d557C,590318
0xC4Df5f2125151BFF3a6aA7328529eAE1B9d3cC31,590318
0xC4bfbAEfef924675176eA39068EEBD09bD9af85F,590318
0xC4d00EcAc29F7180c1BE4E78773BD06CaB7c1e3d,590318
0xC4f858A8FE8d53a7bA09eAD2BE1EC37648F43168,590318
0xC5052Df28c0aAfFE1f53A3B0E2164B304653f23d,590318
0xC508Da4522783b3B65233760b5001cF9FA0F2d3D,590318
0xC509E91456368c445e520D5BD14C8041664e0b02,590318
0xC50DD445A3ec252f210A55aB09f036D101169c3A,590318
0xC50FdE931575e79dF7345b0B784950Ff8ab85ac2,590318
0xC50d163d143C244B3DaFE84C9b58f1156EEEeEEE,590318
0xC513221115a72a807D8954ebf7c03e71C9D9F9EA,590318
0xC513FBDfDcB114719753f0950E2352A0e194e9aE,590318
0xC526E2387ed20EdAB146728e28618cAABabe0E21,590318
0xC5319D5263BB5eA1dF3627121d5011dC4486098F,590318
0xC53f05C76A74281f3Fa6960EB5103d36cA4E61CD,590318
0xC541BC01c71D83f10f42f5040094cdFfED5741b1,590318
0xC557570B47Bf25deD6c31Afc6E5aaA3eFfcD316d,590318
0xC557b1FFb48F984158B14EAb66D617D085643E70,590318
0xC55AD22750980606dE5DEAAFdC410f1E31Bb64F7,590318
0xC55C87bb1B62CB77Ff2c482c520f2B547335D406,590318
0xC562891a0bFF486CA1B7bD9Ce2f4c88fe64E6421,590318
0xC56422776cF25AdE60CA11097A01792561333373,590318
0xC5655450D4D738869D003B24b4dED842Cea5AF78,590318
0xC56725DE9274E17847db0E45c1DA36E46A7e197F,590318
0xC56d64c7511F051FFb2b5D6af6e1B14185B2163d,590318
0xC56e5517cC02Ed42e5580937D9a651bA64a63905,590318
0xC56e93c7D05C33799D2aee3D1B8eF840c514ee61,590318
0xC5751642FBb1eA6912cA5Ce57F3B7fEf1dE1d28a,590318
0xC5895ae1083e0cA616C73DCfE5F2682F3DE488AC,590318
0xC5DA53C648cAc83e862Fa8D3afE8DE7525EA15e3,590318
0xC5E27fA583E504eE908Ad5bD82caf707Df41A83d,590318
0xC5E2E540C05c6b46249d8b924C1971438B63F1f6,590318
0xC5E328DfeB77F60bfb614e915217477C0EaC0C42,590318
0xC5b0254F2f3c0f0EA40046F1ca185bc326E75450,590318
0xC5bD14c8E017f36b299B7C7efDC58D264596aB28,590318
0xC5c6b9CbAAd47E89487ef54Fc87D63F9bB06dFD8,590318
0xC5ce6FEa2D97622C00cE3FBF89AD4E90CA50Cbed,590318
0xC5f0E1caFBd4E4A489de6BC862987854614F659b,590318
0xC5f1AB3D110783AdE6C06E217E53EF8A9e9F8DDe,590318
0xC5fE800A3D92112473e4E811296F194DA7b26BA7,590318
0xC600298b2a067bDE7308Aa630f35D4AB11CeBC14,590318
0xC623E6E24BaeF5B3D853eF672f145aaa814afde2,590318
0xC62D48c480F749170468E87D61A62A9D937d7d9F,590318
0xC62efCBff42f9AEf31EA624F6DF16Ef4D6cECffb,590318
0xC635D159Dd97b69f1Aa19aCDaA260cABac4c383D,590318
0xC63789dec8F5c0930Ec2d4BD78B101fe7510e9C7,590318
0xC6379A8909935bdd3f6029e80b2141cb840e65a4,590318
0xC63848383CC7629bFCeDA8B1D5CfC0897b45dB92,590318
0xC64ef1c4c8f417657C6E20b367A6BB4aC4fCb6d3,590318
0xC650a103FBBaB6E1dD1c7620319E0967ce3d4Df9,590318
0xC652368B05a27dD70d135F636536714E2806bd9a,590318
0xC6579C593b34916fCC7F3f2750E8b56749bF0808,590318
0xC667891581280551ad01A0feeCE6b925D9C9Bb08,590318
0xC66BCB2B11530e35eb1c74d2A27a92C3AbC18b38,590318
0xC67e911fc6a503d4Eec2213609558D4F2A04CD21,590318
0xC680FA3BE4437dA0038Aeb10095B71161D43d2FC,590318
0xC68249ae9D63685b8c32202458a488D9a1111f56,590318
0xC68d47CeBBd3255E1f68ca953522f38F9B1E9B8E,590318
0xC693B4FFB338579467a541b2bF267B1955870920,590318
0xC69aE428f6049e78D445F053D2c1df879C59b34C,590318
0xC69aaF51A76832bc2d2d78FCfaC045F6e4701135,590318
0xC6AE6BB5fBfB0EdbbC8dFf194C1198F953cbb81f,590318
0xC6Aa79A22B08C794B25Dc58cb36F2250779CDF4f,590318
0xC6DfdDa028fdA4C9EbdbC77526b98382d0cc154A,590318
0xC6E3F5c30B20Fa8D24552fe79e7763900485c395,590318
0xC6EAb172204296CC1c57261E3847430308bD3486,590318
0xC6Eb3cB02b74771783C542FbB372967e1CbA31Ca,590318
0xC6a8e3aABFE721e46dB220f725f28Bf43b1826b1,590318
0xC6bbDFF5f45F39E5a6F3755ae3BaE050e11A0Caa,590318
0xC6cA7c3427AD6B7a06fbED6D18C394E540E31814,590318
0xC6cAaf025C30290843AC3A43F83A29AfE7e0f041,590318
0xC6e881515Ca4758e1DEE6d73E31Bc5c777697F62,590318
0xC6eA584c55119CED232eE398315Ef7bcd3332212,590318
0xC70D7342332eCF3c26F991FdBC85A8b8AB1A48bA,590318
0xC72E9C21b9C5C2085beB34dAd0a81f8927A5c5E9,590318
0xC72bea98BCB1ECc76083c41c75eEe8462Ab72bCE,590318
0xC73368A141D387C4496B23F65395bb0418BB0461,590318
0xC7415Edb9F49E0c12A08C397BAdbb0f8681b9eBC,590318
0xC7483653F69Fc9E252CE21F206cF935BEe9D8807,590318
0xC74D3ac91907Ec7c96278eE7583c7EaeEa6Cc4FF,590318
0xC7543eA4D94ec4A127dAE8FbE27924c4D3125127,590318
0xC757065aE8cd8163b98382b4A3284B80aedff6CD,590318
0xC75bD8cfF6E9f74447EBCBCE13d73F9762C88B21,590318
0xC76EaCf17BeFc91060AB61c9155b839644aECc1b,590318
0xC77930Dd1483c6A42aEbB142dA76Af27F7083543,590318
0xC77DC505dE1507B38AF4DA767680F122D4a00D8d,590318
0xC79Ef107CbcAad679e9913eE8D8d81346424622c,590318
0xC79a87EE20aE43Ce40C75D0489EBABE06A267315,590318
0xC7B599B75CDCCC094C5132eC6e2514AD893EC09c,590318
0xC7D49795e6Ebec65c8C80cBa58B9b384DD51bd77,590318
0xC7D82fa02F7eBAc96194Df5b2B83D0acf7844bF6,590318
0xC7EDc1F2EE5959E7796e5E7aE283586Df6107Ad4,590318
0xC7F1Ad366FBD25016970fACb9fb27992C44ccF36,590318
0xC7Fd34762a0f8ca73BD782C3Db629Bd569c924be,590318
0xC7b72Bb1aCDcE3eB45f9B38F43cD31e4927C725b,590318
0xC7bE722a0227511769E683C4Db5c511e8F38e2D8,590318
0xC7bd629C595AE70157E7891bB03738619f542f2A,590318
0xC7c7295fd4D70670DC9F53A1c732C8ce04D4E6B2,590318
0xC7e001d10E0e9984e927eBa566dc4B7616786B39,590318
0xC7f324cbf2764d0afC157BE31a458353bA4d0A40,590318
0xC7f5AADf597CE010F3452a670649D96129C3De15,590318
0xC7fc8E17cD95989Bf8d1c3e1dbD0aCDbAfce0708,590318
0xC80d244E6c6B25b94692A13288f340c8e4Eeca0b,590318
0xC810d737574648aF5aDE974094106848F7cC294F,590318
0xC8230da1B3CDac1Cd316F9A20234a20e35889561,590318
0xC8241aFFEbA546E39DD5a0C64bAA281e44BD82D4,590318
0xC82766959E19ee9Ac530d52f3817cffdB8d780F6,590318
0xC82AFf5cbdD794A1b5e3fb986c5Aca79D201b97F,590318
0xC8463b3EF9bCdf94fEf3179e29C6eAE54442C3B5,590318
0xC84839229a27b288c94323141A69Ea5b5560de7c,590318
0xC8569b19D7a2129B7AABB71D5f06C970EEd4f1d0,590318
0xC859849257566ECd2A7430d43edad0761f7cA3Ca,590318
0xC8611852A53cb8A4885485f07ab292da31008847,590318
0xC8734ff795feE8D0E7C75B79891A2913a120101f,590318
0xC87CB8CEa4426c87Fb53e9BD64e0530BDe1cef2b,590318
0xC8801F126A96CA5B29a0dB0bd49993c9E33100Ba,590318
0xC8836235F9216436c6b6Af284413fF58FA7999a1,590318
0xC88379a92da0576D590cfD67DF9497E79F458ee2,590318
0xC88B89929775A531E45EDfa68521F16Df8BeA601,590318
0xC88c659051d4F9193929eB0B26Ef1404881698A2,590318
0xC899A878409ab683efD6e8e16b5F7C9d13641E53,590318
0xC89CfB21B9c47aB2120164e99a3F3099ACFc91D5,590318
0xC89f25C5b90543E516eD3dB12b10bE49D45b1892,590318
0xC8AE4244bbA2331aE48fE8c5630B311455BF461C,590318
0xC8B850163463c5d83De49DF8408ef1D886D26197,590318
0xC8C5f219Ae9C38db45969A1a4FA495572950f11E,590318
0xC8D3C599704340E87752d131A5899528827639Fa,590318
0xC8D46eb7881975F9aE15216FeEBa2ff58E55803c,590318
0xC8D82Ee5129880cBad379547aEE069FCb241B9B8,590318
0xC8b4164b61EeC528835f3c28Ad18AD24fbb496eF,590318
0xC8b545e0Fd6ba494E557C1Dd1D3a7aF3d0e093E9,590318
0xC8bE8FE6d0788FE368F93A7A26dBd52D11deAdE1,590318
0xC8bdC440e2e0e44bBF71BB3D0E4f556d89a7E737,590318
0xC8fdffd70Ef2A32de010c4dD5D7EB8523352A576,590318
0xC902768EaedED9a4722a89516E2AFE6A986955B4,590318
0xC906FfA8aa7D1C8A880a8263F8a77741b9439e8C,590318
0xC9124a1aE1195DFf51dD757e1FFa4E5BA42a1DA1,590318
0xC91B41caBfecA199c6E2B84a9DA08d24f3853397,590318
0xC91bf91a7e9558dF736dAc6a9b4AB3EbBAec5052,590318
0xC92EAE9FD80A7D72EAf458f554E0cf2889A2f706,590318
0xC9483dc485CB9b389137a0f522D7F97D6b38dCD3,590318
0xC948454951290bbB83E6D56e6FEE5e9653750E7F,590318
0xC94B8DDd6e71147fc3c37F333E08b470FCb2111E,590318
0xC9508E4F2F511e107FEeE4b19B311Cd527ED16AF,590318
0xC955A3fd8597b107EF949998Cd7b0E3DA96c7E42,590318
0xC97d826b3F9f4E2c77F90621F53BD0ECb26C4D5A,590318
0xC9909df08b4Fd56aBD998b2C3abFF54Af0C9378b,590318
0xC99a2fbDA9cA0Cb8b298365f9c56387Eb2aed9d5,590318
0xC9A4ddBc437d2Dd5ea8a69b1d803122818a39A0A,590318
0xC9B10AE6E0e2e9421F44A777c32935d05B3ddE5b,590318
0xC9B6dB267D333f173c55523f7BD873888c096B59,590318
0xC9D1708BeE78944F5c45E301405C1d34ca866FA6,590318
0xC9D7598aB32Ef4aD4BF70a5ae926b669dB96a0EE,590318
0xC9DB84cB67f457E2f81Dd752877bdCAD72517167,590318
0xC9DB86EEdD2479D2CFfF0c1085E52054Cf271178,590318
0xC9F68d94B84b4A6764cb47f6Dd499084606D9c33,590318
0xC9ba9d6CBC7c1762372993Cc85C4Ee2D95912C86,590318
0xC9c060E2b4D3458EB93CFC2DCA56Ba72FDbAA608,590318
0xC9d42aFC4F867C4C3F28e78aE50e65001998F5E9,590318
0xC9dA981677FdeA61eBF32D867139eD18242F942d,590318
0xC9e4A15B6795a0cF97206218B52e20d78bc13145,590318
0xC9eD8D544aC3AbDbA4EE464F214d7625bA5b192c,590318
0xC9f0f30340b0CCD46486d9797ec2c9efFF85ca96,590318
0xCA0073964efe7f9422CeB16901018b1DB0cC4785,590318
0xCA360508feEa911aa1A8DFce1f4e5041C3eA9d56,590318
0xCA38fE4F3abbb1E746C9571e399C646f15B839ad,590318
0xCA45cf68E7edff40938c4aB73BF1980fe9Da11f3,590318
0xCA47a6a7EE3965bA823993922bF730c15Ac250ea,590318
0xCAAB13aE7923F7258Ba7DC977511319317Fba857,590318
0xCABf12B9D07d5cB30bbF659EEB7921a15E55217d,590318
0xCAD2EaDA97Ad393584Fe84A5cCA1ef3093E45ae4,590318
0xCAD98e068b061843d19F8BcE7ac0012ea1FA9A32,590318
0xCAF51e91E15180Bd7E01c45DcB49d72487C791DA,590318
0xCAc3bFE014Ee049d2EeEc30c7A396A29b1FE1349,590318
0xCAfc58De1E6A071790eFbB6B83b35397023E1544,590318
0xCAfd3A28E75308bcb81191b0F12DB49aa31828b0,590318
0xCAfdB729DA362bA6aBF0583B291f575E892497Eb,590318
0xCB0eED21D8dF8A8a6F17D5Bca243289603F4A328,590318
0xCB12f0c677e1E673E1DED335650235cC4c51A526,590318
0xCB1f9a9F745029998258A0046C942a7F42b75a67,590318
0xCB280eF5F90153aE4d2139DfDa699C1D8840EE7a,590318
0xCB3570997976DA32FfB14f4c36724038A2193563,590318
0xCB365720Ed027e459ba230c99a8213AAa6DFB71a,590318
0xCB53a818042Db647cb01672751B0E4efCa29cF55,590318
0xCB6222f4Df04385ea08E8DA2A5871131FF5F6cBA,590318
0xCB79704112DB7c2de9Db08b7eDCcCAeEB7E96237,590318
0xCB80Ad07140D67d41bEE1394eCcE54Eb72932BD9,590318
0xCB895Dfa8808d0c5A900ced39Da485DdC0bF31E9,590318
0xCB8e8Dae18eE1CbA7d827Fc96592aD33Bae6a777,590318
0xCB9A13b8e51Ff8b2AC131Cf7DB1aFce65CbD2286,590318
0xCBC2B62a0F1F92469F9662bC429393E6df671Fa8,590318
0xCBDAE473e81AEE5A8797BE8d6B7C8448D545ef88,590318
0xCBF7e0e51AFD93d310B6b99f3B66E4Cb566bDcDA,590318
0xCBb54Eda2048b57d1b0Afb19a73948E9D58B6973,590318
0xCC2A1e3Cd30f343858b75ac0270a48884a42fc46,590318
0xCC2B41369ad6D07bC1b6d3Fb9A8cc7cf80E50dde,590318
0xCC2a75A68F255aC4708e3F662719852aE1acb371,590318
0xCC32894badCB3ec16e9bDaa710bEaD1AE76f2489,590318
0xCC39Cbb956fb1619226C6351FFAB568E16F7f306,590318
0xCC3a381Fee44DA0f999221CdbBB870981e6cB379,590318
0xCC4343bD5dE7649bA9d0d41FC77329aD3dBcfe0C,590318
0xCC66ed071bAf0110BF900751f45AC64AFc7b0743,590318
0xCC6BAcC41129F21e5aCf715dCACa233798f2B598,590318
0xCC77AC3DE5195035acDF430c7F86D8df3724063b,590318
0xCC92d0bE1b1919D23cfd291B88153C31b2Bc193B,590318
0xCC97Ceaf189D204334B8003f942a67b5d1F72046,590318
0xCC9bB99b715315F028EB15383c77e91bEF98a3F6,590318
0xCCA05C5B942F481c74983589D9A12f5a401D8aDC,590318
0xCCE30b49D0f3285d41034bF64dC1363cbE2F9d9b,590318
0xCCEfA6cC02EEf6334AdE9439D539eee9997a9c37,590318
0xCCF7ed7a2f702c883Cf496abf8506dDC055D3df6,590318
0xCCb80763b932d03A6c5F0C4877f54B9992cB9Ed4,590318
0xCCc652Df3C56a66eD7A7C9bE2d32825a7228A270,590318
0xCCf6Ca5aea2E6a7D0aeBa739128a9Ea9F49aBb4E,590318
0xCD20BCd68b88449de2a7324943A6dBaE04c0D750,590318
0xCD24cd70c56989AD74DC22d67eC5005a1863398a,590318
0xCD3B29e0E8825A1B175c9074Db65228C91D4E9C9,590318
0xCD3bf46aBB9359F1a07dE4c247097a0F5A8E2FF0,590318
0xCD4873931DbD9928866bac81a76930Cfac3Cb77d,590318
0xCD4e57d37cc83b43d2718088a551674375292FFC,590318
0xCD6fd7bBf3625443801F9C13Ca5cd0e10aBfc8e6,590318
0xCD73f7E21791328D34e22860f60737C3fD8E72B9,590318
0xCD7F1f5470D11eA032422CdA6fFF014694185b95,590318
0xCD7f6b72049C3b54416f9F26392cB271e74ca3FD,590318
0xCD8bDED162B7F8BDcE0da82F133bD75bbeF76835,590318
0xCDB03744dea25519e7E490164016c724FC657dF6,590318
0xCDB94483FD83aF0E756ceee48FfF3A96934303aB,590318
0xCDD99ee657A33b1DA6802F4117D7e5cB2FFA5d79,590318
0xCDFCb06D537F2513c99eaa3B33F9eA6e0D4311Ab,590318
0xCDeC56E72aA877D91cA1658aeD77b95092e7c204,590318
0xCDeF04cf375A00DCC0C9E3d1Cb6E455a2562aF0b,590318
0xCE1370ee52d458d698C21adc4c496A0604f2B23f,590318
0xCE2377A03f95dc573790363c465996a7EBc53258,590318
0xCE26927395cea1E6acdCbC5cBC1B0d2775437171,590318
0xCE60D37D9CD1E1f1DFd7a66793B0e8DeCc1E092d,590318
0xCE8f349bdEa4cc3dF37f9cD3Ddc2c84aBf0Dad3F,590318
0xCE9b28Af310e3f1B85880d6ee6681789a0ABF11F,590318
0xCEA263c3658A172c4e769C7b0a21D7Fb6dCfbBa5,590318
0xCEC1C1F5E36D05187ccdB68B29bD38D63550cbAD,590318
0xCEc03755ef910b3d253EC83C4b1B48cf3D03F936,590318
0xCEe896CAab8f4e0b8754324e9aa2c10D5A8A943e,590318
0xCF25a0f8Abde8E82a78540d33384ECF1bD80c8e4,590318
0xCF3F1747E9F1F8fdB7F7ff9249fE63e9043837fB,590318
0xCF3eDeC8EA64a492898312d29002cDf967EE0b99,590318
0xCF43204Ab9EB728b7101471c8Bf68dA79E5441C6,590318
0xCF4873fDb94E41ADb8C1E52a7CA38f8362Fdd6bB,590318
0xCF5B1A687fA65363dF71b0228c0A03F38b8fCdF0,590318
0xCF70a338573F4FE2Ad7e9d12c45377A1b9923292,590318
0xCF803a49F6E37B92A4040e397B976939dc5d9841,590318
0xCFA8a9432add4305F3D7e4e514cf110b054AAB7b,590318
0xCFBB55FCB05534E21F3a87a095C2dbD3dF6bFCd7,590318
0xCFBbf5c2140d65b3d763Abe925ef36d6271FC323,590318
0xCFC36d000Ef5f72d212bBEb6c847A9a78d9B169b,590318
0xCFEB38c72977FA0E2AC31BC80763a2A37AbB61Fe,590318
0xCFEefe744f867F45F3a324A73CaDBDA1fA309f91,590318
0xCFFE08BDf20918007f8Ab268C32f8756494fC8D8,590318
0xCFFbda2841Ef95DF3e977982eCc55429B8D82eB5,590318
0xCFc9E5258A8773cEa0440077779a17096A045BF2,590318
0xCFe78B708ED75806fCa5Efc34243baDE71ab9927,590318
0xCa077a26544657B08508E1F02236fC10bAc86bf3,590318
0xCa099674B38455A02FBeE45f8Cd3B8b2175954Ef,590318
0xCa162AAcd82C12aB869403b358503124dC093418,590318
0xCa1F6C4E55B40573a17A6A8440405c82ECE0D07C,590318
0xCa23BaBabD5f9BdAEa7E08c5C758C8B33454ecef,590318
0xCa2cEa8ac64609a221AA69D10889eBC7F90e4C0b,590318
0xCa3f7227999B7B59b7263987E168C6288f0915b4,590318
0xCa41A5FccF73D0793BdF8657ED4010ec40F10F2C,590318
0xCa56c263Fd892F76679661dbc2a1Aa93BfFB4028,590318
0xCa695144Ed80D2E5F10C8938c08dfFbf2516a170,590318
0xCa71bfC3f2dCF50f7a6e978B3c9B8514875Ee605,590318
0xCa71fC13f55310b55b8A94B6A6b3F4a06c3549b0,590318
0xCa81af01EF6C842a9c0fA1624A4D5A1a21C7A5c3,590318
0xCa8c4023c151aB0CF625671c5c3C9edd480b0534,590318
0xCa90D43A2F3B9E9B356dd0877ACED3dF05296D60,590318
0xCa9aE7de98E79950982b3C750392f688Ac65021c,590318
0xCa9ba74eE20917211ef646AC51ACcc287F27538b,590318
0xCaBE7DdB088e47bf4291b42AffB8fa261b75500A,590318
0xCaC77410818792310f090dF9fb084c5eac037146,590318
0xCaD3bd1e70785631E8A1B9233551F7681c02fc02,590318
0xCaDceD6898d5D2c0099f7DaC9cF1E96bcac328F1,590318
0xCaE4CcfE670F8C2a4999f9dfaF44625110fce9E5,590318
0xCaF76ca5cF79510F7928EEE79EfEB92372957c10,590318
0xCaaB94e230684c97475e0A1D73001bCf3F842B2C,590318
0xCac18D0149dab0ff6b13e1a8f23eFA8f0ABaB1f2,590318
0xCac6c4a5a8c4BD182bE589f24bBCFB850527010e,590318
0xCade285bDD433cbAf92854914C65280a514E3882,590318
0xCae3eB6537F4B5E06f770BccF935e15f6C92f3eD,590318
0xCafd0Ae130292dCf7D7F5b4AA8a5C6670Ff70383,590318
0xCb09Ab3F6254437d225Ed3CABEBe0949782E2372,590318
0xCb184eEFD86DBAf48256EB5C05622b65E2fF61D2,590318
0xCb1875A9A81C553402fB4F88C49C2b3Cb51831AC,590318
0xCb1eBFF2CfbC1e297f5A6f796DDf7d4f814A305c,590318
0xCb267B5e4481119A6332249cc0fb19E2568cD8e8,590318
0xCb2ae1f694a8250925207F425473cc8fd06E7597,590318
0xCb39f9322B21150833303453ec20aaBeF0817f90,590318
0xCb39ff17ee0cD50ABfb9088D79c689860cc44896,590318
0xCb3D5e7eEb51962AD619b2b32a46b4C0b05A2bf2,590318
0xCb4DA70932798443faAB11A29fc8695d9ABBEE53,590318
0xCb4c0575AA345316b33155979c2dDe38DAB43a04,590318
0xCb5BCC84741b379BFa0968b841C5de1fC9240CBd,590318
0xCb6D561FC06F4487d1FD3A5eC96C66C5FdEE3d27,590318
0xCb911F7418C12A884B49fc7Ab27618F66c92aD09,590318
0xCb915dCa399d7c4Fe92B17466571883D6FC34311,590318
0xCbA78F9C9e42E85486e74Be5D0EA324d4279fD06,590318
0xCbB28523892a7b0E53927569108e6281C7A26A01,590318
0xCbB74E8eAbCD36B160D1fC3BEd7bc6E52D327632,590318
0xCbD0F8414C4AcE06D8Df30aA5CFAAEF0328955fa,590318
0xCbE80A330F5221ac28392933BdeE65f1F2dAb834,590318
0xCbE8518371e824D60cf03650470EDb3F6dd99F27,590318
0xCba853eCa75bc8318811AFD8211958fBD92a4f19,590318
0xCbc2373A42a28160656BFBf53E4A1F267d59bBeA,590318
0xCbcC5CCc079C3A4Cea3CaD0caB16b4FeF36593d5,590318
0xCbf1Aa7d699954c1bd15cA0caabeE93CAa996Bef,590318
0xCbfCF418CbAAaBf410496A903B9FD56bf125A0f1,590318
0xCc3eF092F82Ec838dD70bD97AD1f1FE8d1B8FDFd,590318
0xCc5370516E8580E1296a42852FdEB37615398602,590318
0xCc5B1feF95f632c4A25f95ad88bFe12f928D04cB,590318
0xCc5e3080C2410c2bD661137baF1412B1B105Bcc9,590318
0xCc6b869bB0576Bf94090C52ca0E5b3474B2371Ab,590318
0xCc7842f66fa9a8ab6920854EC3DB9517aAD9BbcE,590318
0xCc7f2b1DC63b43FcF2dD4272Bc6B4c575141CEBa,590318
0xCc87EeD881db328995C01D7d1B95306e43c1ed0e,590318
0xCc8c3176C69e8cbb60903cFC91Afd383eB6739d7,590318
0xCc8dd60a8cD21205D077a6feB43c9bc9Ed70Fa18,590318
0xCc9ECC161B29C82269cD92A5DC2d6AD88c7Ff30b,590318
0xCcCB1171eE537a5407BaA8015Ca03F6d799aBCc2,590318
0xCcD7569F3197cd74116D01433E6e7673b6dcF30F,590318
0xCcb780b8603b9f7e5DE55a1e8ec53Cf4Dc9E2a55,590318
0xCcf6c390980c1E7f88DF55654b6cF05198E6D8b1,590318
0xCcfddca41fc0D8cf6106313201ab2Ed829D60867,590318
0xCd01Bd317df6419Af020eEb43E58D7D0c7C48F29,590318
0xCd078226faBfbC91e28474c4FE1d290E955b370f,590318
0xCd1C234E7F63e311Eee60F9Ffe2c6a706f70f8c4,590318
0xCd3D98d28617B919aeF45a88ba33B97b76f43d16,590318
0xCd64B6d4FDB7129b0f4890DbA53b6aeeeAB06e92,590318
0xCd8f56c841e5253667e9318C9B1A82462622B918,590318
0xCdA966Be044682d3933c9a66Fdb940624B41A769,590318
0xCdAC318A6fb5B34Cbc97BD5A3286e18866Fa62e9,590318
0xCdB0C8d309DEffC90cBb5d7a46dE07139f5aEE08,590318
0xCdD256Fb61fC23f3E6A399F25f34c640481C8b0A,590318
0xCdEAD28395E5744888fc3344e94f3e746223E3bA,590318
0xCdaDC8a37A594b21bd89C7c8c524D0609A35Dc60,590318
0xCdd60e7B7ADe44053a67349A6E856c0aE33d2B91,590318
0xCdf3747461aeBdC2ed347d7022F3aec607316584,590318
0xCe012e3B7B3D59A51Db0763d0B96a4f5B116286F,590318
0xCe0cA611d0d031D26a3Cc15C397C1C179535a189,590318
0xCe1768475221E14f623B4353b0C4E80B4e2a87Cd,590318
0xCe1C2f3F8207B9379D33F05d36d1940082b23f7E,590318
0xCe3f659Dd12b85CadD256BA9A3C5E42DCAe46404,590318
0xCe413eca8833033e73c85db11E20cD15323Cac49,590318
0xCe4f81Ab4c6a6a8B75228F4a70699423B8f49228,590318
0xCe5923150EDc939CBB46Ed7bab5707e2a92502D5,590318
0xCe659060A18bd1a93A579eFE387da35720c6570e,590318
0xCe6B1bb435b55ACD865923D5f92Ca70796139BE5,590318
0xCe8fDFA1dDad65878dC1E5C65BA490666C07D82a,590318
0xCeEbc4CF5421984b78c0Df39CDd29493cF99d3E3,590318
0xCea458EF8d2Cb23A47443cCe3eeb1f20492669C5,590318
0xCed34c803F394dCa295a2641c31C7Fd01b60ffaD,590318
0xCed69B1C8AD405855d79BAEecf77788BA20227fB,590318
0xCedd786e308c7c91410D80e684516bcFD6ED8125,590318
0xCeeC48581B3145a575508719f45da07dc57fA7ce,590318
0xCeeCeeD4013547BB9e788196d7dBfB7C11A08DF6,590318
0xCf058d1296848A97A89884C448bD741e905A6a29,590318
0xCf1A2cD346b55B7Ba11c43af34c34BeD1c6b7c51,590318
0xCf25594b929626a519B787B347556556E5BF3B57,590318
0xCf303B88667f5DA7031C7c84e9CF2195e1482220,590318
0xCf3b8981AbAa56a8E41117b0c721C05F608400A7,590318
0xCf4d3A443Cc321863Fa97aF6F5b03BBDe0AbD6f9,590318
0xCf529057da609DA2dc40261f3E971123067e7e7C,590318
0xCf563A9F2bB762Ff34cA7d3B9A0179dCcB6ddD42,590318
0xCf5a93Cd0389Fc069576849C82bbbF1Af845f2A4,590318
0xCf6421Af34967512f75a3A9Edc21c0c0aA80bB2e,590318
0xCf686Db8B3b682688EFE2E8861C03628A2fA5F5D,590318
0xCf72cf5bA25A1152F81597fb8AC2113591986BfF,590318
0xCf735af12918891bf630528034430A36Ec2849Aa,590318
0xCf75cA3ea7b2B95951B3A041d29Ff22c863eC3DE,590318
0xCf771869984320982e06c35a9191B74d7407E52e,590318
0xCf780b8887ffCd1Fa75e2E8bc47E08d3f0FEa7dF,590318
0xCf7A9f1DE835a691f969B76e6eb4842BFaA7Fe10,590318
0xCf8fcb37b7E4Af7E2F79A6ff813B4d899Ae70bDc,590318
0xCfA574e68Ca080BE2b46DE822EBFBbC22a397B95,590318
0xCfBdf4D16b8217F6D01A7613C53658f31d987f0A,590318
0xCfC4c95591E75B59baE85B7274F9B7622d2D91F9,590318
0xCfa51710391B7EF2418C2AFDe57aa1657C8D6281,590318
0xCfea8e38ad74AB181C20988166b8d74f8dA22ef9,590318
0xCff0e91cA548C75619E6FD0dFA8C8b6FDeA62801,590318
0xCffc60228E1A8Aa7C631101eb82Fa94981621Cbf,590318
0xD0072eD875C581C877AC04DF702AEB0e4F7256e6,590318
0xD00e7192187e7bF1d2A5D87b555a6Df3E3DFf1FE,590318
0xD010a3c83F869Ed952F995e8ab43AB127847271b,590318
0xD011234F584d278C716dc306015d6Dc7ffA4C539,590318
0xD013A8079B138f2806c05e4A86bfb8112A5BCe2c,590318
0xD023f6D62a82396DdD5171450c432E589db775B9,590318
0xD028BaBBdC15949aAA35587f95F9E96c7d49417D,590318
0xD028e3b3a404f4260DA17b5D64Ba2AF45a6d1670,590318
0xD036d0c465d8361f7f778Cc9A958c1f4ad741615,590318
0xD037f4Dcfb570cB0BD993D568a64FcA3c7bA9393,590318
0xD03EbFedA08D3d4A721D8f2c7926Ee1ef7BA7b30,590318
0xD03dA4452BF9478C67a54c56d46678D55a8D9483,590318
0xD041Ac3A14984725FCf0E12c9Bec779113b80CeD,590318
0xD04dD0194eB5b7246D83BE5fC5D7464d5faBaCb2,590318
0xD0640FcB1eF5ac385B57701C5Ef7030331C8D80B,590318
0xD066AB32AA8F22D62422ecC4Af3Bb82f25016357,590318
0xD080FA8D8adAB0767E46E5270112a15cD2810bf9,590318
0xD086F8A2BFd2c5b4A3CDcD33C8792Ce468F4f084,590318
0xD09e22250590eb71D758102E2658D947987D3750,590318
0xD0A81bcf05d2A03f909d716D392fa1eb8dDB4E40,590318
0xD0B10449753930dD130E9275c03cfE4DE1cfc7F6,590318
0xD0BA3E21928c061E912Bf3c7e67eE9588c04e238,590318
0xD0C231A8DEC99bA56fC2F58C0785557FDAf4059E,590318
0xD0Ca03f1922f2B19f5cD6760941527016b96d60f,590318
0xD0D63B6c7Cd0b367D549E3cdB4189ca8b5217c79,590318
0xD0bCA41B529ce2508cEC4DA77720783ccd2bE921,590318
0xD0d20dFdc1aDfCeED388a5b4866aA8a988A5F3Ff,590318
0xD0d56D9B522677605Af6AE771203d3216916304D,590318
0xD0d69fc318B2E139c21B1B1DfdCb39260823d31f,590318
0xD0e72c1B2eb87e3DC0445b7f689CaDcFc872b293,590318
0xD0eBAFA030e0b5f8b4b821e4167bbfC081787385,590318
0xD0f7fBf89106aB6Eda8b3CbcA65C085fcCb87209,590318
0xD0fddC3FB119D885163b766fD6b9910ce6E6f1b4,590318
0xD10Fd0E8844032Fb1dC7dE772a837c053De0aF74,590318
0xD117845664C099c85496aE09C971C6Ee35360537,590318
0xD122A2B2B15917DD33dBa5Ed2CC685B5fabb0Ea1,590318
0xD1336320500192921f0A6bD78fbe8eB1254F092f,590318
0xD1444D8911bBDBBDDf22C351cAD82B418545E8D7,590318
0xD157D6f9f904879D44D59bDa39503Da7E6BFa20a,590318
0xD1683c14b12c36163f8729FF976F94772adB45fb,590318
0xD168dB8c7c20785d65d28412459580F2aAE4B302,590318
0xD18250A6e7359571D9Db88541B1eF99E3460759D,590318
0xD184eF9359AF919f2235E723138a692A155cc8dB,590318
0xD18c69Db84660901Bd2D55e12d6826c1BA9bf232,590318
0xD1A9072e69a26637F99A3B26e2017E25EbF722AE,590318
0xD1Abe5DB14d073883f2084c2aF105652102BDefc,590318
0xD1D0F46A744356e8C0526b32F4088b411d4723B6,590318
0xD1a89d4F178D9b391c6159500155F3A9aFe929f4,590318
0xD1f8b7F8A300Ca4bC8fA162ded95B7d25894f190,590318
0xD2002a000A05B5e81766fEA8Cf560EaD0b93E68F,590318
0xD20541944D8B0581F17c198329851C24721abDFF,590318
0xD20Ce27F650598c2d790714B4f6a7222B8dDcE22,590318
0xD2187Eca65CD59Ba0e1979f3b1170B55869e2Eb8,590318
0xD21d5c5A6432c4635e84F9f45Aab5E34717feF86,590318
0xD221734b9aDd3699E8cC7a790FB18ED967ba95D5,590318
0xD22A6DeED0078826fa21A86eAC72630b03f6B325,590318
0xD22d09ce61E9a1058E7B6a921DF626A979591F67,590318
0xD230aDa57417C283da099f02b8dA477712e6bDc4,590318
0xD2326616b28222c907478aaf59Fb00c3E28CE086,590318
0xD23CF34E12bA29A65F716289273B808D8F53fb55,590318
0xD2401C085224989FcCF39708CF9c057913f70596,590318
0xD2451d232e8856bE3D6E036339c8E06C356e0C82,590318
0xD248d2f09bFbe04e67fC7Fea08828D6AD6d95B6D,590318
0xD266d61ac22C2a2Ac2Dd832e79c14EA152c998D6,590318
0xD269174b5893f34A0D2bdcE07cD1AFB0f005590A,590318
0xD269d259e70370973E71cc592af2460b97C19454,590318
0xD26F684f0dA0E85C51eFcF1138A5E43506f19b83,590318
0xD274D2F613758484D07A8655dA80F0D4323046a0,590318
0xD27D0ac8f937ED54dF26b432d11f4465b8705F29,590318
0xD283AC6b8dD58CDE7EdE41002219D976115Dca36,590318
0xD28a9fb4c656b815bfA452d089673A7735ee2124,590318
0xD2AEC9eC398837231316d16Ceb90b75BdeBf73ad,590318
0xD2B5630e222C1EE547f19edaaAc56a35B4a2c362,590318
0xD2C4077fBFEE2191B9d955BFaEC12385d1727F84,590318
0xD2D036578355f154cd946FA83788Cb5f586E3b42,590318
0xD2D4867b8886C0cfC3DE5CcD5203EC66C6183764,590318
0xD2Ef10da66727627C68bEd148e881C923C1baA77,590318
0xD2F9D4adB887b3Cd623Be3FCD8ff2cA153fc6a63,590318
0xD2aDEe3Cce690a7Af928210342B86a965548f526,590318
0xD2bf42DAfCb1A8Ae5fe28ea8405d95e3d3fe99E4,590318
0xD2caE776cE70b18ebE9965c27D305AE72B4EA57D,590318
0xD2cca5b2fa2eb8722e5454fd6841Ca25402fF4F7,590318
0xD2d8E34Fa5BafA8E7903baBEf5fD9101Df45CE04,590318
0xD2f43eF1717fE4F89F4547537e9a3fa9A0C371d3,590318
0xD30461Ef61512604a6938EA6Ab127DE9498ec1D3,590318
0xD3049111a7Ef43AE6E72926DBC65d559420CA7FF,590318
0xD3091701B3627065be886b3E7888Be12F9209295,590318
0xD3121803c5f52249eB8A11D6a47FC7513Bd312eD,590318
0xD31FA1a300E55aE8b63F6AdEB0Ae92aAD5023d79,590318
0xD33A0f908d3F88f19F20840C12BFa47537BB3555,590318
0xD342bf7045863EE2ba9637eEef2604aeAadB6BF1,590318
0xD34B37AD466794a51e1F185a60094E37B231017D,590318
0xD35940c801c674bd0b07771527C8A93213461122,590318
0xD35c0bb7fdb385b1595fA85395eb75376C2903d1,590318
0xD360EcB91406717Ad13C4fae757b69B417E2Af6b,590318
0xD362D2c4d885ce6A83dfa23FE2A5ac0AC8B4805a,590318
0xD3802dcE7F7A54d59E7a64329d287624FF3F495a,590318
0xD381dD1FCb52AE85Faa6A92B279188D378dFfBb1,590318
0xD3840aa1c596C31019Ed1Bba2001Ed304E1952c4,590318
0xD385e156037Fb243A00152ce8370279030e7F3A3,590318
0xD387A6E4e84a6C86bd90C158C6028A58CC8Ac459,590318
0xD39255C361B5f5eCd64569c07a91B457E529ED5a,590318
0xD39AA8158E6d493F0d76Ed37BB4b9185Fcc2FB05,590318
0xD3C82146645bFde732268eD29f1626730f646aeC,590318
0xD3Ce0c08787C4e470fa864Db485E6125f24122D1,590318
0xD3D5Be118af157A885bb4fCC3E00A458F79d0962,590318
0xD3D77815d31712Faa533161325cEBAd1F185327d,590318
0xD3E2B7c68A9bF6567B5C12165E0520876164e0c2,590318
0xD3F2448156c429816490bC71989BB8Bd5F5E2FDD,590318
0xD3b888Fb25db9e3eECA44C202388b749c390d835,590318
0xD3f0A7479cdfED24427F332F06D150608c41BD70,590318
0xD3f7F60461cf00c61815c92D6B302FE6f957bd65,590318
0xD400ab6f416C9437C22c8b9a44854973d4f0C0ef,590318
0xD400dcF25Ffe1335FFa0f8b8C269E17eC51Ba2b4,590318
0xD415D2F890bFf9b238Aa4Fc893F6A254F06Cb4D9,590318
0xD415f2d6EE092dc0385842eA4a1B22aE63a50c0D,590318
0xD421BB1fbAF4017B8165B4c16099D04622C96921,590318
0xD425333DD22B049f143522e519a06462c633F37a,590318
0xD429660F3f09499dd6F0a0D574094ca4e096cB95,590318
0xD42995F09A5Add6fc2800196dB52e09cE2F96603,590318
0xD432418D21FD239D478cFA2AB5bc7341A45e94c9,590318
0xD43D3789ace2452C19ba0Cf97A8B5bF9c7cbD7dD,590318
0xD43E5ac2c83b7b4a37Fa441A88d90D60cf54FD2d,590318
0xD449b18C46fb5A773D747Ed65F7235bD51a384e6,590318
0xD44CC0980d4C04718b460BCa851834F103d25F81,590318
0xD45005C45b8b6cBF642CB480A87e2C9e412B724E,590318
0xD45f5d08BC9214B8231114ECb4C4db63A7708fF2,590318
0xD4627fD6840D8CBe44e39521D39a637191cfAf02,590318
0xD46f8a65A3b72Bf407aD4C7ac6028Af1120360F6,590318
0xD471dEC25772496F299572e4cF875ECdEA8DD0E6,590318
0xD472D2171CC42846ecE5FCA08239265Ff0b8deF2,590318
0xD481070E6d9834b903125b89093e3B922dD869a7,590318
0xD48d0205D58F6efC0F5b497D10F001ea129B62B1,590318
0xD490fB07E3502A2284afB996F944E71E5b7b244e,590318
0xD491E849e7cfC69f4bFfbE99d3F453C4528c3C73,590318
0xD497Ed50BE7A80788898956f9a2677eDa71D027E,590318
0xD49A8EC0338878cd7D4b7d12ACC5860F609fAa29,590318
0xD4AfB507E33E04E475B51E59fF129873DAAFD1ab,590318
0xD4BfF2b92a51355d6b2B3F6c399aAB5C87314e66,590318
0xD4C32a3A6c1900cDB821DCD5a6105F6D0715c93F,590318
0xD4C5211966074126b8F932596A26a34e5AE31d45,590318
0xD4CC2Ea1aFfa28c2290Bd7B29524f46E848dAf9A,590318
0xD4E2eDfF3fc0271f22588F154C2484F5217C03b5,590318
0xD4E3229e444Da9A3FF33f0Aec294149Ea614d7ca,590318
0xD4Ea8dFbAB7113b061080272b09e08616b7A28e8,590318
0xD4F153e449dB29f78ECcf6e375eDFb85A6f48d13,590318
0xD4FF57bcC40f3AaE8c4d21289E9a63a2a4622851,590318
0xD4aea82cc979E1dac1733949FBa7327c27b11960,590318
0xD4c6325Bc524bE5F9cD4A934A4e163F41f061aEA,590318
0xD4d065624F7d0f2B67f454903bC7aD24D65D1d0E,590318
0xD4d6af5b797A2B1e7285505AA881132E4B38d06F,590318
0xD4dA57Adf92c9020af0ee5e2787d013a6da4780A,590318
0xD4eAE7EA7263C7C8BF27210724CbdC66bf8181bC,590318
0xD4fb8777b51fcF2aB468619E97b27FD49E672fC0,590318
0xD52F0bBb47d9547dC6c2CAE3b88F80e6c9d22120,590318
0xD5385acE9fbB4835237662111193Fe9B8C99418A,590318
0xD5388291EAbe96b56069440C97046791E2F72573,590318
0xD53DF2d5eB9Ed4Fd5e346867D57ea1eD62661e5C,590318
0xD54921cCF100cc6a78ACBbd4e55Fd57c9B50eA7A,590318
0xD54C7a619D8522eF1Da0201735ECBe3bfa2e888e,590318
0xD54d479E4fd30edd4D711023534586A0bF18b58C,590318
0xD55BBeCf22b44ECBAa65633c6f7BC2315414E5bE,590318
0xD55Bf29915D139777783bBA3Ae6237844823B73b,590318
0xD56dEd942a273e857ea422A0cad6296cE6AA930B,590318
0xD57B086DF589055E8d11a5fe5460Dc358F128f2c,590318
0xD57fDcCa707189bCA685b7742728f32638F4cBc0,590318
0xD5984d324Ffc240F5003F252bC2722A021Ae7038,590318
0xD5A9948F058A6176b2be57Fecc7dDD671f415d7B,590318
0xD5B82f1efef871C931128faaa4484d4861d1Cdd9,590318
0xD5B8Bd7172733Cd4C25E177C32686C5826caFbF9,590318
0xD5D8280dd8244ac785cF982c79a2E097577748AA,590318
0xD5aBD52508EBa676B131fC995D5226dD7A58FB97,590318
0xD5abb71fcB8eF3401bB0f3205A3CA4cB7B875Ce4,590318
0xD5ac4FA2cd568DD7573E081d405dA541ff82CbEc,590318
0xD5b472FfAF39476F83B8975667169AB6F9216dCD,590318
0xD5fF53f48F14e9409B581e41a4cDDFe0E97Dc724,590318
0xD5fab5D372081B4F20FD4636BDe96e9061aaA8a4,590318
0xD5fbF4ABd813142E2F8f4419bB8FCBab6a9a8701,590318
0xD607e7e4e5b42D008B9E1417D19fBc5a49d0DDD1,590318
0xD622E7815173Def0CE7520814C61fD3535a3A173,590318
0xD6365f8efA0039923983355eE12b1D0694e7b468,590318
0xD64da3A2e9CccFd5EF3E989cE4F5ba538EF3F665,590318
0xD6507fC98605eAb8775f851c25A5E09Dc12ab7A7,590318
0xD652A6591C71236d20c75B68C6244D5602927a8e,590318
0xD658dCe6d7369C8639DE4B8A1941d860d59E1550,590318
0xD6645629222447fcca2cc74B53D60793DEf9e13e,590318
0xD6760bdEf7e06640988559159Bb579b92fe2Ec4C,590318
0xD680035C10ffee2b904ce63597CE6cED7F02A8Ea,590318
0xD68994DFAf3C940d06fc4bE5832555F819D237A0,590318
0xD68c985cA9f8ef51ed64a58B329E3719AF51Bb9f,590318
0xD6980B8f28d0b6Fa89b7476841E341c57508a3F6,590318
0xD698F22Ab844CFA10dC40E5859cA08b5bd4A6A8e,590318
0xD69E5D8eBa305BFecBA64987E5240776b56f4ad4,590318
0xD69F108130e0F3816009c62e88638DDe85698789,590318
0xD69F7E88528F44064D3Ae8a526051C998f34a141,590318
0xD6AC59460C275f93545f59637bf2F407D8b6842F,590318
0xD6Bd79De993eE956884Babfcb797b5D8b2A8EB42,590318
0xD6C7C9e73E1B226FDF35cc7F009857f010F06852,590318
0xD6C8DEcF4BfC9B3226737d5c70056Ed130B6a908,590318
0xD6Cb7a7b544E24e5160A948a16C45b1096276F9d,590318
0xD6D24C57f06BFA8851b39e68806F591D118AC9E3,590318
0xD6EF5649200101Eb44cE8949f4cfb167b0c5a07a,590318
0xD6F95fC7933e9F760D496564D9a82E59b9F6E72e,590318
0xD6aEA0120d585E8B4e71C3615B5F34094cA2e6C7,590318
0xD6b1Cf2dE775575f4267A42E6878f57837BEFeC2,590318
0xD6c23E2c0E19DFdF8638b076F1d076f7B29b74e1,590318
0xD6dd6961D3224958FCd306B76a991ab974EC1Ebc,590318
0xD6ddb6ad58c06d070E8Ad04641f2a4234C82c186,590318
0xD6e57927dE19128642aC68547089600c4E666E7C,590318
0xD7029BDEa1c17493893AAfE29AAD69EF892B8ff2,590318
0xD70C68C41b58Fcf615Aa610206b0eb7F9bcC8b7F,590318
0xD70dd6262A4dd4D1AC147ECd70fCcbDfEF537d95,590318
0xD70eF50630370591D35334251a1558E107880Be0,590318
0xD711193C2068575BCfaDf3D51B98A0f573cC6492,590318
0xD7125A645c9f76dd91e4F9d0712fA9aA9DCe1b6D,590318
0xD71Ed567dD40E02AA578e7e13b3F617CEd7BBd44,590318
0xD71a41eC000089ae99873AFB4D15CC7d54Dd95Bc,590318
0xD71d837b8ce264E9A24aCF9CdaEED32628acfcc0,590318
0xD7205E6041134658cA95b0b1B04591b527fb6D74,590318
0xD724025AEfFce1821A4c39D621d91CBe27d5251a,590318
0xD72626b46C6A94808365c0803f92903db87Aa83c,590318
0xD72B3057E701BDD36113b56C5951Ca3eEceccCa4,590318
0xD74554760Adc11bB290E28BA7fc07C33923693ef,590318
0xD76bD4079Ec09604F42c87c59a8D87EE2C5b1540,590318
0xD77C6bb30CeE69C435948709838Eb99D60b33bf2,590318
0xD782059De58EBE238592198b97f10E77A1EB6ca7,590318
0xD79b937791724e47F193f67162B92cDFbF7ABDFd,590318
0xD7A63dA28dE4f49F25F72cFBFdb60612ec35f5b3,590318
0xD7AcaC6977c05d5a2bde7388baEb982643732a98,590318
0xD7Bcbf3Cb3879602317fae7F36661021a3310595,590318
0xD7C2D39DF7BFEc541364B38fF3E33278971c23Cf,590318
0xD7CeEc04123B52f4D97C63eD78182a7Dfd3F749d,590318
0xD7ECB7fE6D5276773dE0A2317de2FF9Fde75fAD5,590318
0xD7F0cff10C894C03AecE28e244567209C648f57C,590318
0xD7b9F45753C9B4E283014e24616e36BE0FC3E38C,590318
0xD7bc0402999c0E007911eB04Bf0e926522c29620,590318
0xD7cEf7d7219961682C3EF58f164B3dE0a8BCFC19,590318
0xD7ceF06FAA9Af04d0DaC50a5B730988eEfA246A1,590318
0xD7d8CD5b871fED2BCD9CeA31cFAeEC93702C0498,590318
0xD7dD9B2af7eaCb2dB2B62D12dA17BEa9Ff07770B,590318
0xD7e01f0403776E3cFF89364FBb4FaE462329094A,590318
0xD7efAE6e8e0556eBb5E77A499a34FCe6a4D8c722,590318
0xD7efc12243Aaf85e99f54beB5f235Dd27D7B694E,590318
0xD7f2fcEe2879627F446D36dC7E15892f153F62aB,590318
0xD80522A8dF954Da0f56d3b1DaC77288107078a57,590318
0xD807f75cD377AAC342629a67E4775e9f74dfBb75,590318
0xD80f46A5b578cdA32CF33B2f2748a6B6e9bA6432,590318
0xD81413e58e48B3C23D69beA9C08d4FC8EC3e7285,590318
0xD81757f9d3eD957fBb3b376a5C03e1c0e139C384,590318
0xD821b419d8F6dc7B8672F65c42C8fBA26b7CE5F8,590318
0xD823bEA9FD254C56bc82169959e5Af901366be82,590318
0xD825d4Ddd08a18ca946ba821434e5759F1D23961,590318
0xD827eb2673D3Dc1a7F886413f6f0950Ec2fbBc98,590318
0xD82eF39A6AEbB4d3b0294fFD4DAeE9b89c28C655,590318
0xD830db33b45203D9FF074A357aEf91c21405Df63,590318
0xD8488Bacdd9b087401F38CfE1f9F4fB3afe4438E,590318
0xD85155B8e8918716c51A29770B46B98BeD006F65,590318
0xD855Bc192FB26B71d84CA5248b2514001a27DC73,590318
0xD857a56110db6BCBcE1b4d30E8A3552992BfeD4E,590318
0xD85C37A811B5F9Fa901b1D00a8f4EF00A9a645B7,590318
0xD869549882d885f94E18b8Fa0C9ebBAE76F4dE09,590318
0xD869fBDABb2F86d413B424907C83a4d1D6Ee8d64,590318
0xD86b7E86ab7e1b5FeAb60Adc4F2FC313410f7d08,590318
0xD8703fc6046d63CB2293384eF91ff493803c6Aa6,590318
0xD87262c913E3D3E34DC9c2C0150f0646FdCd0e9c,590318
0xD87617659957F4d9CEa85e9DB85B2f1De677646a,590318
0xD87836aC61C743a08FE3cc688EAe24Bb3Be55879,590318
0xD88383eD0EC676CE8b6D34E912764afc4ca5Ab1c,590318
0xD884783DBf5A252eA0013Edc024Ab99df9af890D,590318
0xD891769Ecec9dC911441a15B1a090cC9af1D9eEe,590318
0xD8942dA20C0438d67A55cA4db93D08a8625CCD5d,590318
0xD896C7c5b9557e51c6339680bb9cab817299305C,590318
0xD8BDd80BBc4d874702a1670E98D028847Fa2c712,590318
0xD8C5D4d36ddb2634491076C3D3Bc541Ed4646d3f,590318
0xD8C815D38A455B848168fD84A88d54fC19d80613,590318
0xD8E96a6c529997c6909766F48D9389Fd2a5f0c57,590318
0xD8F7f88f291148Fd0e05EDA4E02d2ABf24D9E352,590318
0xD8c0702f865D1E17D40cd8524e97E25010547b62,590318
0xD8e4cEEFBfd3bc3BFc22451b9e548FccE2669902,590318
0xD8ff3Aa347302D788042ee8918033F0B9eA012f9,590318
0xD9012a2153f08c0a97bc4916782BfdF174bb9E9D,590318
0xD905DE91f928b20EA0cCf455e5bA07eB6373955C,590318
0xD907539605129A8E58B7CC7b5b71b43B75aB8816,590318
0xD909AD938E0CcE2405AB47c699974C660d9EB24f,590318
0xD90E761Ec569ca9bB402195c2b675BE48dBE5ece,590318
0xD91372Bca00833e978452C561d7284c1C6D689dA,590318
0xD91DC7c83bd01b91Cb25019DFc4E35BC6FaaB814,590318
0xD92170EF408798598B4385E41c27D771fFCf03eb,590318
0xD92293dACa6bBeD57F8cb6D498B48eA93e035e99,590318
0xD923b30d6d15810Ca47B3B924261e5FF1Bb533A3,590318
0xD93717577F757c156252FC5EaBd5364A7E8aED0d,590318
0xD9414DC27A94289386C4aC145346a99131d356D3,590318
0xD941c574bfC0C8e3DeFA9F572291895Af3a03458,590318
0xD941f24f15988c22ad04C8F37d9886e23C2344Cf,590318
0xD944E23F19fA7D3D73C9f21043ad41d0444ba1EF,590318
0xD945290B5bad30dcfD118a48390b754f5f1F29C3,590318
0xD94606128b20680539a719b07Bca6CBc30786a28,590318
0xD948389216BE7E837C317a2fe3E0C2e5d143B978,590318
0xD94CDF1842be866EB77a5a4212b285249445e73e,590318
0xD94bdd4a2f0e1D4430F0f5Eea2FCB7580Fc783d5,590318
0xD95A389f77ACFC9E087d2cebd1e4079a6115aCeE,590318
0xD965952823153E5CBc611be87e8322cfc329f056,590318
0xD97Ec3e4269C503E604063812c6254C66Ab5EbD8,590318
0xD994db455FB8BBCFBe8B6861bad6F9B7fC9bf93c,590318
0xD9979fDb4B4e3a8E03A894a3d3Af7c05eEF96F76,590318
0xD998d01D1E94ce97ed18AF4438797EBEe305acbA,590318
0xD99FE604d367aebA33b51743FBF8de70E503dB74,590318
0xD9A34B6e7a85366f501d6b761970aeC852e296F5,590318
0xD9A4693bc2D2b0246F931CD307d2bc53328cd73D,590318
0xD9AF3Dcf98E9b0f92b21948FDB29BCED30157066,590318
0xD9B199Ea0c4f4C46DfFebB59d94EDe0df74CAAa9,590318
0xD9B2Da3e22Ff012AA194e382b956Ed681220676D,590318
0xD9B329a6bB19C31E07cd68c9623D2B8BE8f4a028,590318
0xD9B478452A2844ceB82f59887db6ABf02394EbF4,590318
0xD9D48b00B18561a87Ab2051e2C647bae2A2C45f6,590318
0xD9EA85765D8fAF064C453D060470C604A56b5005,590318
0xD9EEd0fCd5bFe92880ee366cD3CBec7474e9231B,590318
0xD9F0834E7Ca9B9262Df3189b850eBf9514027e82,590318
0xD9F5D66E6C361F6e7454aCf8C10c93ae42fc1455,590318
0xD9c00b9cDB1d45CF265d1925eb1d004ee04D9f69,590318
0xD9ca55079a64683EeEfAdD88e6E4eba0d2cC1d43,590318
0xD9cfab54f1234AeEA22B2818AB919866A2809c1C,590318
0xD9e0Ac1053bd534C94724c76dea9608E9aD2ad27,590318
0xD9eeD39ffcF0274c0b44E3f50586b208b9E8b50b,590318
0xD9f88A2a5692B7DcED6211475Dfedf6B4fd98bcf,590318
0xD9fED75f8523076036A5B5Fc80da1E1906D24bd6,590318
0xD9fdFeA5960b4210db3EcBa4A0fB300Ee69C5172,590318
0xDA048BED40d40B1EBd9239Cdf56ca0c2F018ae65,590318
0xDA0f4E7FB58BC03AD73b8756e73d70328d1d392c,590318
0xDA12f239445E78fEbfc5217528c98Ed862B782f9,590318
0xDA434793A5A52F7293a806A8F156e2429d500195,590318
0xDA87ecdD8EcD471Ea8991e34ceD0258a90efde98,590318
0xDA917f403f97Af9C310823fE5C5Aa8F05B5d5f4a,590318
0xDA92cfbBA87Fd98d35e320db18176BFe47a140Ca,590318
0xDA9d1C07E61fE3dcE85d245C49c86E31EA964f58,590318
0xDAD937F83Af1af14B23405151E00d9F59e091782,590318
0xDAE7a5b6f7527696bB7c351bC5440bc8347D4FAF,590318
0xDAab3aF4579e6410295849767C0056aE7595F6B8,590318
0xDAb45d6951e5965F1E16302F26CAaE86Cb31F9FB,590318
0xDAc608dD3F12A3F85B01A59dcCcc2e1c5Ff05fD0,590318
0xDAdb551Dd6fEFAE3BC5b73eb176c8C3bffd947aa,590318
0xDAddBA26713295fbfE51c1e280dd87F5Dc81Fa10,590318
0xDB1dAc10FC8C95db9753a394267537774fC85026,590318
0xDB1dDC3DF8dc0DFe916BD597a712357C5D69D59d,590318
0xDB2C2fBa423ae466e168da9498081485244d7d28,590318
0xDB2a35EEBEc15f85F436Ece31C44f0F41bDAe379,590318
0xDB322Cc0d1A46B0A27e1541C81004065bBA22977,590318
0xDB5B95B545a2970f07D2aEb20f36B5F0Ca4A2D35,590318
0xDB67504c5869c4281244898a6c58D3c15067C884,590318
0xDB6C473D3f865667CDf17cA853eB6a705862A48B,590318
0xDB6Efc45D5856aDE3f0764E9D5Cf652B8fc70501,590318
0xDB79226Ca736d32571a31dD835C958fFC056c055,590318
0xDB7cD752E5a8117df7b3546C970E8A317D822f36,590318
0xDB8029617Fd373c64477860795a7C2367AB3Bf78,590318
0xDB8689e1727AdFFc869e196307BE828913545761,590318
0xDB8edfBD62af352062991EE993089Fb78E58f343,590318
0xDB93342558502d4F522E774Eac55D71BFF8e6130,590318
0xDBA186671323Ac2f0FDb59069A292B30948ddB7d,590318
0xDBE7c78514cb89D068C78eD40d482887888f63Ed,590318
0xDBEd0C8556e3beC3CAc1385C22aE365e5Aaf2448,590318
0xDBF83c15F894B235B961E35a3b0D4D3F74C5118A,590318
0xDBa4db4E8b73Bf1DE93Ed3EC78627B4FF0757A14,590318
0xDBaa35F72bF44d743C3b4E41DcFEc91a11d42D80,590318
0xDBfbe64F5f5C7edB8FC77B1aCE53eE1f6284935B,590318
0xDC018d417F5D1b612022eB34b320F6208582370d,590318
0xDC0550aEdb1F60d3e06A18D03a15aBc7f0FA88BB,590318
0xDC0753F6B3Cc6034317b73C10413c19958d36ED1,590318
0xDC11690B999316a106944228e9C60a979Eb957Cf,590318
0xDC16F31c6716481828C8b0Af49aAC06ad8817bd7,590318
0xDC2b620FfF537d2c975b7e26959F2fFE2AAe7Ff8,590318
0xDC381Ff37Ec4d138124577bcf4602574065e07eE,590318
0xDC40CbF86727093c52582405703e5b97D5C64B66,590318
0xDC51Eb07AEb1B0e8dEA7619Efb9765562955c493,590318
0xDC52D8B50cC11d80Da079d6937497f371B15599f,590318
0xDC55BEfDa61171D4e77D387b8Fa6347234e71822,590318
0xDC5aFb5DE928bAc740e4bcB1600B93504560d850,590318
0xDC68b0A6cF9134E58D7c4BE0A5c54e5D0BFB640a,590318
0xDC7Ef1178cA70FF7E615731Dc4fdED9bb41a9aE0,590318
0xDC7bDC8F93DFf88fA5e9C1B453a63C371deb9491,590318
0xDC87165102F13bCeCb76E8f7b443FDd41D642817,590318
0xDC90CeBB0dBb08556a334537c7Db6D9C4E7Fe603,590318
0xDCC9e9D8280717d45E32DD1b7138a3f6dDA523a3,590318
0xDCba3F2d2447e0B3e4c26BcEcF938f2F07D6b6a7,590318
0xDD0fF44Dac9B001B60e21A96991a31cDfC43510b,590318
0xDD21500eba9C3a054161F3856c1C804953772176,590318
0xDD22AD153aCc590c18575B7d8eBa10f06e23dcae,590318
0xDD2557481624A6710EE6b1Ec9dE6f2f53Ac866d1,590318
0xDD35fD949542E33fbF394AF744eC792911543904,590318
0xDD5e51C65559Dd69A0eDA2543b1e0A55DCc0681b,590318
0xDD660cFDE53B18e48dDF1A356D0E21b42C764d8a,590318
0xDD80a2384143C0cAC2a61d77B8d8FD60737Eb840,590318
0xDD8591007149631190f1013AC1067305F191cd0A,590318
0xDD877Ca8fA8ec865397e7396733922E22A733f6e,590318
0xDDC73bCe7e24131EB1Ae4596a41e294330898235,590318
0xDDC9cc6b612C9FFB84f0D4A1c1C5d960b2C4eECF,590318
0xDDabC34152c8E4386B3F20452dbcBa3D4BA31F45,590318
0xDDb58949c4D9ec970C1FA21C42BB3fC23fEE7C97,590318
0xDDb9AB1421E6F1d864c01BA63FB05B183d5ea4d4,590318
0xDDd75dF073742BF91bF68FFfabdFBC2f75ca37Ab,590318
0xDDdB0d66bBd9Baa25b36E6ae25a3B06da5DBe348,590318
0xDE02381C288837B32fB013F1C19Af97ebC4e1E28,590318
0xDE0330ef95908a78885a4eDdfEB435BD4d423329,590318
0xDE18Ce0787cDA14F9e9e8220996A717C5A83f223,590318
0xDE1B9a4856D6a270FCb15E33dD4D1eb8882d6894,590318
0xDE2fd50C56668D0e6326E32397cF5d8CF7e3Bc07,590318
0xDE3c5B2f2416D331BD3d834Fc515Bc7724E0Fca1,590318
0xDE833498FE9700F635a152FaAdAf166814638A0e,590318
0xDE8A6D588F8067e761BAc811A102e0146c721e41,590318
0xDE94c4e276F47f9C310572d3B3Fd9bCcbc42c0ec,590318
0xDEb53Af6793dF19a9B01358E2BbCB25F8fd3Ee38,590318
0xDEc8A93d4A8924B2F5362bA57d726282a6cf262e,590318
0xDEd649BaE4ac442B2a1C0A431CF953b84BC79f57,590318
0xDEe69136F1CFa934D0171FaB7C653fE995788050,590318
0xDF0655b607Df467A1De8f1Ebc0f3f63bd7bAB3FF,590318
0xDF123f0444247e079f6744692Ccf9c855F8595a0,590318
0xDF19f749cd934df98ef5dB8f62304609424e0176,590318
0xDF1e22fc38864C8b3F1bDb44029A75bC1cD9dc23,590318
0xDF25Bf99ca43df527093588A6FA2AeE7D484762D,590318
0xDF4e3ebbA991813B988e4a0fD75Cdb875D316651,590318
0xDF63E7394eD8cD17Ce7b0A99f3720FD102853Cee,590318
0xDF731ED6DdF24C3a3BAC9983295b86385B982A9b,590318
0xDF8b2aebc49fD11206dD9FBFd61F956d729e5538,590318
0xDF8e1d1c4429656B29Bb36214986e46729c74B3C,590318
0xDF90937E07c60108B505FE3C542aB782e0A19AE5,590318
0xDF983A1266369D4437b4ECA7c7B743aE1996A526,590318
0xDFA03fb1709212C3316cC64f7921C59265aE37E4,590318
0xDFCe054F6cE38A350aB82F239438e1fC39088983,590318
0xDFF4e623cCA25E674edb0A1f263fCF5aa458ACF8,590318
0xDFF8bA45EB9a34074c1b2e14d4002ADD0fd61a18,590318
0xDFaB977372A039e78839687b8c359465f0f17532,590318
0xDFbD408c5dB448467248856D71EDa79aDC7c97F3,590318
0xDa10d0BeC928a14C0A03D9278F62319eb306bd84,590318
0xDa1d0B2F814ca343752edebEFb2076816EB7234c,590318
0xDa31721fD25865B00D729E31BCbf377f1e15c495,590318
0xDa331982881af13954c12Ea891046d8E025e50e5,590318
0xDa340baC694B2906b2451F10a4aAa4300CFa4FeB,590318
0xDa504E61F0EE5ce089cF211F437daC72c42Aa39c,590318
0xDa51708fbAb777A17FA863f313214b37Ce2AB3A3,590318
0xDa60788C2452FFAE57aB8950695078939B52a99D,590318
0xDa66d5784642094ADA5A6FE196eB7148D44EE956,590318
0xDa71Fd263FEA89BFd6b2905d63e2b8c22B0B3d7A,590318
0xDa739Feec0F54eC6926AD19fDE073e72F8560AA9,590318
0xDa77Aea13304Bfc9DB5288AdF4ffa68C2C16c0Ad,590318
0xDa8A5713fE6c40B2eE52e7dcFDf1A0110011014A,590318
0xDa9f76D978B307B43F025208E6406F72818c8DdF,590318
0xDaA266CfCAc70911A7C7d254dE3603271FA3560F,590318
0xDaC06b00F3C8E62AdBcFFCFa4499c4F83796467E,590318
0xDaE6Fd6f82c52D79DEA8A90393B613968df949c1,590318
0xDab5B53072Ca8071C6e864f6619b363D752e2cE8,590318
0xDaeD15EB94698CDd18cc2DaE0a5ACdad77E63ddf,590318
0xDb1344E70cf7fBed6BEd605A19cCd122AAC9FbF5,590318
0xDb1ED3C680ed6b7cBfb8E733659f507935dff0CE,590318
0xDb3e58D9cAF9aF4955Fba25d7181f6c6F57fEa03,590318
0xDb4ad3B18F33A32BC3108D3Cb43569aD9B661246,590318
0xDb4b0D0a8A4FD54c9557D498D22764fb0979Bb1e,590318
0xDb610831746f1d260bC4e70C121a2D81e0c7eAed,590318
0xDb7Ce171e2DAc86cC3EE49459ef8583E536aDF18,590318
0xDbDF5542eaa6aF219Ddc76794647dAB8A1cB9502,590318
0xDbab51f11B3c5CE383776e6AE6B121E527aCD9Af,590318
0xDbbD4880CC6fb401d67b58C940Ec6c680d74E420,590318
0xDbc3d803b241d3E9a31E5bB365A139bB043Fe0b7,590318
0xDbd8fB84e8291ce82d098D0D875e061ee6F55070,590318
0xDc2838c7bE0e1Ed3f31475B6CEb9f187Dbfe708f,590318
0xDc51b2d4F6767E092a25757Dc89fb8da40D8c4bE,590318
0xDc5b5D093Fe35B277D338D5a284f0786e78a582F,590318
0xDc699191E29f293FF5412785240C92096AF1D81C,590318
0xDc9A15D4750E7885caA109571a9f2C499bD186E1,590318
0xDcD50efb4CCdc9c409b4a4D8eB919Ed301C86ABe,590318
0xDcF89d34bfE4B9f940402C9980c53492a59747EC,590318
0xDcaE87821FA6CAEA05dBc2811126f4bc7fF73bd1,590318
0xDcdc4A4aaEBB4492e37fb8eE973D3645A897cF15,590318
0xDce8b70048458a253BFa13fa25DF04b8d52D12A8,590318
0xDd0c5dE50D72E5eaa96816e920e41CE89C4B8888,590318
0xDd113aaE6eD623DC5aF8A26a5e3FDb4137ae87Ae,590318
0xDd12e590857a2D405f14664A5975cAB0CEbD04b2,590318
0xDd1e6FEe5428F89391963aDC501D6a5fb9d9997E,590318
0xDd257Ed16c9Cc029E3ab5E5f17C4B86695110746,590318
0xDd2E9B5a43e074271714eD2A50f5594fdE1832D9,590318
0xDd46CEd5C3F422C6E3A816B50b472BE80ED6F7DC,590318
0xDd4C4Cc6dFD52a204EC852030b9E4984e4d01944,590318
0xDd575E53f092C0170241EE7a51A4C502D50bA63B,590318
0xDd59835cd4A9Ea9F06363C77BB98340868BdB61c,590318
0xDd65310FFE744250cb2a001886cce8D39CEF134F,590318
0xDd6e1a285790D4088Fd020C65c764BaBf44B31e8,590318
0xDd74a5f502167c1bdd88968D058834170175277B,590318
0xDd8Fc1205FB1606A585886DF1BB8348BC2D38824,590318
0xDdB78a939EB9ebcBeB77c19ec9e5dE94c5395D94,590318
0xDdB8EE345Da7dE1a99f2dce66619eE7b0b40572b,590318
0xDdBeACc7391342fcD48A1de75808f9Ba356BaE03,590318
0xDdC0423e16cAa1a953d94968816974b29aBD40D0,590318
0xDdD2cBDAeE124fa9DA8c64E466eA93749CECA3F0,590318
0xDdDAC4014aa26e2460DD531D952f000B2eb9665F,590318
0xDdDCd66893097ba4Fb6086AeEa5c199245477C45,590318
0xDdd54D4D71FF9AD625D8e90DC6DdEafEeB5632Ba,590318
0xDe13AE64205f3443eC3833B0612D0e34BF1c6F33,590318
0xDe288ECed7a6f8e58Bcc51258d23f2c35CFC3a20,590318
0xDe28bf05a6b9392cd9d1C420402788b1348A8f9B,590318
0xDe3Cf1c6fa545C450f0462f295821042Bc0E05f3,590318
0xDe43e915115E27c9bb1DCF352c65Aa1665eFF2E8,590318
0xDe54227dC7cb1dE999979f21548096D92B64827f,590318
0xDe5545234B4F2D862642A4DE3A3cdB8613Ea7f26,590318
0xDe55f4e5C349267C6FD0ee52Cdc0F2b8ef04b77e,590318
0xDe5DE80a6dE858e41B5E1A0b8F3857BD9DEd4614,590318
0xDe5c61c1cD9a8B316d9Fe98Cfd778C085B019619,590318
0xDe6b2a06407575B98724818445178C1f5fD53361,590318
0xDe8138317231942ce7676307b566B32e5bc78d90,590318
0xDe8A639c9352193fE340F441225339714874A965,590318
0xDe8b7a038120FAD89240bE272f810183a85630D1,590318
0xDe8c2f8d28c7Ef7D90394c58e7d4c91297EBbBBe,590318
0xDe934bD869Ab3D59007EA239D3610E3Ee15701cf,590318
0xDeA3FD79e97Ab73e1aD3B1cEFb72d7213582FbF4,590318
0xDeBa9cd00120Ea0BE15955Cc3FA4b2d3E66Aa65d,590318
0xDec13859BF5E642745F179cfb44bEb92aEEDd6e2,590318
0xDecd4b961B1984c44AFbADbE2844777A627572aA,590318
0xDee7297778B8755343e96E0b99eEcF549195b856,590318
0xDf00a1876846843BCf6Fea91829F02D0De5D5aF4,590318
0xDf087B724174A3E4eD2338C0798193932E851F1b,590318
0xDf1cA8a26B733B31F4FbABB8633Eb863532c9722,590318
0xDf29A28f1fb1c01445e18c96e9A1B5b550d744BB,590318
0xDf29Ee8F6D1b407808Eb0270f5b128DC28303684,590318
0xDf326b72aDf280970D2f8d50142d1d0f73f81404,590318
0xDf36B093cBc06522b68105c3d9141Db188e980b6,590318
0xDf4fd6F4251931A269c8494d86f7B5c87F35a2A2,590318
0xDf562a885e1AfDB0668A21FEA60fE41F602bb4E0,590318
0xDf6e7503DF3d6699aF74d2B1a0c27a18156f12bF,590318
0xDf914b037B91eE98b63B231239BCA7d78eFe6af9,590318
0xDf971306f4e0bbf662054ad6d30B13df299F1F0F,590318
0xDfD8114df5199bc64F60F508d831Fd54fa601402,590318
0xDfE59d4F638E24D413f0Be75417cCeD8Fae5FECb,590318
0xDfE691D16B93Bc9b386b4AAb903cAa11DF024001,590318
0xDfEcf7ab4077ae319f0E28bACB7F7e1F075034F2,590318
0xE0024f980252788BC72564e0CD2ff1f94ED272d8,590318
0xE0318e17C2Aa28544C469803a6AE0578a10282BE,590318
0xE033080A0486898Af493fd8430Ef33aa64C417b5,590318
0xE038Adc7209fB6070590A11186433c12634059f5,590318
0xE042226F9172b0CbA95AAF475Fe79db647c2D717,590318
0xE042EBB2D70Aa3EcC74D7A3B768F88cEfA5dda55,590318
0xE04885c3f1419C6E8495C33bDCf5F8387cd88846,590318
0xE04903eA0dA52680520903DAdC84f5adbef35E9f,590318
0xE0577AD2600e3B65a1E1c39a3698B27da6cb551a,590318
0xE057A31010C70a2C0fBDA618dB6Baa7d39fbaB48,590318
0xE06e2144A0381b4197F32a1Df9DC299cF9113B4b,590318
0xE08442bbf16a4c6DD6BE2c2FefCb4fd63CF4cE1B,590318
0xE08AF1aB46e6c50051f5613010b907FC595e466a,590318
0xE0909601E076d9e3D4901fa6186D99e0b935d344,590318
0xE09238B6D90893bc964805CE2660a667b0CcC5B5,590318
0xE0B81B62340279AD1b21349c39Bf515177cdDBb2,590318
0xE0C46719ed5c9D8B2F2F69652a72304AaBdDd756,590318
0xE0D431034D174fcE13502457112afe0B63a91F5E,590318
0xE0D76bDF0Dcf83685dc41570Dd4536649119D304,590318
0xE0DA145e72102C38056BeF82361dd1e6aCC8209e,590318
0xE0Dc8896bbd43C17dd9F3b49a7671d1dc8cc1Eb6,590318
0xE0EC544961f9A28436Af5a341ba7111b074d2E98,590318
0xE0F2e56320ebCe38013BD18844dEaB1fAb80925e,590318
0xE0ab9FeB45E2097Df30fe503344e68F3a8f9573d,590318
0xE0b2c0E19884c299052b239551c3ff972AfBb602,590318
0xE0b7169944321fadb6aCc7D1AA97D7c28E66DB9B,590318
0xE0c18c32f0838D9C295D9Cff433f2eFF9DEaCC2c,590318
0xE0ccDb0BEe039336218a6002C9F47e0fd6514FdC,590318
0xE0d63E439Fc1bA6f470092D0F2Bf634d175445FE,590318
0xE0e8C1D735698060477e79a8e4C20276Fc2Ec7A7,590318
0xE1049AE1c92CA090E02894F69F030d81B3Eec034,590318
0xE11bA5dda920eB64F12a00634e04d41414E227bC,590318
0xE12156ad987294468f185C01C13bA917ebd9ECA1,590318
0xE124B592b5D78103887Ed77a4D0b3887894eb4d2,590318
0xE125F87C89561E742540D364B0e3a00Dc821F524,590318
0xE127e5f5af853B5D96aD51c71f1e32fbac5b1100,590318
0xE12E2BdfB39eeCc25270ED301A1d66bfd60B7969,590318
0xE1348656835EC1226e5b7ed04e2B25D09dD07D05,590318
0xE13C09a9A66aBa69209429884a1146211E1c012c,590318
0xE1502B12FEB695aDcda9A4Cc3CC79C12B0a6b04d,590318
0xE158d53614c6D0Ba4ad85E3965B872a08570c3e8,590318
0xE162B534b0E89c1A46707668722dEC5FC791bC3F,590318
0xE163fc07cC36742f2e93176a053A6794023BF97d,590318
0xE167720B29882a19a5A6F4bC974E8037b126E10A,590318
0xE17153a0cA2861119edd295E95152fc9C54880f9,590318
0xE1764fa0f966a42E5fbFa7cc4536fCdcc53AD68a,590318
0xE176C6Bb79b10db5108ddE97eE3E5ED6b64E60F3,590318
0xE183eF47829ae1eb7234e478E418cd9Fa0A511DD,590318
0xE18A3e33255fa49B7De6cd1588bA3a91b8049486,590318
0xE18b3f9f635BE661253c076ACa15b517408C9B4c,590318
0xE18dD0163A8E31cab9197c477272465F5d23e2fc,590318
0xE194F686f6C9a2033E8142095333a7C123b5caFf,590318
0xE1A583430aF7fE75F2ac92C743f6e89df3aC7e7C,590318
0xE1BFbE050D6446340718006Afb36F8bafDD7cABc,590318
0xE1C823fd2ffCF1B67F042e58755bF1e3D577FE60,590318
0xE1D50793975c43674BdC3034BA53a8Cd8948186b,590318
0xE1DCf8ae4d74c45fB7c9d386b9F1d488Ef1ef5ad,590318
0xE1FF19610020D72930aEe1b9c047e35B7fD0080e,590318
0xE1Ff983789c1453784f115862e97bc030e5fA9B6,590318
0xE1a9352Db783970EDfD1AF3A54f27b78B5ADE26e,590318
0xE1b4e4D6320C65748A1900CF0329cb7221959d8a,590318
0xE1d8B0492FbE9C145f2AA6e2c6A76Fe034561c5A,590318
0xE1f38D73a73d4117Bbeaa125E8f655168D3702A5,590318
0xE1f8aFc92644Bfe77080D7DCb0f936F578E00F53,590318
0xE20FdA788A8e5593f65bcdCa858809D9Cf01805A,590318
0xE2174B0dcBb74aB8E0648A784839eFC64C99aF53,590318
0xE23c5a654c47afe9f59243b0FFf4849319652E47,590318
0xE23faa43475D8ae36f1d2DAC0620eee1f5950104,590318
0xE244d17dC238AC6A303198735110c57Be6f0B59B,590318
0xE2473a02415428C1486b066f79Df07E3f3715Cd2,590318
0xE24c4b50D4Be9FafEeDb9434C505b121CBa7CB88,590318
0xE24dA1C8f33E1Dd8B7993B8b028C7109698DdAa5,590318
0xE250c7540ffC0fE802A3cd1ba907addE9D410051,590318
0xE256E1549CBf06247b5014bb73c1A1a3C68151E1,590318
0xE25F66347542a74bb01efA38F872867b0Cf949b7,590318
0xE2626ADc1571fc384Bb98e9C4e050f8D49cf8595,590318
0xE2664D09796f9Ac9E919c3ab01C74a01d5837703,590318
0xE271dB4188aA71e6d1683Ce1350274c0083CEab4,590318
0xE28454f4571B28C272566Dff97E5a679382C3fE3,590318
0xE2891Dc8d475c3B1bc5F706a9DB6d8Eb63805020,590318
0xE297989243d05B31Eb687B2d1888e32212d90A55,590318
0xE2A4DE267cdD4fF5ED9Ba13552F5c624b12db9b2,590318
0xE2B0e783b412A4886DC2f57E22FaE2A6AD9e22d4,590318
0xE2B872981f145ab1f498B07f75b6C1Ffb056065C,590318
0xE2CF4c8AF378029fC02693A4C4e4D1E74D96E7Ab,590318
0xE2DcEAe30b9ea109a634fF6695688Fa389F39a1a,590318
0xE2EaC55FdA9F98Ed32E95c3449B2Aa6D9EDFdBBD,590318
0xE2F03F20e5b209882C0c08821F7f153Bb818578D,590318
0xE2F2928dE7aF2EaB1Ca6b5942021b61EbAb64327,590318
0xE2FD4273777114F027A7D5F335EE760F358203fd,590318
0xE2FD5eCCD0c630426F93968984033450bA57C0E3,590318
0xE2Fa155a2c696744C593956a732F63a165b6aaAA,590318
0xE2a0cC663aCFE5D7A9Cb82A743383297597A8fF3,590318
0xE2c13f496BA536243f852AF08eaf27c7d19d44d8,590318
0xE2d9B42f256885BF22732618Bd04E49dFABcb352,590318
0xE2eF8F89Df0B50975328EB8859116bBe90C1036d,590318
0xE308dae81527362c39398A535a2Ae5Df1d98884b,590318
0xE309C6B8e5AF174632DDD2AfCB19b5f457C2CF6D,590318
0xE31530a41bc26963535A58126E777e34FE133DEA,590318
0xE315e0737444aAC52C6174F618386dbc4f50728D,590318
0xE31DEACeE1770Dfa56f8849724bcB7f8E5f76Ef2,590318
0xE31cf01e59d7eBE87d5C7E1f27A0C54E8270AA0E,590318
0xE31dEC72Eb051D9DCb5335F9A75df4F998Ede175,590318
0xE3257740f199427eE5f93C3C9E5b3B2b3759A64D,590318
0xE33Ac6DaBE361564A60aD561FcD7Bf894b5aAc07,590318
0xE33B6B5E071b68705b3F44464B61B2cB2B15aD9f,590318
0xE340b00B6B622C136fFA5CFf130eC8edCdDCb39D,590318
0xE343c27452f72e9158D85cfC95BAee9D7FaA202E,590318
0xE344222AB5c8b7edbb7201aDBcBA960855FEDb0b,590318
0xE345aDE1a9a79138f3F10387F9dAb698a50DACD0,590318
0xE35029Bd3390dD6f486EeD7ed9bE3C7750921E9c,590318
0xE35e2E4624987575dFD263b124a3999E180b8b89,590318
0xE36B37eD359965Fcde7EE5AcBf47942Ef39b36D0,590318
0xE36D2F95a9B69dF60DBF029BF7c4fa7D1FF56b90,590318
0xE36a124CaA7Ee0b75A96A934499CE68DaC6D9562,590318
0xE37265f4d5a68aE596EcE9252aff790b43aF76F8,590318
0xE37689CFf507cB199f55eaA23338181C9a63a748,590318
0xE37cb09199beC6eb54a1b78cc90AeCf5F51E5491,590318
0xE384dDa4558ffB21C5f2433Dd29c4DF1fc3d23Bf,590318
0xE386c823DBb85D036CaE8Ae62a5Fa9C5178ABAA6,590318
0xE3881F30b0Ac4027D96C42E71F2c5547c99BDe8c,590318
0xE38D25e645063848b37BFc5Ab29b1DBdb6a0c466,590318
0xE3919F3f971C4589089DaA930aaFa81B8A27b406,590318
0xE392E9008c49e7F82e7927A741FcB12799eBdB2B,590318
0xE396117c8BC0131f15Df5E691d01eeFe516bEdB9,590318
0xE39A510D4E2A5e3E0E815748Fe2D72Cb77D43a53,590318
0xE39ABF100b99f004d93Fc2da783414c265cb5798,590318
0xE39B0CBb501031B855D0e94299a8E1e826A8E6D4,590318
0xE3A2C85D5E4bE4E71eF7a5Ceb302a31f6c2De0b1,590318
0xE3BCb0e4A442EC1dE9B609A0969618Ebd745EcF1,590318
0xE3C0c75298466900FeCc9B7d32Ad379155977B3E,590318
0xE3D2ea2804819286cC9199DD8b06Ae5DaC366cc0,590318
0xE3D48A227002113c3071a3f72eEcaE1C93CEA481,590318
0xE3Ecd1907caa757A4a5C9DA32d7AA34005681C1e,590318
0xE3eED87cfD3058488f148D8CeEB81dD59a604777,590318
0xE3f27DEFf96fe178e87559F36Cbf868B9E75967D,590318
0xE3f697D26194B0c29b5360C232943D9A80B0B8Bd,590318
0xE3f6a7C196BA124a49a3B2798bB838236B87481e,590318
0xE400820f3D60d77a3EC8018d44366ed0d334f93C,590318
0xE4067ED66738dBDC7b8917703C8c380d898033F8,590318
0xE407449D04282dbbe4f78088D6231489E2FD3446,590318
0xE40824EA4c21d8A27cF0d2198e1202e58F16eeC9,590318
0xE4352Ffd543999c7e3640366ae49aCA00F233893,590318
0xE436100c08f052Ce27704cc651FB8d8de595b778,590318
0xE43894668934004720435E6359aAa25277163b6f,590318
0xE442A278F7932E36Ad3C45797E7f0C5AE8DdBf6c,590318
0xE447153452979922e5A3AA708D5752CCf7aAdf00,590318
0xE44813992d68c136d93065f91C56A72C82767bCE,590318
0xE450637a5b515D5Bb09D2B75CB4ca89700Cc410C,590318
0xE45393c0197C11E8dd2072D0C272f0Da66015313,590318
0xE45F094Ea6c763158f581a8D2f7FE190710C9f40,590318
0xE463163Ba23aD38BEf4dDAF5f1195B8E04b6bB13,590318
0xE46AC8a58851487096f26F8CBFACD0Aa61734D0d,590318
0xE46c821441771cf14F1d07602B27C64cA3341a12,590318
0xE46df4243E43ABD65b6C8B34E626b7604B6892D1,590318
0xE48A0B6fB7Eb08e94A3885a1034aF0D5b4A34B51,590318
0xE48C655276C23F1534AE2a87A2bf8A8A6585Df70,590318
0xE49f6639d4b0aAd153ee8845adcb4B79256E2f8a,590318
0xE4C8EFd2ed3051b22Ea3eedE1AF266452b0E66E9,590318
0xE4Cde89434732aE46d3cC124fC0215D523F08b40,590318
0xE4D6D99e7805E14F1ca86463F03Ab14fea1977Fe,590318
0xE4D7EE76539886CF5f919A91FA48e867D6C98a51,590318
0xE4D810743375AD9E452Dc045990e376c798B00eB,590318
0xE4Da8809f9a6d8fFC92f303d2C30bB7A4A788e5d,590318
0xE4E3426E8E98b84C983D5fCCD668c35199218542,590318
0xE4FE085E43189Fa23a11eD87522F7a30b91C9EEE,590318
0xE4bEcC8a6E1BfDf4441562EfB54974378A3E0ab4,590318
0xE4c140a67A3A95913a6E2FcFc6d6434d94C07641,590318
0xE4cD36982237Db3bA447B774244611Fa7F4d5dA2,590318
0xE4d2261f190eC28a0aaa37122A8077877f9C0737,590318
0xE4e11d2E25Fd8212170661B2397245A5141b600f,590318
0xE4e3E623C0a48628FE848E4e45E1a20f4FA505BC,590318
0xE4ef0A772075FC2387f332C4c0664447af691f7e,590318
0xE50681d35Ba91c5b13412ad2EA5f34b94141b122,590318
0xE506aF5bB286637204Ddceff14bFEF3855733519,590318
0xE51901E25Fe7B6fe57d8b556B5d2D87d38184a71,590318
0xE51cA35922Ea8880353fD917cc7be7851E70678D,590318
0xE523875E36EFD18A984CbAda6C2382Fa3aB2eF67,590318
0xE5250Bf1Ee0d01C54866702b3E4A12A57939693D,590318
0xE52635b37B81487d970fF0BEef4DD6E7114468C7,590318
0xE5291d4598440887C2D5Ca9f3063eA1E73Aba844,590318
0xE529978E90c7F0a98D8a654689B913Aae3417fc6,590318
0xE529b5634590989eBc83078f172D816ccE217162,590318
0xE52e53bBEE3B71f9B6Ea2b0F590014fcE69F35F5,590318
0xE5350E927B904FdB4d2AF55C566E269BB3df1941,590318
0xE53512729C5f2a208D11262A5D1267De9b6e9339,590318
0xE53FeFBd1Ca8723490023cbaf6B13eD38Dae5D95,590318
0xE540a8D94bd379C4d9c0478c8fe9f7Fe7F0B06e1,590318
0xE54440709F50408895352F1077cd199D26bF0C63,590318
0xE54C297e00895ECD00244DdA4927B60AE9176ffc,590318
0xE5508496e06583da360670Ce4AA4024a01E9861B,590318
0xE55EC08829C42aC3CFf76694cD2637DdfE9e0672,590318
0xE55ECBb4ac3861E748Ea20BFBfF2d445C9c00fba,590318
0xE55c9840eb6Ba1c75160Ed611E3C72Bc438dCA54,590318
0xE5691DFc88e01c16F46560E1a5e6A5ebF0678BF9,590318
0xE56e287A2deDe37eFc18B87D61466B66e6b947BC,590318
0xE57d72036Ad1aF2F4b4E656666225c647720B5B6,590318
0xE5AeB3A7D1752cB72e9E3C19E0a757D517ff98b6,590318
0xE5B40Ba0aF2c154Bb16E975bb8655dD6c5660710,590318
0xE5CF61928ff594B926Ca92CAc633555e55F3C010,590318
0xE5D484c0c794633924237AA7a212EC73559021Ba,590318
0xE5DDD6a19a21EA94A64F43D0668E0093ecaF2966,590318
0xE5addde967B235bf9cDDD235AACD6082738e15F3,590318
0xE5bADc9fa3dc1CaF29b18F6361b688DF68354F6b,590318
0xE5d2ca1ce854985600dC6C0555Ac43045E2698e1,590318
0xE5ea58E6531E63C7BB58353F08A492acC8B5Eeb6,590318
0xE5fbFC2B67Bfe40A33E79785A4f4F7feB46CE30c,590318
0xE6030d4E773888e1DfE4CC31DA6e05bfe53091ac,590318
0xE6032f950744aE894b995757B61F70D79537b03b,590318
0xE607b762318CDAa1d70Ea643EC24d466F610D7cf,590318
0xE6084695fe6F4B7b55fAeC7aDDc28F60b4479d2C,590318
0xE60E9931fCF272cd0e0E0316Fd8Cc73277EceD6e,590318
0xE60f03D22bC1D0BFF96F31578A5744F863b6D5b0,590318
0xE61D38c44C175b02d900752bd018809005330C6b,590318
0xE62fb6Db01e189F4498D07Da82112B935c08b101,590318
0xE63BCd1e3D0B8Adf1509F80f84C136EDc8e26967,590318
0xE658234111DF78980b704841137e317877acEAac,590318
0xE67425f90aCf4e026307293D703Aa53Dea10e84a,590318
0xE68ac1517954F6AF5D331C10E9cD6f8b2b01613d,590318
0xE693bB8B3d4B0389C599d1f89cB1916518D0869A,590318
0xE697B1bcf17a0eDc2dF872de1c7258c7Cc434745,590318
0xE69C9786360aA3344561A8FCf16B87eFa69d3587,590318
0xE6A2C21fB54de06b619C0f69381ae496d7A3FdD4,590318
0xE6AC93a8B7C018d57252CE0e6CFc011C071c57b3,590318
0xE6B2F7c6Acf2a8F1871E4d512865dba3237A3AFD,590318
0xE6B3062115DfFb4e1a35BF059636Cfe7e2C6866E,590318
0xE6De2657Eef3AA5b896632Cc4fFDCe05996EB3cE,590318
0xE6cDEB2489c06c330e3f13718765e71Ac4dab445,590318
0xE6d877109239bB52C6739a2e14d0CD6EB00D9d2D,590318
0xE6eA861295af4e0d0D7F331c7B950f7DA3A9D265,590318
0xE703389e725Bf319F803C7900C19Bac38672ec88,590318
0xE706F6b5E7F9E2320b02A77758C9A0BC3397E0E5,590318
0xE70c53381bB4d8185A69Fd15c10E0C3Cc5CdD312,590318
0xE71345fC0546099fAC94ffada2DCBF2F7cC5c2f7,590318
0xE715Eeca1D8DaDc75cAf45AedbDb3952f73771A9,590318
0xE71CbF47Fff309813bcea54f3ecF49a5F129264D,590318
0xE71eFd5865A42Cb0f23146Dc8E056dBA4E67e9b7,590318
0xE723A7f57934DA9692c87e4638dfe87515Dc6F30,590318
0xE728dFAdb64F5Ad50402e4A30C286DF297E56a98,590318
0xE7298D8f1Fed123268C39AD851db898F63b22BB1,590318
0xE72D1cd75D1553f233978AE277A4C1DBD853F8C0,590318
0xE72cb482c49d2Db1cF4898a5500c8dE6e6E3615D,590318
0xE72f5f91e693E36684270299B73575540141Dd2A,590318
0xE74419fDa5425B88fE288923F5dF60A5CDa057BE,590318
0xE7492c49F71841D0f55F4F22C2eE22F024370840,590318
0xE74BE1a745B830388b64656d48178d7681287633,590318
0xE751D56c31DC1B16595a2CdfC94388687E26a674,590318
0xE761A47Eb365CBF3aD40b8b5Bf19E97984e488Ae,590318
0xE776f1440d2E25266ca5FDF13950C53DC3C4f0e1,590318
0xE78dE326bF799e4eBBAd8F971844f12F72efF19b,590318
0xE7919937e5EB66234F77B0533daf9b20Adc2E244,590318
0xE7968CFA660FbF62b68A614aaD3Bfd92185c21f6,590318
0xE79FC5c60D5f92176f76CE891BEE047F3fD59c43,590318
0xE7B5F5fCdeB145532242a48aA23c538BB402d4BF,590318
0xE7C780D546D469F85d4d1E7529BcD202453FA039,590318
0xE7E374c606801049E871FAB7B17c1cE784EB62CB,590318
0xE7EB077D77f09b469B2ea8548AA860b137039977,590318
0xE7c310F00a4c01104EeC895CE109aC0965C0D842,590318
0xE7c3E039cDf305dDa458f10c2A20cD625b686068,590318
0xE7eBd2ca90DB3d66262308F00BBb61DE4807Cae2,590318
0xE7eeb97861761e0AEE35F3e5dE42e1501C283495,590318
0xE7ef13FdDfDBb299d2F1cAac9d7234877A74a432,590318
0xE7f76ac884E50998E11b0d0d27c116f594825f71,590318
0xE800DA711CcC89B96DD302dB2b3E278962f51697,590318
0xE8134658f5cd5B4424D2a448F9530b8370d00D86,590318
0xE813dFC000efAA880Ef696BF36004cB34224328c,590318
0xE81769ecc51aaa4663c937cfD711D891Ca9E2410,590318
0xE8198B86B0B8886EA09670aD5E4CD3Fcb77357b4,590318
0xE821719d425f1F0327eE2D35a02951C84d0155E9,590318
0xE822ECAC55a3A20BB4b24cDd83401eAa73dD3Bb4,590318
0xE8272C12c3a74900Ce01cE04e4E86Ec50bc02355,590318
0xE829251Ee476693434b251100858f693caD8C678,590318
0xE831C8903de820137c13681E78A5780afDdf7697,590318
0xE8341A507516f16A82a35d47d905B4bfa8C1791d,590318
0xE83b54a724f97a110dEb1394d668797555bfEd2f,590318
0xE848CE79aB50CDe0724783292c2e45dcEC88616C,590318
0xE84C770edD20ACf3a871e14B96309ec81178F13D,590318
0xE84fbaD5e9ae5F2111d0608dab25DFba8004F964,590318
0xE85718C7a9479eF9837D55A9E6B6527c711b31CA,590318
0xE862C949FA2037324CBb306Afac87d12f05f2BAd,590318
0xE8694D3e649D05146C06986641C622cdDD8D36DB,590318
0xE86FaB25450e274946bfEC15A4Abd8BdE2844D04,590318
0xE86c9cb39B281f9315b0B98Cf34Aa388DAAe0c65,590318
0xE88661C771a821a75a07feb37cd30f5A56a041A5,590318
0xE887c1fa720698B55803a22011140cE140bed00a,590318
0xE88ee6f67731Cb2D730F5e833C2e0108e8732218,590318
0xE8A025C4E024e902f768eda586F27229E127a980,590318
0xE8A11C140b700AE7bD4a35B81aD4589e1b6eF5b9,590318
0xE8B2c24038079bB624010ca7185D5CdFb716320E,590318
0xE8D848debB3A3e12AA815b15900c8E020B863F31,590318
0xE8a6a48EFCf7B38D18b565798A20635A3475357F,590318
0xE8b9205C88728270EC4FffBa8B54cBe31E16BB35,590318
0xE8c79278ED6481981a9089d6A972B3e287a65c3f,590318
0xE8cc9052cEd3383dD959912B49333388c62d4DF2,590318
0xE8d8bB57eDf69e4daf806Ba60BF2658C81eb91db,590318
0xE8e3b4130b776956dA7aeC6C38b79314104620b6,590318
0xE8eb6112e0B29f2dc538c6f1C690e717dfb33A3f,590318
0xE90172d7C019A720EDaaae2E470A955D1FA96d53,590318
0xE9105c5d4ee1F680310bDB4Fcfc2b2D31460165B,590318
0xE913c0f42fB60F85Bd43bDdDAf4e004135eF318c,590318
0xE91A87a546e19aB796C92902C966f11d972FA20D,590318
0xE927c9D623bC229C84A90C2a8195f37051707257,590318
0xE93De748a153abCB5398571a8f0CBC83a8569678,590318
0xE94a5B3F1c020Fa5B6352Dd0f8931cC489E3e365,590318
0xE953d04366223785043Dfcc1D478B7D7117f8728,590318
0xE956DBc7ddca00A1b46a1f84258e5A98b26177B9,590318
0xE960F60180c668f3c52aB23177CEcb6A5f4bcB34,590318
0xE963EDFb97079446433F44010D257BcF3b1Ad43f,590318
0xE97022E3e50Ac76D20f5138141d79f65aCf3bc82,590318
0xE971fd2B7362766D69E7Ba003819b4A69866ea19,590318
0xE97d0A03b5313c3d873bE5A5E3472CC3FE195638,590318
0xE9D18dbFd105155eb367fcFef87eAaAFD15ea4B2,590318
0xE9DeE1368Eae6c8594576B63aD7c3f810A1fE6bD,590318
0xE9aD44487906EC9eD3F617E9518Bc87426a15969,590318
0xE9b03B9EfE6Bff4b05aD8c22A1ead469BE12027B,590318
0xE9bc5f855682aCA47Def4A09fAB4dE5FA8b0FABE,590318
0xE9e6115844292D4B8325E2F50c61a273EEF00686,590318
0xE9eE92974BfcCBEb00067e1983f0aeB59E80c5fC,590318
0xE9f68f1B196558c0757eC1f480c05E19CB3d4bFf,590318
0xEA101abF2aA87e621CAefEB64e6BFE34340b822D,590318
0xEA254D892d1c130F7c6fB6a9ab16128E6905B78F,590318
0xEA2F3e59d03D3eDa729e5b71536E2AB3550FD833,590318
0xEA34A22FD4d2A41308662b5450282574029A6BBB,590318
0xEA3871fcDD47c06095b7ADe579E8365083dBb871,590318
0xEA46BAf75636A08eD3d3851f972C82F121B65404,590318
0xEA4B94057b8E1BB6f957d06F24B7153fc364d905,590318
0xEA630fBbBE263362198036CBD1671b56D581b3d2,590318
0xEA66430CBE6d9dfe4Ef7EF8f1E378305DA6cbE74,590318
0xEA787641703FdCB37E2e2A47D7EAb91595e9eE0a,590318
0xEA94DACE59eDe50C55d53cC90c26d8ec4Ff0B685,590318
0xEA964d59D27B9f01E48b7bEa45a90737738a63dC,590318
0xEA96c47edAE939434B557609Df7012E85dFDA8E4,590318
0xEA9D310edF53283449f5BE55a5965B94AD8e7870,590318
0xEAAa7e460d3314de9AA6d8b97745B25fA48334BA,590318
0xEAF5DBe9ff2812B65fE9445fAFBd5C8bA8B689af,590318
0xEAac55223236974875CCE085d066413628bDdc92,590318
0xEAc937F5130F5EA50fd394bF5e54e6d16CDa8495,590318
0xEAdCc023C423A13A7bdd9ed8413A873Fe5c29ED6,590318
0xEAe5eae3a02fA1ce0a1Ab618d64817E7598dcd64,590318
0xEB18025DbB1604fAee140BBD81d452F4A2A475E1,590318
0xEB2251C5854bFD505425fBDBfEaE356c31bd278d,590318
0xEB2b89F1dEA00d1120B39189f2a1e3744B647bb4,590318
0xEB432905497d9Ed2F0a8A9aac9053A0108746c1a,590318
0xEB5217FF57b1184324480F8e6C3208f882D64eA1,590318
0xEB6075f0a59A221DCf85bE34711Afe9487ad4b8b,590318
0xEB6C0D8bB56bFB802162eC3d755857c01A908B4B,590318
0xEB7a12fE169C98748EB20CE8286EAcCF4876643b,590318
0xEB8a861A8799371d250Dd40Be825389274ac4291,590318
0xEB910e6462F89305514586802486d685EACe0C2B,590318
0xEB9122ade700C4624b46aEd1bd896329c2c05e42,590318
0xEBBF8d1A6fd2912a0B5d82A5acca3424d9b40A11,590318
0xEBCF3e3780806cDe81db82451C5846ace636dec2,590318
0xEBF8a8636Bf77A5A253A1b8551a8DCb436D28Fb9,590318
0xEBF8bC853B3DC929787430b30d4576b01C04b3d7,590318
0xEBc1263f1A824e7B6526bCa6D803b26B54254c80,590318
0xEBc6C48dEC57441981f695Fa40B0246f067c4508,590318
0xEBcCb8027e4cBBeca4147d8C5a29DddEcD62C6A2,590318
0xEBed9e54184FF323B1b5Bc2487F358e12bF906c1,590318
0xEC086Aa4974CD1C37a0ce272b5cef68d3E67A456,590318
0xEC099DA9Ea96C4ccfeFC9F2438ca750991D44188,590318
0xEC19C78F656e8419843D40a8074F64ae555D7751,590318
0xEC2F7a50B1d9dd1940D27C9e995067763d14c7Ff,590318
0xEC4A6f59960Fb55A7Fa49262e2628687b322cf62,590318
0xEC4D5BC17f775f324552B3a31B16d622Fd71fB22,590318
0xEC4e061c01bF8A1f4777458a5bB6374242eb0419,590318
0xEC51beCAf2319d72Cf3Bb2Df0109BBa00BB7a2c9,590318
0xEC8FdA923a0D2860D0064880A9901536378Da4e3,590318
0xEC8b6b6ee8dC5c6631747BDC6b1400Aff08829fD,590318
0xEC9B780e568900BdEB176734E686E31a2E9EdF9D,590318
0xECA345b5c749b8a9299B154Fb036020E13394eB7,590318
0xECa9C66692bB06d64E0289042409c69289c67C23,590318
0xECd74078DD34529116549059320be8e419380051,590318
0xED0f30677C760Ea8f0BfF70C76eaFc79D5f7C3c8,590318
0xED2B3702B75203A3543A06CCCdF80F8F2aE5a4ec,590318
0xED40bAf5FF9A9039e0108056edEa37fC5a9aFA0a,590318
0xED6208d73F99d423355b85067F8c4ddc6A78c0D1,590318
0xED64bb0d2F854B8174F42cBCc1D59290a64B10c6,590318
0xED66cF7022Cff82FC66a4B8348401684E9C6e6aF,590318
0xED703dcbDad466685995A82B37D7fcb27a2D7007,590318
0xED721dC63328be92A08b6b7D677e11100C945eA9,590318
0xED83D863d5AdAfc28D0106be4bA108334102f808,590318
0xED9D942cb93cECe584B3898Be216C366d81D9e84,590318
0xEDA82Eb2832e7EA9df08ADD004474498d787fac2,590318
0xEDCe033698c0Ec0eC377EaeBF8EBC1F4fe60577C,590318
0xEDEF2aC39507e770D3ce9EB6d7263Bb17422f84c,590318
0xEDEd05Bb72603B02Bf0D395e43809739f4b2079F,590318
0xEDF2be375955ce35953d72c1Ca4a37c9151eD999,590318
0xEDF62d17380708994655dc94790cc2bf8D894EF3,590318
0xEDa6550097730FBfE77ecefE75F053e8DEE79366,590318
0xEDba0Dc3F4E0C15bB1355581eAf196007afa766f,590318
0xEDc66382f1e7Fe11C259761CBddbdCb995Bf472E,590318
0xEE05e70C7ed8577B015C8AAB14c7e7C135bA4415,590318
0xEE10d55cBA2fEDE50A7BAFD64817bDB8177Cc55c,590318
0xEE176d487B6001101f74ae12d684b9AbaFE8B4C8,590318
0xEE215E2aa6Cb1a5CF16565C86CaD4e544D0485cb,590318
0xEE3A8B70E5DA5b028503Eb54626a4C84c2701dc9,590318
0xEE42929f29F76C199fb8CF10090a6c0a89cE22c6,590318
0xEE459c9E50f5e2cB58D4D76f0B68f75C66A86650,590318
0xEE4E1E86cA32B090fe772Cb779DB5Fda0cC6d478,590318
0xEE5fA64496c73CF1b46873F41A8523bf181Ae8cc,590318
0xEE74dDf046a51632979d8cae247B7650a8fae940,590318
0xEE8Bf0C20131c5BE4802667382de385dcc97D387,590318
0xEE8d61545B8B51BBE0C2EfDC5C09914026d3101C,590318
0xEEB9182c32988403ea5ac979c64C6bc93c20Dd53,590318
0xEECA447150B53539CCd6437994c6C632B040F685,590318
0xEED12287e9ef3A612E51922B7c281B363D4Cb2e7,590318
0xEEE383b3391D92DAef48dD6C62962cb9cE4a5E50,590318
0xEEad1396fe5f0daec6DbC04d8a43E85dDE4d97DA,590318
0xEEb51149987e90cC815F0bca98F609933072d4C3,590318
0xEEd2a5Fd7B8B2142f8A0faB770F7Ed1dE3f2Ed64,590318
0xEEdF66927405f7E5f98c623C303D1aA39d93Ce40,590318
0xEEfE8CEbdE1677AAF8899bEaA19A775b52712b68,590318
0xEEff483b297016938400575043752A2d10d7579A,590318
0xEF19aB91E5308a98C7917728D37e20Ef1Efb2922,590318
0xEF26D0B7E41dB4191E399CaA6993F65a9E6F5b64,590318
0xEF30fA2138A725523451688279b11216B0505E98,590318
0xEF326B6ac4538764AE582Fa7B1dE0bd83060F6d8,590318
0xEF3c3a098271e8C95b1bca1409ea667804A8056f,590318
0xEF4C9460E940382a8706b2F3556EAA50C58f1E2d,590318
0xEF4eCA40fc1F4aEc3029a8967B0f940913e8b387,590318
0xEF8E8c0a363a261b5A7E44C085198DBD027D3fD3,590318
0xEF8fd134B47CEa5ce1ea4b4cB741A7fd23f47579,590318
0xEFAb99E42D423288F6F2bAc3514d16C85A958Ab6,590318
0xEFDBAA10bf7c18C45B80B5Dc267Acb0d9deE29F1,590318
0xEFE37aDA889BAA3699a0811d4fd73585D620D2B2,590318
0xEFF4599e6B040E52AC52DFa50c523eFAD791d00F,590318
0xEFa4BDE8D4eded0aa40b987C01479D2c4F0783FB,590318
0xEFd3Ab65915E35105cAA462442C9ecc1346728DF,590318
0xEFd9ba2E337c7046297284f4a9358a2AEE5990bd,590318
0xEFeA36Cc43918b1680f0C41744BA110157ecF35D,590318
0xEFf6991e111E14A3bab4444Ea497Eddca6f4b69A,590318
0xEa0AA7b711D207c934430121B92EA57A621e0628,590318
0xEa1CBc596694Ff61E1aDf533A1198c29Ae52eb9e,590318
0xEa52fEeA53A00B19Cd3f0575F821528c9E142c3a,590318
0xEa5d01ea4e69e10c6Eeb6E456D03aC17dD8E8492,590318
0xEa69A74BaA0BA5003C14A94e4673bf3506A83d9a,590318
0xEa8e1d16624CBf0290AB887129bB70E5Cdb4b557,590318
0xEa981F712b94234Dc38792f0488547b12d83A51E,590318
0xEaBABbEb4289fa94da17b4C58786D93416bb0945,590318
0xEaCECE9ac95BE020f535845106c202d2BF7d32fB,590318
0xEaEf690F7D448E776C15FAb6262791E5330BfBeA,590318
0xEab23c1E3776fAd145e2E3dc56bcf739f6e0a393,590318
0xEac0fbBA47ea4D3ffF69019527092568492f2450,590318
0xEad5B7d86C681C036C59Cd00A0390541061c69F2,590318
0xEae49A86f0fFB1a1FF0979A6ca4c0701b03C0f4C,590318
0xEaee5078a0B45ffE0C3d64c19fC6F2c9646981f0,590318
0xEaf53155f2453Cf2d79dC1fDE14952BfAAEF0bF9,590318
0xEb02a8EEd45cA7fefd7374180063a51A87CE5Efe,590318
0xEb475923C06ceE29C63B63cDA3f57B9dB353eb55,590318
0xEb54ae605eCC235f3581FbE23C912eD2d3068643,590318
0xEb8189F5D8c77A0a27F26A29b0C17B74A323F110,590318
0xEb87Db53c6307aCf931feF3F4fa7e14F23129621,590318
0xEb8d90588D11B6798727Df71E482d7330aD7253e,590318
0xEb966259Db9360a32F05d9F4cf7a51623FB5c542,590318
0xEbA88C3438945f70faB4a5B52185B4A4c64d7a41,590318
0xEba5bd5Ce524BC923522b0529D8347C58aa9005A,590318
0xEbf1E097ba16Ba992FF3Af1E661cb14B5f46cEA8,590318
0xEc120Afb2d071aa20D0a6b8E6af795436DaB7A02,590318
0xEc16B574dDF7c1b1039AAD3B7C170408B7aaa4ac,590318
0xEc1C5DcfC8739959cc8B250A020C60160115dBC4,590318
0xEc27a7BFbCE0a57FDeB2B89A2BeB81F5C8554fED,590318
0xEc3327fa12862Da1546759bD021B159E3B92B3c8,590318
0xEc3CCEF8D25901ce4F37DcF70D831e7EbF80C992,590318
0xEc48B8C51eE3BF3e8D94112353b9d706f17Cf5CC,590318
0xEc52fda412E007B8BE44F9Ef0F4ba6AC5b0b0447,590318
0xEc878184c54B89d25C7Ef830a2b06D3513ddb5aa,590318
0xEc8A675289BEb9cbEDBE5E8c91059668E2192Df8,590318
0xEc9d86f0AA8993506723EE3E22C767909d7688cE,590318
0xEcA7d3295d1B7a43a62439880691388c1bd26787,590318
0xEcD5F38a43958338F54218Dc94911818Af7E447C,590318
0xEcD9D7B317f513b4cB9c845332C69a8273E8Af92,590318
0xEcb39ce036F8F84f863BF34D569E4a30DDFFFfD6,590318
0xEccC6bF1C7B747EFDb151163E2B5E0a4058e1d50,590318
0xEd0B4Ba5B7f6Fd323c0b7f786873BD64Ee24e1de,590318
0xEd283e5dFD921F66C075bc69A010c44F0242338D,590318
0xEd38Ff1EFB8207cFDfEd75FaD5004077819aFc3A,590318
0xEd5e1e69BD2b417936f335054EC15b549b199461,590318
0xEd76912506D2F49bBAc62B441121d34338864a89,590318
0xEdB42C93E8bA04cF90e069eB78be22CF8dD91066,590318
0xEdC32BD92cA8F6359f11EC7e40477Aa9B0A0C466,590318
0xEda1caDC2F96e23E479c930bA958b928E1eC5532,590318
0xEdaB0faf75C060361523D2D72175FAa8ffdcc3Dd,590318
0xEdae46bc4357e4619397EF4E121fc3067D931CD1,590318
0xEdc3e42A2c6cbDd095f16E7B9C5Aed2B5DcF2C10,590318
0xEdd924Aa0F6dcbE1486AC9faac958D905Dd383c0,590318
0xEe001d47c60d6Df506e345C8E442837B084Eb34B,590318
0xEe052301f8646E3E22b9DFAc77FCBB1Fe1f05b8C,590318
0xEe0b53ac9578cBc6E0CEE0Ac6E18cfb7118b5cb3,590318
0xEe12e1976bbf1B1710902f17aF0CEe0Be4f7E050,590318
0xEe1dC60396E4be97806A1a3F453439B5D9360c8F,590318
0xEe224EB1fE9BFeb8BA6584Bc0551E4806b69c400,590318
0xEe486e17aD4C11AA3C4022582f56326CE9B91b52,590318
0xEe53400807F0596Bc3C2C2d11f57a9C486b1414f,590318
0xEe8a672e0C629817E32677Ee2756F7F14329b5dd,590318
0xEe9495F6F6Ee548C6D441c366a7021A7beFC4aCF,590318
0xEe956511A3819339b22314aE18F95bb75c3d7160,590318
0xEe9f7239fAD1e2FD3F39148Cc2D88E200fF16492,590318
0xEeA655E76d606ADe19b8d599B912FC8925aA629c,590318
0xEeACD78E4650221b60BB7F283E39eBBe84E1b24A,590318
0xEeBcc654af0C697eA1D9057be6526A95059AA50e,590318
0xEeC5Ea18166F95b684aC61cd549CA27B04D5dFed,590318
0xEeCC5715437d1bB67D05f2746325E33de96617a7,590318
0xEeEEAB510481F0e2026aE4e419Afafc979e2dba8,590318
0xEeF6f14fF9977aB50c3035c527F33E94C0d2b864,590318
0xEeFD4C39867F92Fa32f10D1FB209e93b5846A0e7,590318
0xEec710616e67864840B1841651a502e283d069e1,590318
0xEee468fF27639a156AAfB3Ffb9CE7979C986c1Ed,590318
0xEee718c1e522ecB4b609265db7A83Ab48ea0B06f,590318
0xEee899B6521DB73E94F4B9224Cdf3db0010Fa334,590318
0xEefE082D898a3E3e23D12C114D7Ad72432bb7C75,590318
0xEf09A693DFC66D73d2d1Fed4e1f1dBEbd0835d98,590318
0xEf2d8ffF12eb1303Ad9Ec1e8bFCC3e8Cc1828584,590318
0xEf3913b8A1F93F15c2F332ae2F5dfe46C4cf3154,590318
0xEf58e3B3b1e1706ff80556307CFd8E7A673A5E75,590318
0xEf5Daa4cC3CD3bEa90388D8c92e32360551F3034,590318
0xEf80c44d996EbAC95aA62589986fb3FCDFE3f7d9,590318
0xEfC711B22F4fDbCBC221aC7c116e90c699D0b708,590318
0xEfE1c38620a4C57C05efE0939f45A4CfA8D1996b,590318
0xEfE235527024C9B46f5D4914d837AcD58D181045,590318
0xEfE46FE278BC9e7bCC60B12C53CBaf376d2b1B45,590318
0xEfF07C10EcA0575Ffa021601C138152EfBE9657D,590318
0xEfF17c01047b6e98B6c688D9DFFf2997d1697843,590318
0xEfFCcEc05CE3F78a3167F904ACe12a6dCBF588F1,590318
0xEfa7415C70c688Dc229AB099A46daB3657E16482,590318
0xEfbC53e0AFdc9f649Bc1Ab692461df57E70A560f,590318
0xEfe5feC1BF728ecA069e7aFA0D936572Fb3922c6,590318
0xEffAD8dc8d76327D8fBbA81CF3dA4C097742d93a,590318
0xF003634AA3668D8Ec35ca7F2087aD5f217AC1064,590318
0xF01Cc7154e255D20489E091a5aEA10Bc136696a8,590318
0xF0218e2B0D486f2D7E32b27d23b81C0c5e5DdDf4,590318
0xF02357aBd2f7F4B9C5209D55CbF16412206D88d4,590318
0xF02ED456d800c40De1A1dd2fE1D767E997cBCa93,590318
0xF03A9fe6e99DE26179fef7bdac9644A7975d3806,590318
0xF04089d365F9B4Ad237E63B3b59Fc04DE0B10A34,590318
0xF043D7686Fc73955418dDcFC649EcD5d2305dF2e,590318
0xF04C4B8453A8C6622AA74c4593c697Ec340125c2,590318
0xF067A77Ed156F328982F0B927E0e9659bD4C144A,590318
0xF070A91c0f5b79fc577bF7d4Fdadf3920f095A66,590318
0xF078969E55caBF9AE3f26afeB5EC627B4430f19E,590318
0xF080b80D0d0f0c9Fdf66ed3E4bcBB22998d61b70,590318
0xF0A02bA2A8Ca3F21e8F459Ecadc861412c8de71b,590318
0xF0A5Ed1fF1bC17347C5E9FBA8239ca329D2EbfCd,590318
0xF0ACfEBDACCd20d56e2c890fF947611D52f5B303,590318
0xF0B2DBd3629Bc3B5DC7CC03DfeBe50ba13606624,590318
0xF0C60E6aCa118743aE3B8B440fF6F13297274bB8,590318
0xF0D193D8524eC55fe2F5159aaD2BA1A264993605,590318
0xF0DB4c92d12Baa9Eeb3a0c3bcBcA82C5E0f0d49e,590318
0xF0c0e7d38121E30b251f5bAFA5855A95Abde745C,590318
0xF0c5ae2950D2674f91e976DfD8e6d51D6Bd095E2,590318
0xF0de84137DBeb9774C8549450C2d1cc381DF4326,590318
0xF0eA47C4eC7bb933250eEA46Bcf05a1C12F27f93,590318
0xF100022D0812A8CEe4382511F53691601c3ce91b,590318
0xF10487d692847381d541529A06D846413b92ec72,590318
0xF1092fffDF736fCE2881E16A57c3c68AC8e745d0,590318
0xF11D07682EDFf6C26f5c73e80B298C5A69C61f4B,590318
0xF127deE7e10fEcBEbe9410b9baEfa8C20c8fE389,590318
0xF134BE93d238Ef2F059336fd7788Cc401Fa86c89,590318
0xF144f22b923Ae770E7345cde15FA5A8325e45352,590318
0xF14C3f088Cc75982d3727b4463BC1C22139198Fa,590318
0xF14bd97cB97C91aFeB6555E2b4DFb1F1301B111d,590318
0xF1671eEB3b444d6Bd384b537921eB9592ca80736,590318
0xF169cccEA467c18dc0F84E7722D59258D611f9E1,590318
0xF1739AF546D4e4eC875345F53936A1fE5E2E06B6,590318
0xF174E96f72334211F0519216462E7d7671739854,590318
0xF17E9493E234bB39d9068D4c9BBA5312De3128dD,590318
0xF18DB699CB060EEd2813f04B7b3b0ead0f49A44f,590318
0xF192a5365b3b92b2E9df22CC3BCa2dD34E056190,590318
0xF197179d3372b9300DFCF87EC06AD6E6f50CB889,590318
0xF197aEF11736D840FdBB3486d8705E2aC98ED0EC,590318
0xF1A088fFd8cF9def1031b6e65Ed4E6Fc37e28565,590318
0xF1A1Cb02adfE3427e86db5791AFd0E954B273CBb,590318
0xF1B166a5d4503A90dA6CaB8f824BbD6dd6fda58e,590318
0xF1D040157c33701d19a8C08a97ac4b10bf4dBC37,590318
0xF1E693b8aFB4297b4316448a06241Ed1F5b8A795,590318
0xF1Ebd55eCdf7fEd994885aE66A92c27f8D363bDf,590318
0xF1FB884F065460629D2ce5020Ab8db6710b2C2A1,590318
0xF1Fb109C5b58CAe7D1cA77f50096be2744ecdFF4,590318
0xF1aC29B67D0695546123185776aFffb3be7dc4d1,590318
0xF1c68BAE103BE7B4566599D828697c16bE4021B5,590318
0xF1c76aD59865714Ad747dc56F73e1D533F8D3751,590318
0xF1ce61f3fd811D7d125B562C8fc3f560cfbfeAf9,590318
0xF1f3baDb0971719cd37E991cE99884C01De934dF,590318
0xF1fb9427B62A7632033E15F76730e7CF63DAE536,590318
0xF203840d1D187d2a6fE4e9E2F62A5181a0e07061,590318
0xF21D3bBa4aB1c0B432F14dd983DF6456F9095454,590318
0xF226d4125fC81100bf0b7A7a3e9F9C2dE9B76a3f,590318
0xF22B3D44D0152D9a106025CFd46C0CD52f21d74A,590318
0xF230dAaE38627c46367334A7494dc37861b4d3ef,590318
0xF2329B5ffEfe9786A4ae6240314407E7C4C9d2e9,590318
0xF235cd60Bd5195239B8F5eD11C1442745B1be2bc,590318
0xF245b710f00a1106Df9c129Bc0352680B1b1D988,590318
0xF245df2CB0B2D3CD2861AabF7097e4f746e06374,590318
0xF24922f17A80D034E808C99343bCe882B2a5cb3C,590318
0xF26548644BDcFA194128d6bB6761A3eD3FEAF90d,590318
0xF272c884F828Ae6B596f50fd76d4BB74CAcfC32e,590318
0xF276d10B388E00B8A04b1362f66c6E2aad8a1960,590318
0xF28D966DA67b4012A534dA6fB7E73f61Adb91D46,590318
0xF28E1B06E00e8774C612e31aB3Ac35d5a720085f,590318
0xF28d3d35459A33Ba5F08c729cEf92F5D63cc865A,590318
0xF28d7F814F3F66A6eD59a1dDe3809B34a93e4df2,590318
0xF2A919977c6dE88dd8ed90feAADFcC5d65D66038,590318
0xF2Ac8C4DFB3F81A005Db645c60627136988f454F,590318
0xF2B81a3FA0A8215D8be7B2792ff80680f881CC5d,590318
0xF2BB4e11E908c424c2F4F9787Ce5752d75083Ad1,590318
0xF2C8fFF32033141970A967981AA1fE7ACa3f4066,590318
0xF2F59AEE618F9eb784650F4768B5A58c9C4db909,590318
0xF2F8bec1B5a9F953FEB023f70672204c34f66Ca8,590318
0xF2b8FD09d5687f2017C5331331b195E3E26b7B6d,590318
0xF2bea08a495752dd8Ca1FbB8f3971480b2A7d073,590318
0xF2c06f90FB58844C09220e01E3116A2293Df6960,590318
0xF2d07C84a39065575bE87d9a3B2472575FF0a632,590318
0xF2dFD97B1dF442c6337c83A8E2f7555085dDCd86,590318
0xF2eCb9985C57eC5366BC73d46E31D3644363eaf1,590318
0xF2f92196192C295c16552c8502e35D2E40c96186,590318
0xF304a5675E384ba23b167f0B31BD43677c57BE3D,590318
0xF3051aC3D89c87DB1A9c35E0dFB025A251f9688d,590318
0xF312f5dF4A23505ae3cef0812Cde2A1790061e7b,590318
0xF314119D76029228c28ddE8A3D565e9c83cCc95a,590318
0xF3174D077beEC5cC64628EC95669BabA6E98ADed,590318
0xF32249de62c49a8f3EF55ce564f8D4079db8564f,590318
0xF3297D354b7A8c594a54154C7Dc03d924b6C87C9,590318
0xF32f4dE85BC4DE7910e8Ffdd07Cc1a0acf42d24d,590318
0xF3321515aBaFa0E2440ea87e7802a13a3d9BA9cb,590318
0xF33De06fE7E06257615D28fDfDCc32dBE50D2428,590318
0xF347685a3C18a00f3D400e13992FD9217051Be07,590318
0xF34c4E31f300f6dCf0552aA518C5d51cE0F62982,590318
0xF3501A4E2B50A5c38ed60757bfF1f15B95db81d9,590318
0xF36154B3EFe03D3B2798C329b6872Db1b5582DfD,590318
0xF3681Cfeffa7446BBF7031C09cC908D11BF3cee6,590318
0xF36d4F39095686c7B6b1afcCB497380adD698FfF,590318
0xF3713895F3f13e89a055D57A2F3A3d395F71b40F,590318
0xF3858DDf4520Ee52682704f15aAC391f2fd6D561,590318
0xF387381D429a9EeEBEcC435626c9272aF1d13d04,590318
0xF3873A219317bfdf6650971f11905545a39510A4,590318
0xF38e22D7612a901E30B6e13Ed88268a6e25098B3,590318
0xF396923a852Cb675AA52604ECD6489385dA4b9Cf,590318
0xF39D803c90dfBBDcb584A8E984237c2C431b4569,590318
0xF39fBf3BD9F7BFDA4FD5Cb30DF587C9F6d6abbBE,590318
0xF3DEb4b8253A15FB49a15fe04D5849871e922569,590318
0xF3E7CFf1EEbc2d0A59ccd14cd6c7549A04E9eA58,590318
0xF3F42581942408b68bF6995A51E013610021DC69,590318
0xF3FbA562620044474Baff75B231F1f407A80FB21,590318
0xF3a346EA043A9e4C080Ebec2776baa482Fc9F409,590318
0xF3b471e63bDB76c6E37b9b0A1411be9eAa8454B7,590318
0xF3dc3FA59E7595e7436513120974b3B4763fB87C,590318
0xF3f699236Ab4E886E42A4714Ca941B50154fABe8,590318
0xF3fF8Db5B15B2ea226FBdcD297749822c9666e5b,590318
0xF408D17dF0187B90d33FDFF1E604F08fC74a0c00,590318
0xF4097339da942e6a616C97ea13Ae931F746fd902,590318
0xF40Fd88ac59A206D009A07F8c09828a01e2ACC0d,590318
0xF41529fcEF3f91D4Cc9Eae4406e9326E77Fc3F05,590318
0xF417ACe7b13c0ef4fcb5548390a450A4B75D3eB3,590318
0xF418b267eD4025Cc2245E78c9166e6B8f3485AF1,590318
0xF41f7FebD6574FE0B08B999598df44f6B3E95006,590318
0xF42E0d17F1Ad1D218AFfDAE2c9F2F2bF6db33482,590318
0xF42dEa960b7d7EBf6B3EE59a6bC2EBbF83FC1D4D,590318
0xF430fB667bb7D0A5a46B9C67a06d90e114aAD213,590318
0xF43c6B208a782EceF124186E915d4158cB97F24a,590318
0xF4450451B0b13864A40cc013AafEBafFb43714fB,590318
0xF44E2b194d6DBd6cb34CDc3E82A8502B196d6c26,590318
0xF451B40A8EEC21ad3E11CccCc9AE2ecE4B22BDD3,590318
0xF45D9A9c5bD68c482cB830248570Ac6b54dF6aE7,590318
0xF46379e8fc7Dc83eB101d6b11a52a4dd45CfD129,590318
0xF4758fe2768Ba8c096F3cc5748c17aFc1Bdcefc9,590318
0xF4847F0646F6AB5261e28Ca28A5199283E2f99E0,590318
0xF489dE8e71e2D0FCBA400C0c0952D17F259e39Ea,590318
0xF48EA8534CD2Fe389Eb54f544493bFb7706dcBE6,590318
0xF49507298fA7fEbC3B14Ea8B894b0D5A82868CAe,590318
0xF49cbd30Af8abBFb412e85A5a2f0a10Fcd50d7c1,590318
0xF4A68451a53f8aaf5AA8b64d2e7830D53B9fF856,590318
0xF4B7257927c130d106307234BBD8489b0d8F520f,590318
0xF4BC9Bd769dA5c751AeE9c8d8D44e8460283110B,590318
0xF4C556615Da7B90B9eF68330156f452815FF2A3c,590318
0xF4D720910Ec2580802f8261e59fF7Fd9D7252B8b,590318
0xF4E505f7d234DBaEc28061CBD6011524495FE835,590318
0xF4EE892A14Cd5A665DfE46f98293aaE38915E9f0,590318
0xF4F952f68E8791E04F3824f13c90faddF7db538a,590318
0xF4Fb9FA23edB32215E5284cf7dBfDB5607d51a5b,590318
0xF4a93BD87468a0A1edE4a4DE2FFd20DbDAfEbA1A,590318
0xF4cbec9F7A9b50529138EDca43d83106459e40C6,590318
0xF4d9629Af20dbC03D8c1eBb79cfbbAfca709eF2a,590318
0xF4f24BDE8DbE91Ffa4F0982Cf59072C4c7373B2e,590318
0xF4f30E58b66F6D63838b5f8cC7d4E9e2060adCB4,590318
0xF51652827A6f71c36A57ff91Bb504b9881475DaF,590318
0xF517639a8872E756Ac98d3C65507d2eBc25cc032,590318
0xF51Fe86498b83538E902e160F2D80c34C7d6b816,590318
0xF532A30A48bC18b4074C6930F335e5dB107CE555,590318
0xF5420C9169bc1b752236cF1426B9429D776a701b,590318
0xF547cC38bb55E2CACF5b2Aad4D693Eee7098735A,590318
0xF54f4815f62ccC360963329789d62d3497A121Ae,590318
0xF55361DF9BB37D5f9C61B2cB21729F17adEf0412,590318
0xF55378b3F93Cf2Ec2aCb8a93D45358342e81A3F2,590318
0xF556B129c8160C588De5C3F249556cec2E6fdead,590318
0xF55F10b83bdb21D5f6b7449D4ea3589a8aE30d3a,590318
0xF55f6415d40ACC5bbfF2DA75D21B36f7018474c6,590318
0xF56001723d00C15Ca5c390fD38D1786D34f0Ad48,590318
0xF5600da395c96Be6450882258c0Bf10A4Be0D229,590318
0xF561F98c2a149a5d8Fe1dc2a6c79dD0a58782BC2,590318
0xF567a0101440Af20678c0447065aD4922857CF32,590318
0xF57F208E496155e9c60C9779cf0B8B4Cd2612888,590318
0xF57a49b941F7725D858b657b9f82052C4D3FcB4d,590318
0xF57fbbf1e3e1ddE5fbaCCeB83f1F0864C45214E3,590318
0xF5857724D9006613F6f9587ceE20d02A0Bb75d53,590318
0xF58792C2b845324F0Ca506562a0c115dEcCb6cA0,590318
0xF58b673c1633CCef0aC58263cdC95ed80f817Fc7,590318
0xF58fe388D53E9542F0BDdFF2D1578B13675228FD,590318
0xF5936D858700DCAc97Fae08267013E8ad8090cd7,590318
0xF596dC8AE964Bf427Aa28C79a02C6B94F0536f8C,590318
0xF5B0Af852e3dEdc03B551f7050b616b5C77c7645,590318
0xF5Bb88003bC02755429555f584B21F64b44d286c,590318
0xF5D4a3b9FB77d1d5600a10E0e1C4eFD12F9be751,590318
0xF5F07397BA34428b5c2553B7122c0A8D281a124f,590318
0xF5a523b171032c060d49C39FBf2E9BEc473e1286,590318
0xF5aAB2925766eB7CC536880B68E60E3E6D853DAB,590318
0xF5b9d00f6184954D6e725215D9Cab5F5698e8Bb3,590318
0xF5bCa1A00d85588E75dEd6537F51e1849B523E38,590318
0xF5d25Cbe35E4261664Ae91bA777Ffba006cCcD53,590318
0xF5d5ca78677e3242BAeb8c684f36A8C46F1f968f,590318
0xF5fd21C89d5E2206bD6184E88486B61fC5093894,590318
0xF60Dc6Af256C97cC629c411BaDEa6eb5650a8d16,590318
0xF60f3B90677F06d8aB6cb4ACdBfdBa0385b98F58,590318
0xF610E968d46B63a05393601B044EA390463009a0,590318
0xF61248F7AD75A61E27c4962dA948FDBF2632CA67,590318
0xF61B9Cf9846FA009D17Cf3e19888526ae70a9C95,590318
0xF62050aA35B1D38D153d1F4FF1551B5848cF959d,590318
0xF6220B408A816D3E0D179016d64C6925A0f4931f,590318
0xF627E5F4BAd95a956468d8BB6Ee20b119F992E96,590318
0xF63bb4527C6696DeeC66A539e2C04BdB7fBF485e,590318
0xF643953d17711d96970BEf99ae7992321d23c9CD,590318
0xF64579f9F76E060e6E3fC88441d5147f722e9405,590318
0xF649be8af696E0f825c20A2E24D5b85104B292B2,590318
0xF64C40a78F4Dc73103C9ee3Ae1766756730f8086,590318
0xF64DB115316ADc57dC24f2f04D829Ed9c3954d9C,590318
0xF64a7D2fF8dE4c70bAA8788E7c6EDceC91beAD8a,590318
0xF64b1D7FE6BE109e154209a52C1e787d56555238,590318
0xF656acdC8de2f82a8C03b9975cFA4FEbcFB585AD,590318
0xF65DBD2CE02982aD34c1ceEDc33a6657e37Be2Bd,590318
0xF66365fDeB852898BEFa2AD4F4915d5e9Fd1d985,590318
0xF66BDd45a7ef385854c9CBC3411D2E6a7Fe4AA5E,590318
0xF6882f6f86b986fD732C4422DFC38cD7088871B2,590318
0xF69B16aa5fdfA2142608932083830C4c49Aa4dE8,590318
0xF6A24e6672C3506E2aEeC45DAb84b52f761DAEA7,590318
0xF6Bd4768e672a7C98c3f76860d355E9bCa566bEe,590318
0xF6CC1Fc90ea55fbb73515aDdD9E223352F74c84E,590318
0xF6DAdcA9f2020B763a0D90C28B41DD9E5399bDE6,590318
0xF6Ee1A630BC3eCd8C3fB11520d5952031D7b4C24,590318
0xF6F4576e8e06A732b86a6B1596F092056A4423b8,590318
0xF6f4d56A5D797cd2d1C56cfd3e09E4462e525028,590318
0xF6f5885055Cf30A4E2a33433a38E089Db1c772cb,590318
0xF70e9bc0C2D8958ee1F8E5d134D64660E5BBf0da,590318
0xF71961da707da14AE89ca8b7B35c15d1C92Bc932,590318
0xF71987b402Eefa09B0240d04B8a16A4d0baDcb03,590318
0xF723d05F10E8503FEaBA5CFBb9A5513Eb8ECbfd6,590318
0xF728Fd0786d2A8673874dD6146c25379B8217098,590318
0xF729192805C4B18da233345a2d286AAA11f300Ba,590318
0xF72F0b372fF91fAa068DFb8d75d6De1D7e9736FC,590318
0xF72e075E2AdD0f59dc0691515F36aFf1C86B259C,590318
0xF738E1A09F6085c16EBf09CAA92178895518e8d1,590318
0xF7396E6399E664902312FCeb1B2E66de9661D076,590318
0xF73dbcE07870aE4Eca6c64Fe287D42177875d529,590318
0xF7401728edd23290d8099eD73f155101dCf8CC0C,590318
0xF742C1b7efF0979Ce0414da2f9Fa74858F7338f3,590318
0xF745D6921076E559bD3268B59fD1a57f9BC62228,590318
0xF74E8dB68AA760e3E96Ebbb73955986751b2df94,590318
0xF751ea91C5Bd6899056eAA84A20ca65Ff4C05f9C,590318
0xF756EBf77A2EC5643933E0AefD0373314d82F8C4,590318
0xF76432B894E8F44BF154859662F6EBa60394D70D,590318
0xF766698fbFc3cDED2417b5244550A4293274E0f8,590318
0xF7687BA2051d792c91d0B7020008478D4168c1F2,590318
0xF77A13Db68A2B434e68dd4139540f4423486859c,590318
0xF77f781B1caA8254BD2Ec34ff3b329987F908b25,590318
0xF788E4c6ADC7Db13300311AE1581d25f37DCB2b0,590318
0xF78c9E3fF4967feFFb6343f7050D0d7dFF0de366,590318
0xF791da446D04282f921f38FBF954aD5cAee899a3,590318
0xF79Ae0c8A6Fc83BDf6bE25ddCbf4f8c06aa59831,590318
0xF7Ab0e538BDB19d9C40a76E41D03356aac744943,590318
0xF7B07DA7591d1D598D6f19c5d177dd03F41305b1,590318
0xF7Ba8d9C179483F683A8ba0CF4a5E1300A5F2b5C,590318
0xF7F9EB0c2eA7243A99d8dE2ADB307a6AB69AC065,590318
0xF7d48932f456e98d2FF824E38830E8F59De13f4A,590318
0xF7d8450962824B752c30549F66A23E3DaAd69BcA,590318
0xF7dE990a7542Bf3cDb574b3e3800c1bcDE477635,590318
0xF7f38a943079D42c38D376a3D9611f0d8E05E14b,590318
0xF801302d2489eF8CfDc6150DD4a3B3d5F77f890D,590318
0xF80642Eb48D9e4AB64053690AA4f6E96254451ce,590318
0xF80cE3E569828fbDB9bA5341991Ab9B1Ed6A0f41,590318
0xF82B53428045ac849B5EDC97a6ace162AFfA3F0f,590318
0xF82D59eB83D483FFDb5e270c1F2CC80e39dfB151,590318
0xF8378C2A93891F356Df995DEbFD592E4Cd67D5f4,590318
0xF83F923E0Dda4478feC3D7391e54B44d65858722,590318
0xF847ae02a6F64eeb4b2Cb77d2B439e059E54FD0A,590318
0xF848E384e41d09DCe3DcAeD37e1714418e68ea7F,590318
0xF84b3267a57EdEC49b049f8844A7F041385597d1,590318
0xF85385347F56819C316939434d427d0c9537EDdc,590318
0xF85e220f601c99d07c31d1Ab5F34D7ca99871338,590318
0xF86E347d3eBbb8242221c074f55Bc7822F96C2a4,590318
0xF871584DEE6eF58Ed46d3CAb4E764212eEA79f74,590318
0xF871e2bD7A6d7D3077e0cd0946C0f12f124658e6,590318
0xF877d1831bF0df13d7442a5BE8AADA3A4D70DC53,590318
0xF88E0d8270FD9C05f2F25c55ab047dcFC14A993C,590318
0xF88dCDf64855A6c4ee8E98fF4E8D8Fa438F58356,590318
0xF8AF8b05323C61C6c48e4Df67f49f6CA4cEDC066,590318
0xF8AdA0A25a436644266F142a00446223e7D72d07,590318
0xF8B4726E0D9bD0859B5027469e85DAee3c3bD17A,590318
0xF8B8BF13233EcE5b318C2E98AF0aeE9d8052A25e,590318
0xF8D462E281648Cc0aA675D9ff84E97004DE1340c,590318
0xF8DBEA942bD156DB14f847824f6441baF4A5e69E,590318
0xF8E9573e722f24F4BDCF0D877C3F197DB94456EF,590318
0xF8FB4351C7fe28D56aBF9a2Df44808aFC3D46b30,590318
0xF8FB4672170607C95663f4Cc674dDb1386b7CfE0,590318
0xF8Fc436256bE6a179384db35e0b4F3854Ec862e4,590318
0xF8Fd11594574f6aEB3193e779B7B1Cf5Ef6432F4,590318
0xF8a29fDA12CDcF2Fb476B57578eEfEf6544B61bA,590318
0xF8b0cd86C73B37ea1BaB57C1575A001b3f0766Cb,590318
0xF8d991dD5b8B14D72648b9b72Eac11112A01D964,590318
0xF8dBBB36BD0aE6C612229570A2a58241eC0aA06c,590318
0xF8eA4F8b7c8869A8B2b25F5DEf446c09d2098727,590318
0xF9059491EF7567b20D7A9be9af3b31C42EdEE878,590318
0xF9107317B0fF77eD5b7ADea15e50514A3564002B,590318
0xF92040E67CB10BC58bE7fbEd176507Ef015a1dAF,590318
0xF92362D43fbe545382B18Af2A3C73D9500caD556,590318
0xF9287855066fD96C8B6977987E7aD633749f74a4,590318
0xF934A1CcB7Df0bcc9C30DFCa151994e02CBE5472,590318
0xF945c7be6B025544DC8d103E80FbA30D264b3FC2,590318
0xF946bbfdD82aF30bA62A88cba5f4f3ABB8A27577,590318
0xF968A5de2019dE1F0A8f53758dD137aE5C9EFbC9,590318
0xF96EcdD72BB2725a2471FD3aEa0fC6CCa0418fB5,590318
0xF96a6cC9b12Fe69b74Ab3962CEF54E5e82fA2469,590318
0xF9716d1e4C6b94DC8af51F72dd71665Dc8a7a60f,590318
0xF9721228081edFcAeB68CA1f6C9E945F925e0C87,590318
0xF97Ad6704BaEc104d00B88E0C157e2b7B3a1dDD1,590318
0xF983274ED7B83EEf53292569f70749333EA88289,590318
0xF98B3aEfac3Af24c5A98CBa3aE1c40dA6b713c01,590318
0xF9B452f76E4Ed0F603514574f2283Fe097E962D8,590318
0xF9CE24AFbB1FE432478fFAd1014ae3bC30De2D82,590318
0xF9D0D698D6d398611B5c5848eEE26173D9fb9eED,590318
0xF9D344B20163D51Fa7da35B77FBE20f5a26f3a39,590318
0xF9D3ECdc01adc08Bd00b3Ac4FD13C92fcAcAc953,590318
0xF9F5DcDd85cd848D0b97C8dE5d9fA71D831B7Ad3,590318
0xF9a726f9C6422957e50D96319EF08Da37781705E,590318
0xF9af08a3f26842508fedcbD4D7D63D7Eb8F8F38A,590318
0xF9b7938d73bD5E9AB9B4513E2C4d2D17C0391010,590318
0xF9f02deF55E1ccEEDF017E0353c14Ba6F7F4d3Df,590318
0xFA1208bc31820Cf14c1e25d8c3dA760361d8377C,590318
0xFA146156DB94BE2de0c43cBD119aA3Ac32d45fE1,590318
0xFA2Bd328a98E53B6EE22B4D16A82Ad46F21F1C55,590318
0xFA3E41fa366a491d0c93b2CaF5eF218582D46466,590318
0xFA3d316795C726994dbc6318133BE7AA72aB56F1,590318
0xFA4f3b5C36D01DF1EB31E8F69FAE8aa1d29Fe8b1,590318
0xFA4fF2914feD6Ce599d40e9F00705dBfd4CEbd71,590318
0xFA57651cbe234CC6ec9D835CCb875E421e913b37,590318
0xFA603F7b3B7415B4871DA8a66d6A8ee73bbbBB9B,590318
0xFA76a31a82aB779708FeB76E60D833DDA03C95B2,590318
0xFA8538FF85063A11e07d950dD24C7eb46C74eb16,590318
0xFA953912e91ad856f86e55b948621e6c53BA38aA,590318
0xFACADE560C19aA1927ae4EdEe886a2e7CA424B36,590318
0xFAD05744DDD6A50B69372b0374d8Ab186533623C,590318
0xFAEa523cDF00E9be0A82FA201fBB111330CC7c0C,590318
0xFAb498cA582BA3357d2B155D86Fb4318B0A279b5,590318
0xFB0EB5f889b363cca314D450Ad3393489D4c8D9D,590318
0xFB16885a696CEc8A4Fdafd8F4AfeB5e2e0F3Fe93,590318
0xFB498672818471CCB20adE0C324F3E8329DeE0Fb,590318
0xFB549265Af696c04386339a2020464228da55867,590318
0xFB70141988148F274DF2Ecb55007af17ccab23b2,590318
0xFB81B37077ac4f970b1ed0e55D6FE95a446e45C9,590318
0xFB85A5Be02b7D1824E018A2F10121bA7333B0fBA,590318
0xFB86A60a4d204de91421871c6D69cb40d21ae736,590318
0xFB942238C0805410b7580677b71b5D326b1af269,590318
0xFB94865AB40d40Be96e97e9A14994912A45E6765,590318
0xFBAd4Ec56B338BD64e1c8c7fC192fF5DB74f4AC9,590318
0xFBB8cF95F34813FBbF959aedAc2cF89eA6469971,590318
0xFBDF556EDeD78C467f58Be91d6d56F6eaFb16DC1,590318
0xFBEe5Fe772c0a2DCa80032c15e5302d4b7a4ad06,590318
0xFBF4028bA7a88a4388d56fC4967528D834a5F510,590318
0xFBF64264282e1F1fa263679E558778E81c96f954,590318
0xFBf9D57A7E897a2AcAc903eE18F6066F3d96B701,590318
0xFC0BDd9a642776549d6c5A628e00436Cd9ECb581,590318
0xFC4644b26895482Ff1409b6C9854825a55510691,590318
0xFC54C7881Aaf0DE34DEEd5bDfb5FfB99F86c9aB7,590318
0xFC55F8f566baA3E986E4CE2F0b7BFA3CE775c6D2,590318
0xFC63B3aCd10456b6356E7524860d0b07AcF71fD8,590318
0xFC676C7836278577a50a4aB540f4Ff7Da90D15C7,590318
0xFC76F64E38E462A61be82416aAbBc376f4C72082,590318
0xFC7c1D00b2eC6d3653E9De72590684456846c53D,590318
0xFC833085d35259cce7186fC00d675605Ae8358c3,590318
0xFC88bB6Db761A40447573F395Ea4AD67Bf2D9311,590318
0xFC961534a0A55b925dB2c5ee546c8A019c0D78d5,590318
0xFCB28dBb0f7E67bC3910d1A1e5246302b43aD84D,590318
0xFCC1FbAAf4e1ee3447447C7C34225C440Cc05C3b,590318
0xFCC71C59D541DfeF385AEf9bAdE861B1B96dF007,590318
0xFCDE85d7Eccf9f97c6E1d1F3D4398DBbE1325A50,590318
0xFCE8677a536C481301A2AaBf1787B079E2140443,590318
0xFCEE120094854fBfdc98cE8a80b8057BDEb928a7,590318
0xFCFB33c0F77F4413af501dF32f4AE1dFd923069A,590318
0xFCc5b7e9ff9Ee6915Ac11F6CfEa039cA9104e6EC,590318
0xFCf66B4119C32B28765e956Bf93e64bC549c6503,590318
0xFD053cdDf15b6ACd73e48824ccAF89cbB903Efa4,590318
0xFD1B930ee213378beefA89E77A1080A55a90335E,590318
0xFD2200eC940F3D6f3dD85e40f4f864285b311a99,590318
0xFD5B061127Be14dED27D8a8f380fD760321326E8,590318
0xFD611154c5222652e0BaB6589C7C1B2c82501708,590318
0xFDB319e10eE4F8bDf983005A907077D91d1cc695,590318
0xFDB94dCb80D843C0cC2582A0846413f8adE9A71B,590318
0xFDCfb6E689a9c021f9D74a519FcCF80718398C5E,590318
0xFDD3b7409C72d529975270D39625604418e712Fc,590318
0xFDd9A3E4c07756c1dC31ba938fC062d45EAb1668,590318
0xFDdB5b3a79573Fb9A40DeF31D3dDBae53CB5EfC5,590318
0xFDdb0A38ae2D5d05f075F24b89380e347D3Be544,590318
0xFDeb2C20092698845Aec6Ffa130434036BC6d026,590318
0xFE104b72C2e396beDA3C0D7208CA0D9Ee565AB42,590318
0xFE2A4e705C00eA9B5A46283Ec6d6f694D5cCB60F,590318
0xFE35e15bE885750D9b2363cbB6aBDd57AC9C4c40,590318
0xFE63962DDB458CD4d073D10753349cB713db7675,590318
0xFE6589B3b9393Ded11F5D2F8132Efc09238Fa074,590318
0xFE6a2e97E9C8166a13fB9fe7F5374A240e937545,590318
0xFE6b7A4494B308f8c0025DCc635ac22630ec7330,590318
0xFE80C5607BDb44B8aaB6723912e529eE90219822,590318
0xFE8122516D4d4F672c0f85bd8fdA0C5cc360483D,590318
0xFE891000E255bC64663129AFE7237cf52B3C0BaB,590318
0xFE8aA4b0E1dB75A442DEE4C4AbD63caC73a5Fa7B,590318
0xFE934E659f63C6fF4D3332c82729Eb88c41e7aC5,590318
0xFEB188Bca3C72CB620f9F7041aD34FF1618170C5,590318
0xFEEED14648595dd8eBfAD8a98b742c9395a89758,590318
0xFEae29Ba86E623ABD3e3B1A63659a82651962D19,590318
0xFEc3e9fC1C5727B40d58e92e288e4B4B9682d791,590318
0xFEd25B9396E44854E736e46189D8e33744f2D2D2,590318
0xFEd93F0Ad93fF25993274D8245a2bB2133de38C0,590318
0xFF2d27f82c44E622bC02a94e6FFD820e3946cce5,590318
0xFF53350abfb87317e30C4c20316848d25f95Ee20,590318
0xFF56ebcE6381D81992bA006CBCc65e2562f01852,590318
0xFF5c5CBf983022f79Ba634c197569e0cC547BBfa,590318
0xFF7440DF18AF98cDFAe210CE359013129035634e,590318
0xFF8F5406C9494883182059Baa6a2C5989fF81d48,590318
0xFF920b0402ce7242e4912CF18f72913B9deE708b,590318
0xFF9A11ceCA9f3F96e661Cc549962984d770B615C,590318
0xFF9de338121dF959923e96eAEe899c060a28A3E7,590318
0xFFB872E5282b7fA302917Cd3DD5C8F7D204C24B8,590318
0xFFa0714C1E90cb074B575458C0C5D32422AF14c3,590318
0xFFb57ddC67443637802015214E7267326dBFaCB4,590318
0xFFb6D97Bd1E7B7bd08595096d15037401A1f416B,590318
0xFFd1a241100eb38ADc9e4133334f59687FFFC1f3,590318
0xFFd1c1E656897664b6C3E63b04112EF524D6dF70,590318
0xFFfBc95056800924E3DB9fbFca699c0cA0cC1686,590318
0xFa1413451BC8Dd3484787EB3C3156A7e28C4AADe,590318
0xFa2Cb471aBe8dd4C8EFC373cB2eEF0673af4b35B,590318
0xFa37Ad7107210311FCA7829186Dd938FC2e39dde,590318
0xFa4A8F6Bf37b5F3151B8123d6601d409a039f4ff,590318
0xFa4F91E32A24BA360adB308ddE7c6167291f623f,590318
0xFa4FC4ec2F81A4897743C5b4f45907c02ce06199,590318
0xFa6a2A5f1bf50D9f22701b3050f478f7648d4B15,590318
0xFa7C3482193091A823Bd06d987ff2A76F1cCdA76,590318
0xFa8b3b01B590F5a8415f0A9d975FCC479766d116,590318
0xFa8cbf3693a4dC353A96c6055D17a65eDd698dDF,590318
0xFa8fE2881804b1Ae1962D64f6a05afC02b630EbE,590318
0xFa9Cca5C0D1827e22bbeFDd1b2d5b9CdD40c10A5,590318
0xFaDF08352ee5Ec6e685cb64e19a5d89b2512D2a7,590318
0xFaDd3C023e295FDBA31fc2b57770029318960beD,590318
0xFac865bD18120ab563e582bA738B20E831E33753,590318
0xFafebc0B01A5DCaBF098695ED8E87480705D43d1,590318
0xFb0E3ab7Aa9358DFcF6d78c3042d5e6A3e182D29,590318
0xFb0cA197C36633DbD63aF12b29d379157353347F,590318
0xFb1369548E5b8768CA2C3aDA0556606bD7d8B615,590318
0xFb13fD05cAe172A47d56AE74F95c4D5D5f72b73B,590318
0xFb25F00dF6462717BC9DFE8B96535A480834b81D,590318
0xFb47779fb0f59750fC714ba61a7859b059Bbd3e6,590318
0xFb7DF5bD6bCB858f01119c0c613181B47947b96f,590318
0xFb7bBE2A7cEdE85BCB5fc3F60802a0d7b15F6715,590318
0xFb94D3404c1d3D9D6F08f79e58041d5EA95AccfA,590318
0xFbA1f5424f16F52378f856b52d11Bf13952EB5E1,590318
0xFbAD768340a24E06384591537d7D2F80693d6aDB,590318
0xFbBD9a465Bd20Cef12eF1aA3a69299240e86E85A,590318
0xFbF3Bc0131f4F396fe24b87319C203BB98D0673a,590318
0xFbFe5017B3e5791647954cf53E36BC80Ea5E5872,590318
0xFbbAC2B8Da6F44B5fc04b137F16840A2f2Dc0E7e,590318
0xFbcFe39834bb75689346114965fACc3417030ec6,590318
0xFbd6207cAc6DC88cB28c1d6c84583930Db2ee061,590318
0xFbeD32DdE77e05E49183aaaaB125a54BeC7b483e,590318
0xFbef6EB3BB21b162dafa67bA93c3f0E7c624CA42,590318
0xFc193599Fa211539D85B3925D62FF351885F112b,590318
0xFc1DcEB7648510B54CD3f0e19288A1DEf9699833,590318
0xFc2a0F6fD177c8BF40d0FaB7e6027d6f290ef11D,590318
0xFc3C962FAD2C1cC77f1a0d46e7B8a2De79A21774,590318
0xFc4B4898A1678Ded3046b64Ea9C7dcA81AeE0B51,590318
0xFc5d9A940600F2496320fd68c52Dda783d9D129d,590318
0xFc6422102711A6BE3EeeaAc722BEb85A0F9A0006,590318
0xFc70AdaC450d54F9F12C8c6E5D9dDB1bd265E102,590318
0xFc7af206E1a69F7886fB47fF8e1287fFf4406D03,590318
0xFc9913C1C8B2231b6E5c12E2e3D416b7bfB57b19,590318
0xFc9a7Cd3575641bB433c9D83cd803356A8CA5397,590318
0xFcA364c8E9A6B0ec38C5B87574b4c0525B5342Ee,590318
0xFcA6720Fca057bEBEFE6C043E5b228C6d8Ab61A3,590318
0xFcAE4B40BDd467D4cFbB7F3265fE88753a288Da6,590318
0xFcDF9C0d0a3370a13a96340976552a39c0424A1e,590318
0xFcb341E284BFBd8A466172e83B79fdf70a8490E8,590318
0xFd0C882790D8AF484A467f0607D0F9e896f5ac61,590318
0xFd10aCA75Edf292094775e9109e5D484935297a3,590318
0xFd18B5f80019dbb7420263AC637abC2Ef4432512,590318
0xFd19276756130aAabD95DB2545Ac54c65A09B6C4,590318
0xFd1f937df2e64019D4e1e7eEC745A61176ab2cbE,590318
0xFd285eAd891F43c501703cC260d1E88510638350,590318
0xFd2d53b5B47efB3768586515082230130879172B,590318
0xFd8dbe32C1402FC5A25C2bd83208B3613b014619,590318
0xFdD1A85AB5A0FeE2FeA939bB47380A2C0B786Df8,590318
0xFda746F4C3f9F5A02b3E63ed6d0eBBc002d1f788,590318
0xFdbBba3a68fEa30E2f02CECCAD632045FdDB3CcD,590318
0xFde6167c97e3523bD7672A348047B001a593e435,590318
0xFde9CBc7C830ADdC475D616C3Cf6773002Fb2D32,590318
0xFe2F279D3679BAc2D07cF46c93503410eF9CA448,590318
0xFe44592485995966E1Dce4277FEE83d354263983,590318
0xFe551D6086C820087f9296D7a8613AB6272bcA14,590318
0xFe5573C66273313034F7fF6050c54b5402553716,590318
0xFe55ed0e2363Cf9D52870614876E214f50f7Bd84,590318
0xFe6BD2A54d8Cd399927e27986F313432d5a4699c,590318
0xFe6c635340835bbe4B26F6ed2c382FD327739f27,590318
0xFe74cdA3Fb6A97cf7531A1Ee22fc88f0ba5d39BF,590318
0xFe8B6dc465D935dB13e11A8286D80174c3474a16,590318
0xFe8Fafd9f15449C041D4Fc3415d2c31E9F3336f0,590318
0xFe991d7563E917Acc85B8d363E38193Bd43C3a2F,590318
0xFeB3E0f50107f6cfB2EC8C2bC8287f2707E0E2Ea,590318
0xFeB5109404f81F2Dd5F0Fb6bA8dC921AE2538B88,590318
0xFeD50d730C07a85cEC48Ac586e0372D7D536Eef0,590318
0xFeF8a974A3a9D5213688787260f2d0fBabbF7E1f,590318
0xFeFE31009B95c04E062Aa89C975Fb61B5Bd9e785,590318
0xFeb37652163418C37D80383a91FD9E38a30cf99D,590318
0xFee348E204Ee4E245a61D830A3E296037e1d9c63,590318
0xFeffC588f4eA9c18A8B6CfB96e2EA9556BC516Fd,590318
0xFf09c4f87FdE5f5B90929C2a5cF29D68983546B7,590318
0xFf12e602524b89f3ae6E14456a7f55Dc245A2fC2,590318
0xFf14BA529d203823F4B6d4a7F23c1568333AE60b,590318
0xFf18d10f5d9797d18DFE85437D3e76475025c2e1,590318
0xFf2C13A2d71a4d3B70f4086dC17B4aA6c075EfdE,590318
0xFf3d37f074938a09b38C46971630B44FFf48619e,590318
0xFf418B7A0418fa0cE46Ac71c2D968d79FdC8eCCd,590318
0xFf4fAC1ee29f0a6f78b14CbC771f34d1406Da286,590318
0xFf5af92EAfc904F9Ac29514f99e7C9d04D44f5E0,590318
0xFf6d8Cd8C9707CaC56aCB66dAcb0f9e48B8a7968,590318
0xFf73401d66DC9AC2B904E9951bAfC7ad786f5674,590318
0xFf768D53F1C652F321075a14967a423221467908,590318
0xFf76A447583B672e5931514eDc5Df8dBCae89fA9,590318
0xFfAEe255F06aEeA746e437f2F2Ba851c117e2dBe,590318
0xFfD20CCfa66ca393489D30103068826Ca7F1d1BB,590318
0xFfEC68dced77787469f1aBc902F1D04b9CC09866,590318
0xFfb285456daA57d757b9C9020a6302aFE5A95eD6,590318
0xFfb8C9ec9951B1d22AE0676A8965de43412CeB7d,590318
0xa003c35baf3addcd8caa8577b7bec8a3fe32e0e2,2666666
0xa00A24ae4C3d3799b206A0347F29285aF8513199,590318
0xa00dB247c0fabdBCa7710ab389A2a79065De46f8,590318
0xa00da13870B513256916979D077c3443489629d9,590318
0xa00efCD04c6bc0749ce21E753ADE3e3E80c02c3B,590318
0xa01255f709599cf00676E874ae598d00D9E0694A,590318
0xa01cBB29590F755C7c30C8618b86cE8C78CE0197,590318
0xa024e16735ecE24b72ae30F3028a227d836b57De,590318
0xa03e7d9286f69609ff7cca31ff4db8fc9799a2b0,25703315
0xa06653a5d3d409cf1e23aca9993e527167a651e3,8000000
0xa069D763223e9dbB53987974fbF8b18eA4181693,590318
0xa070C820Cc88017985782cE13a152a6974418D31,590318
0xa073bbe56f1f035420d88e205404f8de10b5e9e0,23036649
0xa07550fe06f4feb0156f92cde5e8e1e390e01fb1,23036649
0xa07B2a8B1eFb939B7A604f16cf2A0f92f9f2D8ce,590318
0xa080d29a26238280d53e492c11d5e9f1d0bafef2,2666666
0xa09783e8895a930a5f47575a449735845f1666f2,23036649
0xa09D5BA6f2463ABD0429faB9F4aaA920B185387b,590318
0xa0Cf2260CA43252A3620e80A5CFE40968f042634,590318
0xa0EfD96C2A8A2B88741A8B6511DC6Cf0F17b5834,590318
0xa0F00e59ef57D82449ACcB05b9512A47b264374b,590318
0xa0F3375C4671f2FCd2A4a56E604f0fA4c99a0b54,590318
0xa0a08621A7e71D8c5F93dA4C19D06b89A074953C,590318
0xa0b167697F2e5195BF73DE9fD3dE639feD0B0A32,590318
0xa0bb2A34434976f51C8A0554EbF1e375b6A9998d,590318
0xa0e62c1E12f9A2f231724bA0135F75488Fe8addD,590318
0xa0f2E2F7B3Ab58e3E52b74f08d94AE52778d46df,590318
0xa0f46f58c857642d211b4eb3cacc44d2b3ea1686,23036649
0xa0f5ffc266b6e2066ded12473eaaae6ddd2278e7,2666666
0xa0f75491720835b36edC92D06DDc468D201e9b73,590318
0xa0fe0a8FdD91C6B2fA23D6cd256794BEeDbF7E62,590318
0xa10053ee97db440fb878e9b157e49e3d61244c68,23036649
0xa104afccBF0c3F9488105a22645802e2AF97A843,590318
0xa1112524C8AadD762CD4D2A7b3119af3720813e3,590318
0xa13cb5e64c363b68eae4a6f4c29b3b59207e83d7,2666666
0xa13d49fCbf79EAF6A0a58cBDD3361422DB4eAfF1,590318
0xa142e37a93f0762ba14224eaaa42ffee6e02a616,8000000
0xa14935b77A91f8de5AC2bCEfA759A297768295bC,590318
0xa14c5f8fdfb3b5f5501f416f1ebdab97dd526cbf,2666666
0xa1506f8DC05b1c22Ba23CBfd4625C68599196E91,590318
0xa15A09e2C97C53EC336FBCB9b6D2c79e871874ED,590318
0xa1704df996a0fd4c51dbC78564932ABdc48039d4,590318
0xa1733BC95272fdfB3d14b93e93AAb1290b3Ab7fe,590318
0xa1735374dc8C32BCB120Bb01aE1adeB98ACB1DDD,590318
0xa182a4c14a48267d0b09ceed0e69606e1ed8f20d,8000000
0xa18e2301193a680570151d9c2256ea4d26da6315,8000000
0xa19b8e15089e4fefa63aa3f6931039d06e3f90dd,2666666
0xa1A367B39C53E4F38b3aC920eF3366940fb958E2,590318
0xa1A38d65100d23aE2bEc8e925605Bffe282d0d09,590318
0xa1C1a2EBEffD78A6FFB74Dc35EC0D85486F02AA2,590318
0xa1C9d41719c4fFD99463F1CfA579d9b6A96b50c6,590318
0xa1D76553266fA8Ed3D143794a462aaFAdfC34f74,590318
0xa1E84210239baD5571171a8fe304A90E7Ffe5189,590318
0xa1E87aBE5e4Bf9cC9c784a0738788ff201192796,590318
0xa1E940B87cB1aA80fde194cAFE76007E8C2c9284,590318
0xa1F62DAf42d8BcD3669DEC72271B3F658b9C3891,590318
0xa1a38d65100d23ae2bec8e925605bffe282d0d09,8000000
0xa1aafb06268f3396c4683e3F635A4AFf0E040e46,590318
0xa1ab4f3e55c18b69446f71939719f56325f4d5b9,23036649
0xa1ace6c87352e26ae8aae4bc37f0a1c74ba737fa,2666666
0xa1adE6E2d53C54aa98159687bdB0761e513b94B8,590318
0xa1bf766e566C06214fB47B9c904ABe30241Dd169,590318
0xa1cf56ee1e376869bb9AE2cFE50C1B6B76D7247A,590318
0xa1d6A0dDd1d3A7a8D5e44d7Ad43401088845deF9,590318
0xa1eaf0fcb74cb5dd98d411c865c904656f2dfe05,8000000
0xa1ecDf8562C62F28B00aA36Bed25EBaF6B36eA40,590318
0xa1f56de0275c5B1E253Db774baB2752024Da52Ab,590318
0xa1f708fDE941942182DfE36220D9037dc9215350,590318
0xa1f708fde941942182dfe36220d9037dc9215350,8000000
0xa20155efC4b2C76c62d017CD6214589270a7b9DD,590318
0xa21b23e5f07E5E28cB42d09502227Eb75b0B64B5,590318
0xa229e02973a4792010630EACA9e7B2885556B1fc,590318
0xa22AfDd305A7E9EBEd9476B135539225688456B6,590318
0xa22f4c8E89070Ab2fa3EC5975DBcE143D8924Cd0,590318
0xa242B590f63941749Be337Eed817aF40b61fDd7c,590318
0xa24C3e4a7459DCa1610B05bee3Df714730495230,590318
0xa250BEb4Ad2BAff1d5305cE89fbc3689F2C4E965,590318
0xa251520154ca342f0B1D702Bf5a56F78c982405B,590318
0xa2521f872f0d1d0eb919bb0d65a4e245b5cbb851,2666666
0xa25253B5861FaeE6A9A2450b63c87ae1a79CcE68,590318
0xa252D7ff9C5a9AC592BF33564Dfbc4Aa11656997,590318
0xa255268db9c76f692d96b21ef9c7e0351aa9fc76,2666666
0xa25803ab86A327786Bb59395fC0164D826B98298,590318
0xa25ce1c6D697F9B5b380597c91481912528b65F6,590318
0xa25eaf87cC18184bF827955ff07744dA4AC13676,590318
0xa268a773aC8A69982051e8E1A8D44a4D8A0979a7,590318
0xa26933943E16f973b5e279D9748082d182530423,590318
0xa26a384B06bE318A681e1A0AA85eb28dA32b2BcF,590318
0xa26cac6A82d76936f7Bff0b53d25fA26FF893706,590318
0xa27121d3095d21e5ad014ef51ad7fdcee186b63a,8000000
0xa2718637B38645Da8Ec42FFd033ceB3ecc89e8Dd,590318
0xa27Bd5B45f90f8B56eaA42C26Bb712Ec3cAEF720,590318
0xa27c532b28bcd3af67161b148c4d2b20d712f0ce,2666666
0xa27ceAA4Cb527Bdbd5F7Ccb7590B8125D1329aeb,590318
0xa281fb7f9B25ba3BEf7e4D5615a4Ff256064aB22,590318
0xa282464bE7D51383b2636b07baF2399884780AF4,590318
0xa288F9a2CBcA1A39Cc554465698bF4F20b1105d6,590318
0xa28FEC62ef7437A2c48B6e47267a0c476ccbE155,590318
0xa28dbf3c405474f7c87320b68cd687990479e2a4,2666666
0xa2917120C698fb5F2A03e3fD3524bdA85a3eaEF6,590318
0xa299Eb233775ec01EE9e59DC0ff825589C6f2f3B,590318
0xa29b8bb9d3c5dc06eb4e7d0dae9661c58cd0d0e9,2666666
0xa29cdbbc00541d29a6496dbae257cc46e06671f6,25703315
0xa2A3D9a8E4d73262094868f61BFfF1Ea92bE9E52,590318
0xa2AbaD715aaF5bdd9Df426e02eb1F28b4CB25034,590318
0xa2C62a66F6660166838B95DB60f234dFB59e765e,590318
0xa2D066D2AB8F78b6cCa43aa64E2d513CB14b8D59,590318
0xa2DfF5378eC7dd60fDA1fe6b77f554a5829cc38B,590318
0xa2ECE1AEe0281c55e7b809a5820F35871F20dA7E,590318
0xa2EbD97892502847061Fe611eFd5E289dBFa0703,590318
0xa2Fe11ec7702D782BD7FDb13224F91B60B9Ed2c7,590318
0xa2a25a18a2d509ff099d5045a6856432BF646b9C,590318
0xa2a83fc8676ce444d3ec59dde09219349762b940,23036649
0xa2b06849CcD85829a6CC595f3C5694d029A0632C,590318
0xa2b238f148c8fd5ffa8b217cd985a36d55c135d1,2666666
0xa2bb3d0cec679f5e2bd58c32922fd0de50161fd6,2666666
0xa2ce9925648e4B1283C14F4ed1e8C2E796da09AA,590318
0xa2de65D37a1B9739F44851D59909206c197091f0,590318
0xa2e04397b28197566669a72b4901661ca70e9113,2666666
0xa2e4E81666Dd397fd899C0f8c84c1f2F1Ba054D0,590318
0xa2e9Bc494A98DAf144020F06703F5457E514cD30,590318
0xa301231058ee6a40e3cedbd732baa2d81bdbd167,2666666
0xa30fc8EFe3fA89Bd49274802282778328D93A8d0,590318
0xa3117cC553186c5840C94C554ed6FFC7500564E8,590318
0xa32547504cdD46B464cAcE4b8Cd6A9b969B60e86,590318
0xa3274b4f26d2f5d033b14c314dbdc62ec31f4dc0,8000000
0xa33dc061203FB5431895b303b5BDA6CBc9c1f2E3,590318
0xa346941fC055fb3580F488966f78Da4Df13acDB3,590318
0xa34b4a52bB02c2b1B9C8B7A9975bB47e43dBf55D,590318
0xa35156ca4294c13fe256B10091F3D6595E3Bf7d7,590318
0xa3517341b4f890a403077b5434d90153f9cf4e88,2666666
0xa35bfabc2a53d49830F9a015e662F22ecb60cbFA,590318
0xa36FBe6b4093535F488e13e38F83378103C484F7,590318
0xa36fbe6b4093535f488e13e38f83378103c484f7,2666666
0xa372c078eEE7dA14c509e762672D81ECf85267ad,590318
0xa3762af23C6AE844469C55abe8a5A0bEc779578a,590318
0xa37fd0b0791a7bae0645807f6f2fe2c5a0dfc7bf,2666666
0xa38329064572b18d6bc7bdfbfc8c18d9f6fb9ae0,8000000
0xa39386395d449c66e6e7f74b7c03041463b9d52c,2666666
0xa39CA4a3558d6eD707D74286DC7E8554a3E963A7,590318
0xa3B3a6b2a7d7D298Dfea4d9C7877aC78f89bBF0F,590318
0xa3Bc0e957eaF3CB55223AE68d5236952A82cF3B3,590318
0xa3C7FD7Eb1deA19a54c6baceCf239076F1b2cA10,590318
0xa3D42E5B5CB635D2E410c496A3dDe6CD8021A53e,590318
0xa3E38D426E2d83F029Cb30642885fFf6A62A29d6,590318
0xa3EaC0016f6581AC34768C0D4B99DDcd88071c3C,590318
0xa3b30c180bcf43ecd7d60198064a0fc1f10d6298,23036649
0xa3e5f2e3dd2909ca4710c11f9069b4d87fb61eb9,2666666
0xa3eadc0ea3511f2139639e32d0adf9d98dec2815,2666666
0xa3f42554b18e09CC5D2DdB01E0e18a2cC898218E,590318
0xa3f9761e5fe8f4790c1cb02c6f48090dc9f1d76f,2666666
0xa400578a66fdf4049fd007e1cc56f0b860c59772,8000000
0xa4067871D9C7541730382add5D201c52e78505f5,590318
0xa407aBD3AE3D00a8dc528f709e07E5E75d9aB0Bb,590318
0xa407aD8d411df95103Edb20F954D74f6c541166b,590318
0xa40EE97b4352307b7745a2CB12bb475B80FAef13,590318
0xa41a3E777079C360039fBa705812F88A68F55369,590318
0xa420401783aedeC6325764636DD9d37cAB280617,590318
0xa4211191B6C2E2db32fa4E040668002c9699803c,590318
0xa42EE7e85eB7357002FbCeEf41486D281236C78c,590318
0xa430de458a8c142aecc7559173421454b812770d,2666666
0xa432bC71A65972B3c96FcB72B7eB48d5750A9FDc,590318
0xa4417763c995fa6c7a1d01a1ccc21286092821c3,25703315
0xa442abcea819996b92bb28a99f83741d20ea0072,2666666
0xa444C434a24468b19035f92B771CD0f18b750DeF,590318
0xa4465a3546Ac407a89Fb759fDa68da59F2Ff1e7d,590318
0xa447b855719c3114545b10B29AabCC4955F99d67,590318
0xa44aeb36d346cd2b10cf61f5ad5c4a303fd17ec1,2666666
0xa458a4cf9a64df7a5b8d181546fcbd2c3c261b17,2666666
0xa45a608b21bDE83e283f53F52679B3891f723f30,590318
0xa465c9e80198434FE1b269170EaDc32A7dDD310f,590318
0xa4679D38CF9c602A7ab0c4cDc8c6fD65f982ef53,590318
0xa46c5f39fb10e5d004d40d9bb58de2219192c511,2666666
0xa47018bfDF99244998c898f96DE536F20a25D9fF,590318
0xa47969383AD18377070ABdb051BCE4a348A2C53d,590318
0xa47ad31edf246ab0dd0d1f7f6d0d4bcfb361f0e2,8000000
0xa4845be6B427C19Ac9c7CD5f9b9707b84e7Fe2E0,590318
0xa48aC36ef0dc6D12384C05980E101cd23B8B3d93,590318
0xa4A30DE50F2B988DcAeFA565111Ba00EaBd5d85f,590318
0xa4B455B6E3e34C205eD44Bf2a96e93C5302C8817,590318
0xa4CA26a8BAb31e5d8C4420fBB8AeEDD9b5c8BAB6,590318
0xa4Cf9ee497DA44Ef6f7586e30C3e6a5941CF10f3,590318
0xa4F03Cbf71C7723E32e68d28eC57D3f30086Df29,590318
0xa4a5cc8c29353f333D031F7DF7A717Ef86cAa7de,590318
0xa4a7e714a30ea848dab2b837563a370c397c7aae,2666666
0xa4aced92cdd11c99c89e5255f8452a8ac87be5cb,23036649
0xa4bB6472656E8D75A3590E4fDbE0d8C16C6d3369,590318
0xa4c097c4f55a2057627ab1878f8b5f5ceddc98ea,2666666
0xa4c43881dA5c5E9b19Ac56E0d13D77d16ebD27E3,590318
0xa4cc25f3b9508d7Aa98F7aF535571D5906F8D1fE,590318
0xa4cdF5ADa61c413E68ACFA80FfAAA23c98d1F940,590318
0xa4cee72b6C69AF2B9085FDB77b65E8fbF45Cd2bF,590318
0xa4dDE78906b73133296D43f23Ca4b41009059123,590318
0xa4e7f6732e0Bc8C7C39291189609A6BbC607021a,590318
0xa4fdabeca31bdf998baa17ab120b9e9e5574979d,2666666
0xa5007a82676E52876E35fC37198b2D1e90d1062c,590318
0xa500F70b62bE896538bEbDBAb47b6566FF006305,590318
0xa500f70b62be896538bebdbab47b6566ff006305,8000000
0xa5040cEd2e3077c76631b07BfCE8254590E0c796,590318
0xa51168BDB0B9fC73a50aed5a2526fE4976470501,590318
0xa51593f3e4584425590b49282bed40ccfe03d9a9,2666666
0xa51799FEbd08F494215056b08D6931eAbc31F20e,590318
0xa519ba54a6b548E4CA3ac483991eAECB0109cEbE,590318
0xa51FB52e061be34e14600A2dcB7AAD2BfA3C88F6,590318
0xa5232e97b4ded3d2EF25Be059c3489e61Be475Aa,590318
0xa5234bD6500D1A719884B16238FD094A03F2Be61,590318
0xa5237F01c5d04fD40742AB4ae833e7F873d7AdA5,590318
0xa52490FD0668C0D3C98C3b2878Ff82A4B8E56857,590318
0xa52bf8419bcaadb0e035f94a7f7a68abd10fc180,2666666
0xa53417F20BB7148a50849770471De251417C3F12,590318
0xa53706548e20d4c055630344301fC9c8e800a366,590318
0xa53A13A80D72A855481DE5211E7654fAbDFE3526,590318
0xa5437c9d2f62F79AE22B1DbD0a735feec7CEF6A7,590318
0xa545133D9c43ec59aE74D70F37Ab9B0b98d08224,590318
0xa54a3ECC018F73d75DecCBfa7e954452C894B11E,590318
0xa54cEe1da30716a04c28b7a6Cb724Fc310C8B709,590318
0xa557e968f0e862606f415dc6740b0222e19155d6,23036649
0xa55b938cff814a19761f4265feaea5e9c97e1827,2666666
0xa55b9f5f2de112cff2bc51ed53cf5b25e04f430c,23036649
0xa55c6Fa78ACef4F725ce5fD8d2Ca844eb62486b6,590318
0xa56518e47b4cf98a1d456aa82ea139175de64c0c,8000000
0xa565288d95d3A0AEa5Ddc83cC20c427b4254F734,590318
0xa569F07515d18B16a5650f5291Fe3FaCEA245bac,590318
0xa569d71B0b875eb1e7B9c674bC9e74956B55E836,590318
0xa56Bf2ae015654108f6124C1cD48dEeaa45457F3,590318
0xa56d6Ce98f7443321A62cD2e41325A3fB354c6b0,590318
0xa571e395f861f400fef9298efbc19e5c4bca246f,2666666
0xa573E6E65F3f9ce9bf7Fa5AcDAeC80c5a2FC7db8,590318
0xa57733d5c570732c6fBEE7013f553bF7716881a3,590318
0xa5778eD1B72dfF7f4f0aC40D9E597C22208E344a,590318
0xa5828AA399F166E7723081dE17853c9700f63812,590318
0xa582c011842e4aa4d3e3578128dd9851c5846A5C,590318
0xa58410B58CcC55cf36D6CD0ee3D3C4eB36a68320,590318
0xa58766f109133F7B12dC71912e50d4e773C36710,590318
0xa593d7bDF01515EE3243b71fe6546D678310CBfc,590318
0xa59c3abdb871d866aea688cfbb4c5bb52dde7482,2666666
0xa5AB762Aee588Cb38D00FF162bba990451De71F3,590318
0xa5Ad98749B8b188Fb2053271a2f267BDF2624763,590318
0xa5B1a2794Bbdb440b22f8ce52CF34Bb1E90f2Ff2,590318
0xa5C699F89D9d90f8DCFC6257cB414C42aD480CE1,590318
0xa5F25410007Aed1e5134F3F4D635F6a5018611Bb,590318
0xa5ae3ae0b6a6480cfae1bb593cabaf8506c85c8e,2666666
0xa5c3A513645A9a00cB561fED40438E9DFE0D6a69,590318
0xa5cb9569a5711f71c16f48654b85f908bdd0fc93,25703315
0xa5cc3c03994DB5b0d9A5eEdD10CabaB0813678AC,590318
0xa5dA7d8b49B25f324ea00Fe582d5E6BA8C9B78F9,590318
0xa5e9a4F85c5fC9b27f07761A116Bc0bF478A0c53,590318
0xa5f19Da3281df2C88576d4461B3894A1983E1FB6,590318
0xa6059aAF16AFB8cF4526F255BBEc7032c1AF50a1,590318
0xa6087761d5a65FfF19DA72a7d6AB06A26abBB9eC,590318
0xa60ef3cde076b09d925fc58cd94a6e0cb56ff95c,2666666
0xa610D4A2fE6bA6Cd25E061f948A97791F78cc231,590318
0xa6141d7a73b15f96f20331ab0863d2b4e1eb79a5,2666666
0xa615d31714E49F782Af0Feb5bC68BC3007E3B359,590318
0xa61ca29DB1A127bcBBf55AE85c2B917Ed5D9089a,590318
0xa61f21e490cadeEC26D48E1bFED6393b753420a9,590318
0xa6254634f0CB0c54a7494B04b1CC060ec150EddA,590318
0xa625674d17e65ed012427a58fa6a60dad77cb92b,2666666
0xa627F637358223DdD1d3D60dd6Eda7117C0E11B3,590318
0xa62D214750455C043C25DEA89FECc8724f61e45b,590318
0xa62D7AD2FddBAd38a0aba25e40CDfe2edFa4D183,590318
0xa632A98E405CEaD019cC79670570eB13522e24eE,590318
0xa63D46E7b80eAbB236249665be96b1dCF09a2179,590318
0xa6407f07ddcb47df58d1599f43695f20d68735fd,2666666
0xa641F50258e240bfC8B3Dd664BBDC3aDF427543B,590318
0xa644ecd0a4bf13de4a0ba74b33eba15b7a3c6549,23036649
0xa656A158fDD934E8A78BF16777ea0303F1067149,590318
0xa65881B529Bf7C6d5f1aFbaf75Ead7167bD12D1D,590318
0xa66daa174ad201f4ff076a710a9194db6ffbaf51,2666666
0xa67117F1955639D25703cB6914eb4B1fBF5299dD,590318
0xa67201489ff1a517b6d43e3c4614fa306cf6773d,23036649
0xa674F2C33f504345F50cA6C850F9fd8338612166,590318
0xa67c88823ff68946c9cfb090e7dd2dbc9a44ac88,25703315
0xa680C351875cAC5d18882d2bEc2b18E7feBe9b00,590318
0xa683ef4f30C713aC094cDbE9F6eD8746F8C4A9e0,590318
0xa68658704aE5f37284E93ac91A7FECB1c858dBEd,590318
0xa68ec3d308860ba34f5d72cf52f9c89111e7e84c,2666666
0xa695178A662efE5683448f493E771e950Bc798a1,590318
0xa69bd5f132318a91faB0BCa7D001d2040534a4e4,590318
0xa6AD981a5C16ee7DaAb3D3835B2C707Ce630863c,590318
0xa6B0ADa74AdA37f4151e548c79099816aF065636,590318
0xa6C63b0C66D78e4524909Ed557fb1d58466a1d6b,590318
0xa6D2425dC791C309B15B4169380D5F635FCb894e,590318
0xa6D821693855F34F7FD93A856e18474dF729D44C,590318
0xa6E8Fee68b46f3DF678316f02A4CB287a6Bd1331,590318
0xa6Fc7D41645d327C967227E17cb753B81527b10A,590318
0xa6adb14246f24cd778c00a1080e07a84ea957947,8000000
0xa6b89A8Bd97f54895C3b93Ad44d277C0D78DAefb,590318
0xa6bcB89f21E0BF71E08dEd426C142757791e17cf,590318
0xa6c11DE6A93b8B02039aaE0254656B942984586b,590318
0xa6c883E2dde82FbED20e025BD717a6B7F34f5E6E,590318
0xa6cbd0dcabb082319a067b0daf18df8156347c61,2666666
0xa6e8c40dc269be0a4d880b9ed014a91bd897acf0,2666666
0xa6f08e24d907327d9017a3b6cb915387710a2304,23036649
0xa6f66F87130cbEF1ffCE9A544Eb0cA8cb7de9564,590318
0xa7004F6319aeaA61338A64A45AEd408d7d4cB256,590318
0xa7072C93486FadE60e76B9d98E72B770883Da6fa,590318
0xa708e694a2d6E9F81523f4Cf79DD0A089253430C,590318
0xa70c4a15bf088b0c50d28de469239305a35b20db,2666666
0xa70ef67097C5680A38602de64eb5665E8AE7f659,590318
0xa71132731d4115AE3Bc0F469196fE1C3106A5C0A,590318
0xa7174723AebCf580C13A9f1Aef793Bf9e44bCedf,590318
0xa717ebea3777f27647dc554760407d50d8c90445,2666666
0xa7205b6ef3dadc0c8a88a284475bbd9a35686146,2666666
0xa72Efd4D20E6d99c6cF4AB6e10Cae5D64C4DffbE,590318
0xa72b265457f3c0002314e1b242168febfcbc5e35,23036649
0xa734d29231fcf86650134b96b8d8c207a60cc4d4,2666666
0xa73d12034f8d4ac890d3a446b482dd0fb56f7717,31036649
0xa74aaa7d063bf8c9f316fceb93f63be2602941ad,2666666
0xa74b1a1AeCB2291135B317d4b34EC1B984c14480,590318
0xa74b1a1aecb2291135b317d4b34ec1b984c14480,23036649
0xa74b24c47b9f04402402f0cc20c7c6fcf6337bc1,2666666
0xa750ba0aB18C00EAaCD71fA58a937b5a005B87f9,590318
0xa7540cb175A01fb17f539C94d619696B07c6E1ff,590318
0xa7545718d645B0A187a2E57813f1843572992AFC,590318
0xa755DC74E06B15FEE479D1D02652e022bB3C901d,590318
0xa756C0ff5b9Be4BdcC04f942182F901380CE71cB,590318
0xa75C695861676d251d70a2729F0EcB61174D6BD7,590318
0xa75F9C8246f7269279bE4c969e7Bc6Eb619cC204,590318
0xa75e8c75F193ee0079F6C75CA7fcBE79C40C517f,590318
0xa76272077Eb241Fb26aEF805a9006ACe7ce36F07,590318
0xa7643Dd916114EA12FbD48c6F49344058e89fe98,590318
0xa769c1196bc030af9f598171d6274fb2ecae9c50,23036649
0xa76F90571C6d046CA39549DC00f8229610211e2F,590318
0xa772433bDbF325eC9494a4714Fba847C1e9Af644,590318
0xa77EF4eFeE309D845214cADdFcbc2cAB8DeFec11,590318
0xa77aB3d8cf0C0bB06533D3D5dC3227A36Bbe122A,590318
0xa77ab890fbc5a37ca5827ca82093733780ea9d07,2666666
0xa7807866BCA25A478BfAf1A942FB07c74F0926f4,590318
0xa7846b108DEfA5894B99f7E7c7544bB4774C5cfB,590318
0xa7888F85BD76deeF3Bd03d4DbCF57765a49883b3,590318
0xa7938A22Fee8E98e19e930df45cb588A178eFb9C,590318
0xa79A2a418183a7c7Fd68965DDB83f66bAF73Cc7a,590318
0xa7Ab74309974C46269E90b001a9a8858172a97b0,590318
0xa7BC3Dc048464288ec1BCaBa73E50C2A9602AC04,590318
0xa7C01355Bfbaa8B839c4E043Ac11E47Cb31610E5,590318
0xa7C0B79Ad2d0f0A946ba0E97c1Aa183c862504c7,590318
0xa7Dcc417c63F24F9073b667A5d7149bD38463d0F,590318
0xa7E9C543f5e52BBB3b077A2076ED8bD3b8c56AD0,590318
0xa7Ec989Bd60B8D0B4Cc4578c5b31347a64b7532f,590318
0xa7Ede026d1AB268dc7F43955Aeb224CC24F99C63,590318
0xa7F1F99F62c87d7eCAB95AF1EB1E1BbA54eC0B9f,590318
0xa7a0829AbCe4E5d7569bA6e9a45cb7C62bb95aeB,590318
0xa7a4536886D22132Ba305A18d59DB9C11a1c0AB0,590318
0xa7b675E242Aba3D40863bA18F1b4dC68e2e5C669,590318
0xa7bc45480df40197d1f1337c3f8ad068ac8b165a,23036649
0xa7c7734bf144176b7816921874225c51a34ce7b6,2666666
0xa7cA1BcF8CC5858D31afB6dab2fb1522E8c18047,590318
0xa7d6C4F24503024285fF49773a2ebfEd69B9C400,590318
0xa7e1342f7cE4e25E694Da73fdD7bfc7b7AC74Ca4,590318
0xa7e56662fcB8aCB6bd4d097F445aeF01bB503A0A,590318
0xa7f5FE5091e10d6b1c748498a1bFC53a5e73f6A9,590318
0xa8110C3D01D669Ab46CB8E5b9895a8eC14FD7728,590318
0xa816cAb42a6832fF018eD450297daD79849fBe5A,590318
0xa820F4b3F76459f390C54A9Ed9534359F0C7445E,590318
0xa821f7db48f8756f477b412ddb4fedddfdfd597e,8000000
0xa826B358cBEDc681853ab8e33a745C8e6a17CD2a,590318
0xa826f6c2A43D7e4025B58A80cF90D1474043b60c,590318
0xa82Cb97357c954858BaDCdAA21836841c0fbCb37,590318
0xa82bb5309B66A951Bbc05c3ae287E9C7b16a8163,590318
0xa82dcC83fC62f510B79599a930c02F54D795f71E,590318
0xa82eB835E341d305a52449691f79AAd597ab6bb2,590318
0xa83dEE7F0Ae967459550d068142D11D2958f4091,590318
0xa853dCB66cC79d97d153b244750146D5768c05fe,590318
0xa85D75DAC68297d33924ff72845df223eBa77597,590318
0xa85ff3ba53af2133e8045c4d757f41ea7320e7e7,2666666
0xa863EB34EC473Cae2ab017c804E03318A2a82e9b,590318
0xa867c74266e71d2d8a41178615c95c6e578350d0,8000000
0xa8692e1e65c9372fd2470d710b0f76a734a80874,25703315
0xa8727F404eBB5E9e50Dd32DF03D3a08b287B01dB,590318
0xa87f09323CC009957503132D9B7EA8db7384288D,590318
0xa8832d3d6e3c572cfe9186c51b2725ac4a36acaf,2666666
0xa887092119FE4D5A1644774758A6D36a6E055A99,590318
0xa88e4a1fde36883aa41401d92104e9386546f75f,23036649
0xa88f8698a43f3d529f70e98ae96d06b518da93f8,8000000
0xa8906128be2849c60fa28c0847645bc26984a856,2666666
0xa8941787D197C8609633e3008e4ca1076e963A73,590318
0xa898c71Bc7045D55811faFCc7b16ad1f2C652d4c,590318
0xa89C876BE69223295A0925D7A62Cb6868dEc4ac8,590318
0xa8BB60701670A91b693eb119EacCb0fe4D53Ac6b,590318
0xa8D5921984aD19d15cA0D240D66FF3A41b7Df049,590318
0xa8DC7990450Cf6A9D40371Ef71B6fa132EeABB0E,590318
0xa8DE45A18Cd08e63B8dB36ddf92fD8a7dE0568Ca,590318
0xa8E7b6C577E6a15748d90Ee10570bEe4C7E413F8,590318
0xa8E7bdBD030698b7799AE84DEe2169bED330951e,590318
0xa8F4A971e71Bba82514e669075326c7a923Ea6B8,590318
0xa8F8Dc4228EbFc18c713282F5189ac888332d3b3,590318
0xa8aA3F248c833D931a513B514dBB2ac32494b62C,590318
0xa8b5ac782494bA8dCb9bA3d1b8D7684cCdD0524B,590318
0xa8b818472b0f855119481953eb696a8cfec5f6a7,23036649
0xa8c573c3c504f62c6a5d8479b78e14618054d2a0,2666666
0xa8e2301a02e947Bb560b9278b49FAF32C87d3F29,590318
0xa8e669ED006112abd053d77a87D9bD0Ec1432C37,590318
0xa90110a961223D3c48c2B39ee586dDE2f06630B8,590318
0xa90e7f6bd725c79fd30c30b784410ea3bbd655b1,2666666
0xa9126F6310D387fF21e9584fb7BDe16200B938f3,590318
0xa91494AD46686eca094Fba7eB8B7c77D7Cb4cc80,590318
0xa9184BB57Fd75C7c63e4c074d6319ECEAc6BE53B,590318
0xa91978BC7779b1A5f96076414fcf0Dd765D9aFe7,590318
0xa91cA7B31b54ef299EECFaFD456057154A9b3A86,590318
0xa91eBB6de162f88BaCEF3fc5082A2d73522BD25C,590318
0xa923D7b4d14D8D27399595364de35Df0bFB6cAA6,590318
0xa925703648f711b3f196bca83f55bc17ec53e291,23036649
0xa92826Ec852c7e129f8bc7a7FC4997B7710A7a08,590318
0xa92C2802aE0C955E9A261Cc2624216fBCDe86134,590318
0xa92a4af12ae0e6a466a986e7fac5ced89de920e3,2666666
0xa92c5b9c9619aa82854f7287e8b70b57eee0dc0c,8000000
0xa9376C1b7A4d89EE82DF4bc02Fbd8CF3A9C30AF1,590318
0xa93b16a3C105C847CaDdceA85d0E78f596A0CF8e,590318
0xa93c914a6c3385431470e463c8208cd92ba1e002,2666666
0xa942388383fecfb91efb46a962b2c14cafc57376,2666666
0xa9436a0E4BfD13D8EaBf288435fc850d74D22026,590318
0xa9436a0e4bfd13d8eabf288435fc850d74d22026,2666666
0xa946c445Bf7F1675309FCd3A968Da4dA4E3A107a,590318
0xa94d083de84321C4f7a944694cE4f9B08B5eCa7c,590318
0xa94dae31c74617b88ea798254b0663866d87bfcf,23036649
0xa94eEd34FD859372372C9d3682649417f0c761FA,590318
0xa961a6707DD74A6603d5666aB5cE77Df5c28aee5,590318
0xa96245464558E73AE2bC13fc452ad24d043e6E1D,590318
0xa96263A9aA77327536f029Dff4d6b476f9C7DF49,590318
0xa964FB2F5c54541319282a4Ba4B77c793a7CC4F9,590318
0xa967adfbb029b2bcb0fafd27609058b80c96f2f2,23036649
0xa968fAD049fc2b5571083295d1470b9Fb7C6a8C8,590318
0xa969089b95265fb8e5ffebe9a12b9766da942159,2666666
0xa96B4fCAcae1d4284774dDF3692101E5411e9137,590318
0xa96d3d24a4a64C67fF171B32CA4D454Bf95b4d87,590318
0xa97683660E988Ab8E5a4ce5C4621Ca64470dA1a3,590318
0xa97dc073E45efe02469DfA916F354b107596e3e9,590318
0xa981651160e2B13394F8579351Cda85a133e6181,590318
0xa982050dc95e4419c656c733a24701603c54e122,25703315
0xa985965d7e2ac7e88e930f2d660792dcd537418c,2666666
0xa9871FE7cbF181F3c045734dd3e1Ac62FEcAD6B0,590318
0xa989a7670b8a44df26017223b24d5dcc9987b356,2666666
0xa98abB6186694B87ca0D6eDb75ae4a114C2038fA,590318
0xa9907ca411a5a0367Bce3DCEa76b73F4E20CbA04,590318
0xa9926055f3CCdEDD9ED168930a5aAbce14A52b40,590318
0xa9926C564EBc8017Fc83301693352CC56Cc2990e,590318
0xa9933458dbf9a8c2dd593956cccabc183187bd09,2666666
0xa993ad31EF46873C0193448dbB2f04C0d3854731,590318
0xa9A64f67e70B9C3401D73Ffb3Ce042711643CC09,590318
0xa9Ac8F35ce49480e333E1A92a4C338b28D9f1F99,590318
0xa9B37037F1D91557ca1Cc60b2E08A277E868ff60,590318
0xa9B90D41890A8E05Ba826880B188b501F3ae7Aea,590318
0xa9BDaCA88cB705949c3F1C400146EBc5FC7D85EE,590318
0xa9D5b8Acc9dD9E252583ccDA5e186C0075cd38F4,590318
0xa9Ef46b6C863b7D81B6F1bcD4CFe9E50275aA197,590318
0xa9a03Ef7884348bbD1F5AD28Bc40DdA142fe61f7,590318
0xa9a4AfCD4a9842feAE15Fe95A076b9694dDA8414,590318
0xa9b8B1E97cDe39cF4260E42ECad636a7a19dd821,590318
0xa9c2445400C10CC56a42a1acA8D5C6c6151bdc7C,590318
0xa9c859686F6A3cd942d1007a0D0C0710AF4D694E,590318
0xa9d3BF3dC18BE924E5bfa1625e72f4FBE8aD8Cb4,590318
0xa9dCdEE9090F6E7077B26be01BaadC34280951c7,590318
0xa9e55ee26a6cc6249cc6e70e5c4465652fb5b713,2666666
0xa9e59e6a0f3832F38Ea3fDD4e9e761D2083c5c58,590318
0xa9f078B3b6DD6C04308f19DEF394b6D5a1B8b732,590318
0xa9f0D60D633410fe5dE977a4C19eAA6B3EAf3e0D,590318
0xa9f56CEBb023715C58215C691Eae545694eEf1f6,590318
0xa9f86d9Eaf339305cD36e76bC0dE7aC5b024f075,590318
0xa9fd6cf04c01fe949d67e0dcd6112ba4e8e7dcf3,2666666
0xa9fede8308e8ac41142511dcfad4375e37228e07,2666666
0xaA08C044246AD15104757Cb4e17299Cb59834D7f,590318
0xaA13C48c6f4d0C513e97DA74DCDFc19da07b9B9D,590318
0xaA21505A90F5A5D1e40c39BD719F1b3BEF843CbC,590318
0xaA352bdd853d80C5C885560755AaA1831AAe1CF8,590318
0xaA3E1A91FC83723e527062FF929a357354D10dCb,590318
0xaA4f4217fB74f6e7F846ACbCB1eD4465F9660543,590318
0xaA5cb8B10990a51FBd8a647d61C370282C42C976,590318
0xaA60B4809489acB990a9b7Ca7aa58c75781d23A8,590318
0xaA6D342DAb0B08A222D057bdFa931aDde100A377,590318
0xaA7E62b018364ACf0180327A475785A1e4D36B72,590318
0xaA7da2705DDd87032951b024DFf685176C2d2aC8,590318
0xaA9368d8Aa194d88586e7B5f701c62aE38376236,590318
0xaA9543F2eFF0e7A4b267F839612945841172B02F,590318
0xaAA64A0AA3Bf7EE11208B232068a2b37853D49AB,590318
0xaAD6f8F2F06d1Cc78d367ABAcd5E8C4846652Ce0,590318
0xaAE3e2580656739C50819c980a5D6Fd350f13a96,590318
0xaAbEE80C16E867ab4fA082821d18A57Ba81773a6,590318
0xaAcF2fab7DBc8A647B23160552c558C676964910,590318
0xaAf65C498dECC18034D8D25ff1697d7F2De7E3E7,590318
0xaB01b0e8D5EDb96B80cD54185F9593A2D3665EaB,590318
0xaB14023979A34b4Abb17ABD099A1De1dc452011a,590318
0xaB23Dc3f3e5dE662EC992c78a64eB77d71a12777,590318
0xaB28CA194D40e4e088bf123111D35d94e5A4e908,590318
0xaB45F5Fc92c08835cA8FFC9Fd19F8E76a33c3099,590318
0xaB54BBE70F7898806Cf75628412F80471e275CCC,590318
0xaB567E85168517aCEfc2422Ac0e1B6AA8773eDA9,590318
0xaB68FA36Ac9fb358b4F1451144965E306537980e,590318
0xaB722B97af47b69C1D23A3f70c8eDb1137Af3620,590318
0xaB755A0b3c3dFFe5b185340Ee6c1f7Ca2cF58D08,590318
0xaB78DAF6a210c6E962A77Ae94C6e3c152385Ce8A,590318
0xaB8a67743325347Aa53bCC66850f8F13df87e3AF,590318
0xaB8c6E0865Bc795f53fEb3912CD31A25aa5acEc2,590318
0xaB9b9a13FB454583E7C338f1C8F804299319d7F9,590318
0xaBB678f8B61F25A453a38a4e5801C50f034f094a,590318
0xaBC7eba2d69EBe231441bBebB3489eEf3B6aE4e9,590318
0xaBDcCBCb7aE42b824b5C30128b83d2B9384F0F05,590318
0xaC0f76A8c30E23bc197D26465e7bE319713c5224,590318
0xaC141BEED24022289E2EA80c9Ac1434Bb30e2B88,590318
0xaC1C0d579719eB3814bAe2c883c4d857E0eFfeB0,590318
0xaC252fE91404b866fF2f0B0493f3066B56b887CB,590318
0xaC2aaCa29d368e68e9d164b18fC71b71C106A81F,590318
0xaC46A9d26173F0AFc6cD6eec732D991ABD7d092E,590318
0xaC4Cb8282d291a74e8C881620E3AFaF6dE98d6aE,590318
0xaC5d3F9f74c77821B624EC0830481E0608974fF7,590318
0xaC6b0eb011F38C8290eefB122e83CD3FADF0A3c8,590318
0xaC780038C3b4248F1AA5f2e1856292A0E908ad84,590318
0xaC7BFc772dcA04bc26C8ac7419A393A9DC3a53a3,590318
0xaC7E4a98F5C0F2C06642948aAD44105Bdd8E9E0E,590318
0xaC7c942B70E8F4Fe6329343d03f4C8656381F426,590318
0xaC88FA3b95545CF5Cc51946d0e6fFf035C6D2BC5,590318
0xaC954808387BdbCFe9e1Ee18b94D8e02d95AD51b,590318
0xaC976a474AFCA5b42e738795E96697f9BD058708,590318
0xaCB03F220675FeAE4fA87Ae4F41AF56fb74D4EF6,590318
0xaCD3aF6b3C9cEA661C4e7532C988a1C3477E64C4,590318
0xaCc1ef0a90A8D2000Ef01b0A116b41F2f3cec4B2,590318
0xaCd22403822eBbBaE00221e3B43182743A87F40B,590318
0xaD1fF99725d324DF1f345972Ef05b81e4A7c477e,590318
0xaD3783Fa8A979E1191D5434Cf5e48fe40421A496,590318
0xaD4BfA375850108e308ebD405443486cC6B60a32,590318
0xaD5C39984149aa60663bbac47676f84192c04Ca8,590318
0xaD68Ef69F41B4d3FC6f11eda88b9f7485Ee8DF35,590318
0xaD77f6E6c427eD0f66349820317217A2092b7220,590318
0xaD7905F733b4be86CB30CCB6c47FE8cA3a03b55a,590318
0xaD85E918c5454Da6CB3fb4aAD297bc7a2da57E2b,590318
0xaD87C4532E8965E76D6d29812cC05181DEd2BE93,590318
0xaDBD9916F8D3d493d993F6bf827562804F7b0410,590318
0xaDCF6291f0270C31b9a6aC0a3CB466cC7d6A5F4F,590318
0xaDFb700e24040975eAbd6C77496c1633D0325CA9,590318
0xaDbB802949ccA822E558f0c8ea3b4DcEE15FA2d0,590318
0xaDdFFBfdA9fc9b9030D71391Aef32EDA12CBe4f1,590318
0xaDe54551e0F1f2594DdB83F66231eC294dF92e9B,590318
0xaDeE12AfeA8Be89faEE3e9f0000fC6d1743c9a0E,590318
0xaE0623B011bEf6e01709f584EaD082B13313A315,590318
0xaE091adBbF9cC4cE2d3397cEd1609c6781896C9E,590318
0xaE0Dbd34d3d899b99b6Ac8f29203Fa0349974D2B,590318
0xaE1a2707A15fdC7F8CB69dc82cd57C6dEeff34Da,590318
0xaE34A3c3817EAD94962f83183B8BA22Fb72Eba5B,590318
0xaE3C8F5e1E6bCf98bCB716e7d4356Ce765C69339,590318
0xaE3fBE3524d491833F35c8d88A9E57F7d9857007,590318
0xaE4BdF44bE2BFaDdb9cf245914253f92E24782C8,590318
0xaE53Fcec0E0c3d594ee0372298108c81953969F2,590318
0xaE6Bbc3cA544C380087EE8AC8443D76Bd4f5A43d,590318
0xaE71e22E772395a9FDb1FbadC882f067e19fF28E,590318
0xaE73CB92cC009b4C49fB095e06142FE96f06EdB6,590318
0xaE80070b6DB05FFb7a50e76D0b85290FeEf08f85,590318
0xaE84bd39bf326C95aB1E90037Df2b6e485072E4b,590318
0xaE9746a85F7E08Cbfd08dB00Edf9B6C21f592fEc,590318
0xaE996BF0a9D122ce1DdDEfe7732920b6c1539C29,590318
0xaE9E0106D06b02179CC805fBFe672D067DED2578,590318
0xaEA30Ef85CDD0D3a7dce6F613B51Bf76197D5b54,590318
0xaEA57cBf427757d9D51F0FB024cd7DFEB15c0275,590318
0xaEAbbc2535F1F116Be958149Ae62D34F49A6B64a,590318
0xaEBCc707edac413af8782c5bB1A29A6B2d904719,590318
0xaEC8c478446BdDC2D022a03c90Ca394269342Ce2,590318
0xaEa8E8c1f3F9EEB8A81D76152FD4cdAb7aa288Cd,590318
0xaEbeeE47aC35377085eA2885c290C081b21975Ec,590318
0xaEdcfCd98fF33D330525552b70F87bb76635BF54,590318
0xaF1349F41782fe690fc13e270856Ef2D7ccb3302,590318
0xaF162B8887f28727E33E4e4CCCe12178Ac8200DA,590318
0xaF184b4cBc73A9Ca2F51c4a4d80eD67a2578E9F4,590318
0xaF1c80fD05693E0c3a8DFDAC1C299f282A538963,590318
0xaF354d0ABC1d54424f88E0857bAd802D741fE7e4,590318
0xaF4a9B26149d99b2fbCe74aF4Ed1FdfbF0b6816C,590318
0xaF4dD92D7D9240a0436407742b4b6BA86B6c31aF,590318
0xaF67BE07a8260D2DBd31B1c478c7306FA2AB1d0d,590318
0xaF71198fe7fB01F3D60d73cc11996e992d3C4db6,590318
0xaF742D14557567F602DEe6d7698218916431E217,590318
0xaF7FD67AE6B3E25F83291D5600fBe3B776EEa4d3,590318
0xaF92Ce39A9F0AcEa962044C84b5659E818A47FD7,590318
0xaF96d0f5eB09ec2dd5c0b9D887acb45201464481,590318
0xaFD0B1131F1a12C7ba707E391fdd1Ee67C34552b,590318
0xaFD777fc2b8516Fb668c71dF6109dda5f877614F,590318
0xaFE6520e39B77158e15b3377c1528B590a887800,590318
0xaFbeEA7B0610408026cba3734551B37e7250788c,590318
0xaFcf42f38034C4Ac925daB970dCbf6d17e7517A6,590318
0xaFeAB867F859a29D3831142Ca7de974F3456726C,590318
0xaFf42573Bc515b878513e945E246d0F1B8Ff01Cc,590318
0xaFfb75416D90b88f478E081Bd494278d5040Ee59,590318
0xaa02AB6eb28559086AEAf2529c431c86d052F172,590318
0xaa0Ca1bfE9DD2df553345fc8945A9C919BFB335B,590318
0xaa0c6c0a33fABF9932701817F081A5D1992e75Bb,590318
0xaa119fC45fAcD82B13D9b1297D42aF3bEEe03E89,590318
0xaa1f5b31b3aa6d18792bccfd3a800b285b0bd3ad,2666666
0xaa21d6e2be29a34133ef656918317923a85f7779,23036649
0xaa22fBe622Acde1ef840C16D3FED5b548fdA43Ff,590318
0xaa2a33c424B92cdC042e40c522cb48e586e83026,590318
0xaa2e7d451ce073cdb76004e7591205a72786b841,8000000
0xaa38c9Ca07Dbb4e37878bCF8a1713e3ECf1a248A,590318
0xaa47CdD71ef24B08a4F752EDd7A0D36F6AaAd287,590318
0xaa4b44734544023ebfd630291718b890f1e07529,2666666
0xaa4eEF582ec3EEf636D6177ABf56bf0820D0794a,590318
0xaa584127b91100DdE6b52228C28848A7B1D059c9,590318
0xaa60A8BC22F7981932dF888055A4bA99ad687E94,590318
0xaa647ff08a413b72b8e57841e836f363c65f78c8,2666666
0xaa7577a7A27aa7FcF6d0eC481B87Df3aD0F6a88E,590318
0xaa7AC085192b16D8063E0d12c38cdaA97B640BcD,590318
0xaa8126a4575E69D534a9140ae9CFE3bE10D70e9b,590318
0xaa8582200256BaD49469A9FE8768f5c702f5893a,590318
0xaa85F987Ecd2b6D493Ad13F9E9c406073d9da9FA,590318
0xaa86FA8Af10E59E5ac8871073d6B048Be89A3479,590318
0xaa8E791eb41156E91cf77Fc5Ff4fCa444FEf88eD,590318
0xaa99de91cd5e19ca32ef0c128bd97729b054b98e,23036649
0xaaD040A331e84614CaE2655bA0A3837dbe6Ea14f,590318
0xaaE157FA5787527068f996aA7B126501fDAaD5B9,590318
0xaaE3e72253606F7f886A0E0930DC77C09fcCE157,590318
0xaaE5fae947ff8b64C73c2928756Fa0419729d48B,590318
0xaaa6103f95b54910b062681a6c63fdb8d1d64aee,2666666
0xaaa8cc7af89a424818ae36213a1d302011c18c84,2666666
0xaab86239606e1755abde3c0cce833340b2a88c72,2666666
0xaaefa1F5a034f0dCdDaA265A115f96F62f81BEDC,590318
0xaaf484f3dbf397089ff35f34238e64e9db599046,2666666
0xaafb78f0edfbce67459c8069f8c4290763a7df7f,2666666
0xaafc45e53abd34156b61e5c1c204febb49191e77,2666666
0xab007B04cD33448f88c60AC9450AbAC5956B9844,590318
0xab152331Fc2844AcdfedD0598EC8c6a1f8c887bE,590318
0xab15aABC986DE6eB29f3efEb7CC911c966d37755,590318
0xab1df8553337eba3a46c65be7e060c9b6348a1c4,23036649
0xab30b8c33c8964caa319f8c52a13eabb9fe51ee7,23036649
0xab30d7f5d6eb2665cfd4ba6d0bfc174169a0448b,23036649
0xab3a112a3854f225875e75d705bc4a20140adfa6,8000000
0xab5016fa7fecc9345d8a7de4780c87600076e47c,2666666
0xab59826B2c527aCD42893ba7Ef7813BD730f89A9,590318
0xab59925Ff1dc46f6e297c84AA33216E017A0fA36,590318
0xab64d664743349539D2D247769f4018a6b760Ec8,590318
0xab7054638a79a39230c0539f2faebbeaa3297a0d,2666666
0xab71ae67b4f1735234eed73696023f75e219213f,8000000
0xab7C93d09630cCa6EE2c9d490563928c68C41831,590318
0xab860f769ff29eb717375b64cf9dbd5e59d08fab,2666666
0xab91d799e225a2518bba3c9c8d94e5c58d4b015b,2666666
0xab94E0CfE79a2E1e088A5A85213f8360861e5682,590318
0xab9a9Bd39d8A4F8b69b86e5a4DEAfBEaF7A2BB1e,590318
0xabB24351a674d07A86EdE4d3B36Cf7D3165c6C7D,590318
0xabD0127D996A468A79a0a8e88F4D419E40402e95,590318
0xabb340c67F9529ce450ce3bb60a2eA14271a5439,590318
0xabb7220f38aba13881ffc4280449d9757616f97a,23036649
0xabcB3b2920A256e92612d6B9eA9Ad7839293e0E9,590318
0xabd21117E485e9968feF83b4e2AD2Da65c76bA43,590318
0xabd29e9f206b20148e03f95c31c5f3139c0e9999,2666666
0xabd4FcDA9854A2E95CD090AA4BE089FA518A9fA6,590318
0xabefc08efa42f327656d548245353936fdf7095b,2666666
0xabf3e857b04b668b71e65ee343f0dbe97647b7fc,2666666
0xac1B1CC2FEE62d8dc215821A7aFC1d8594FF2f92,590318
0xac1edcbc2f96fde6c278e4f19cecd2f564aceebb,2666666
0xac2286c768470677c3efFa29a83Df849d0cFe5aa,590318
0xac252fe91404b866ff2f0b0493f3066b56b887cb,8000000
0xac335Aa42087dC2837271846a0CAa7319e3C584E,590318
0xac3D324094EFc0702c20c0FaB19eEf78313Ac664,590318
0xac43DB208FEA3AAd16983F8f79fb2c6D2218e34A,590318
0xac472e1ce2a73094b360f4750ca7f53cbe03f1b6,23036649
0xac529b08759f439b88b46d5a227731dd7a9c3bdf,2666666
0xac5b689eBF0e0934aE0745F64C688c078006Bd21,590318
0xac5e11955cfa8baeb7abf7652208a28b14f9fcc5,8000000
0xac63218d545e2bb52b4c65dd953ea826acfde8f2,2666666
0xac6465f1e8F416EF1Ce00d2C43AB3AFe78C9BF11,590318
0xac67C6De210419224fb60686EF506d86314C968f,590318
0xac77Ff490646d9e23bA46d077325dF18BF92198f,590318
0xac844ADA82F3d0241533d827ebF84deb89617792,590318
0xac88759249af73e089321dc091dbe0fef33f52f1,23036649
0xac9398D91A08E451f83bA114a920a36cf8E19c07,590318
0xac97d72498d8eb4e1801e4f487bf94b612faa1de,2666666
0xacA45a9D58ea48C5ED3E323fc6174e772D3cbDd8,590318
0xacAc167778c8bC649E4d09472D8cF503e10EdD76,590318
0xacAc7bC2260e331E5A569a5A1dd552fCe7957613,590318
0xacCc23450731DFe78644cD9Cf67414478146dC7B,590318
0xacE490e46D53Bb84b339624C7Eba59A85909675e,590318
0xacae5c6351234CFc0323A8978410B3351b939374,590318
0xacb68f23D39aEEa8F8Cf87EbFDF804d810BDfeab,590318
0xacc75Bc6d8D24E7069aAb29b5844ee07FBD6Da7D,590318
0xacc95a42d528302ac7d85ffbb9514765373d9548,8000000
0xaccaaae9a153bacea2ded2e224046bc7382e6fad,23036649
0xacd8f506481545d5d9914157089f4cb9295d51b2,2666666
0xace99151715450dca33a6697b1897e82c54076b4,590318
0xacfaA58970380CA31B56CdB2C87A50b5e1E8Aac8,590318
0xad1F277b0154b485DE16Aa3a6AB8D5Cb88d0299C,590318
0xad2968923f75e9feef1d446b65f97492dcfa4952,8000000
0xad2bC3B93E1FBbF03D8B7D2F9B25D2F3c656258C,590318
0xad32BC5F86dE8FCf5B26AdfE26f90663d9EF50BE,590318
0xad481d3c709dffdC30FFd7b7C6A307E4CE60b09A,590318
0xad5095365955d5fCECA60483C50696d012023E80,590318
0xad511D11922663a6Cbd334045F5f760Ae48950f1,590318
0xad5c58d5d314bf90f74099c2aaa8a7122caeb8fc,2666666
0xad5cf2325ce223e7b24b13c9412549f11b8aea5c,23036649
0xad607c2d706ac5686D4991d51628BD223E4D01BD,590318
0xad768d53cd6dd556a594ef78c020935ec838c2a9,8000000
0xad79A6385F50f613536A197Bb1Cb1d9F7Ae8FE72,590318
0xad7F2f570544CA99F9F8a9165c00da4588ce4b86,590318
0xad8A947D31dE0d3c5872a25f819f3cdfB081048c,590318
0xad93ECdAa1835EF9FFFAF3E9Cdc64b84156f76d4,590318
0xadA4067Cf6Bfa0c6018D82A5e1f9Db6Ca598255C,590318
0xadB4baA4bF3A1C176c4399402395403632B036A3,590318
0xadC1FDf5F482b899b450793f10F1CD24663fc0D0,590318
0xadD12ADBbD5Db87674b38Af99b6dD34Dd2A45e0d,590318
0xada7e6d162c3ff6f493cc848f9fe1bd74dd70a17,2666666
0xadc1ad4e59ec80d3db0c2a91027a284ddab879bc,23036649
0xadc5cc106f054dc9361db3d4731b94ab7efd5610,2666666
0xade44991D931CA62E4B56F59A7A8E9160067F48A,590318
0xadeEcFb517DA874961c9C408471C38498D996211,590318
0xadebFf92fce62b2E6aC9E72a286fF1501098D09d,590318
0xadf1d7595a627dd8b52971cad65597dee2fe50b0,2666666
0xae0b5674c4d865046c12a8cd041c1a3f95136523,23036649
0xae4415C066008E4cFc4Abb4C1145A90430CAFdCa,590318
0xae4705dC0816ee6d8a13F1C72780Ec5021915Fed,590318
0xae4b6d8c72232c52c504EEcE54C36886A65F155D,590318
0xae5dcCd183644bcc7420647CF0af264e7AB85252,590318
0xae7Ec8eE91F3ABfDee1E76271429B36abD65cA33,590318
0xae91b08AFDC8b81Ce55672364Dc077d04BDBe9cc,590318
0xae9E6e806838eFfB20f1bA5c36F5E79F4D501062,590318
0xae9e0106d06b02179cc805fbfe672d067ded2578,8000000
0xaeAE289EECAf50E5f14D2B49f57Ff6FE9EFee135,590318
0xaea0dc99a55b196207b3b8792a49f10dc45acfea,2666666
0xaea8E3Bd369217CC6E3e6AbdDf0dA318fBA8E59b,590318
0xaebb8FDBD5E52F99630cEBB80D0a1c19892EB4C2,590318
0xaecfe4Eff84a1cd9a24ACcc1914aC537Af7f6E1b,590318
0xaed11644bcd5ead8c48b89ca78bb381ff300f172,31036649
0xaedc1FA1106cF84306646f2b75bA13A64ED13A7B,590318
0xaede7D3C294b90e318B6DC7A58f18bbDE5879b08,590318
0xaee55fe9c63ef8eb365dfa4c2b5b95141d4c24aa,23036649
0xaeeD6DA0b6cb5c72D0377FDA6da9DD316BCBfc9a,590318
0xaef29b4374e3c8a04d140ac950121970e9b5013a,23036649
0xaef5b57838821028a705a57242d957469a9a06be,8000000
0xaf075064a9ca1e8fa9efffcbc88b69d0c6b7f8fa,8000000
0xaf09521189761d72dcFC71010Ae82BE0fF443D91,590318
0xaf0AD4277Be10446201789Aa33568FDf021DD268,590318
0xaf0FDd39e5D92499B0eD9F68693DA99C0ec1e92e,590318
0xaf111b691df28f815be422cf7c6788ee0cde872d,2666666
0xaf2ea21396bf4642b2c501c9771e71f977302644,2666666
0xaf33531fecd42fd9621b62b6cb372b72f0ad22a4,25703315
0xaf3d410e9c9bf2c60c597aef9b0152469d29e0ef,2666666
0xaf469C4a0914938e6149CF621c54FB4b1EC0c202,590318
0xaf473f724637F14d450a20FaB346E2b09fD99F1b,590318
0xaf4DA3BEc83Da5BBDfcEf872E16cd78b26a97477,590318
0xaf5886d6E3b29C5f876f1DD9D5e00cFD058e3570,590318
0xaf58A577B49DaB4D3cab95D944B22C782313bAC6,590318
0xaf5fb6b42ab35b758e8fc9fab7f38ce406c42ef4,23036649
0xaf70E35075c84B8209dD9652001125435e2bc8Aa,590318
0xaf7ED585c3400D61Fa54135C1e31bF8B9f478b16,590318
0xaf82A37FA0feBD276c378c92524675d3f91Be8a4,590318
0xaf866c7dc485a9a91e90620b6d4e3671bdacf3f1,2666666
0xaf8DCE0CD3616767d728AC3cDA5E452963a8C758,590318
0xafB3ce9369712383E8A1c07C1B0695CCe8554553,590318
0xafB7B36DE30AbFf3C82b97f86795BcEE54bF631b,590318
0xafBcB89b840EEF8C41c5BCFcec39352615d49484,590318
0xafD5639d4DEEC984db23effd7923277DE0d57EaE,590318
0xafE35776A3D36943281f9Da0096eC740829c7834,590318
0xafE9098a15fEd021E6DB6222089D316a4AEd8356,590318
0xafaa3DEb560168eF63962D4D7EC169a989E9d95A,590318
0xafb46441AEc7a2c9625c5c89edCB863671e310C8,590318
0xafc7c3C1085789369658D1E17ba3792b7c835bb8,590318
0xafca659f74d7fc515b8bad2e8c7243c0541c6431,25703315
0xafcd3E3f3DE7C753E6b005165bcf7493700B5557,590318
0xafd0236999CCBb8d049fC39018D5da41d08C2eb1,590318
0xafdb9ee1318aeaaa2ee3e7a08502002875f042ca,2666666
0xaff2Ab518BA962bD19f67E75ceb9dE4Da350B327,590318
0xb0088E7991B62EF58483E5f524eD9d482E5bAC8b,590318
0xb00b53Ab6b73314C6c37C6ADFd1B58294d236BeC,590318
0xb01648e277c992a55509291de543ee057ebd1059,8000000
0xb016Ec80647D2F27Ad2f6dfBd1AdA62d73587A90,590318
0xb024a07bf710eAF0323b66Db01Ea87bBB9F41E62,590318
0xb0283AFF42C2e71C37D2c575316099924343a3Be,590318
0xb03dd7ebaba4239E78816B16cc14FB1498Fd57c9,590318
0xb0413fae434a6b278bcb2812819f5efe7947b426,2666666
0xb0438eFFB3E55Da89929f8FE999Ec2e107B6c16c,590318
0xb0465411b873f015e1f13b6300c7dd97a4a936c7,2666666
0xb0474CD49383E3d828772F35A9c873e4D2904E22,590318
0xb051f745e03cdfefdf190acf74b5d2ce5569028e,23036649
0xb0542f3F934a26F8100A98aaEF804bE5E0aDEcad,590318
0xb0542f3f934a26f8100a98aaef804be5e0adecad,2666666
0xb05B36B986853DB8dDD0e04cd68Dd6B93dA26383,590318
0xb05bb4b320f45a2363b7f89424927be7a39dd047,2666666
0xb05dBaBdE4AbA4739204D92f72124c710aE5054c,590318
0xb0619D866f8f3c3524F9bF8D2E588A53e5343857,590318
0xb068d11fc12C3dcDA4Af28D8F980F7d797fea42d,590318
0xb06ce77Db9421b22639FcAC8C3a2B07DeF07c58f,590318
0xb06eb3aeaca9541d6591ff4ad818899e6f123114,2666666
0xb07339c0259f3c86ca840d9f766d845cb1fae484,2666666
0xb0851c00DC4aA049aF44b8a571Da4885B91dc391,590318
0xb0855DB0C47B693aA6fa67dA4295f4297e11bAcE,590318
0xb088cadC33F693c6648f06cbD21602466dE713E4,590318
0xb08c12e0f482157e835fb85f0f46e27d45fc8e23,23036649
0xb09347507c888147aEc82DC9cA0d6cf115cA253d,590318
0xb0967f56755C773DEB4fd36403181F5b62a0bD91,590318
0xb0A2852750b15038cf9b5BE255a483e3063162d7,590318
0xb0A9994b6Fc39a6084dc88e56E638Fc26cF04376,590318
0xb0AF4bf1aDab26A949E6CCD67FCECd96c1FDb7fd,590318
0xb0Bcfde547E15c48fEFEEd2Cc021F030dE4f317E,590318
0xb0C1A90B2C03603A53eF9f67F9c71e9745DC9C7E,590318
0xb0E31A2067dBD5610Ac7E6844c09f2831Fc2D45A,590318
0xb0F094C9e85a0Ee7B89214A3A67EFBC131022CC0,590318
0xb0a2acC47263C811bE18e2328C46950b60F802b9,590318
0xb0a36EB48bf70772623CbD16A81FaE1cE6DFa474,590318
0xb0a96f4daff77420767c9b100693f408b7c6c3a2,2666666
0xb0aBF7b22cf94FDAB991b8f17398a405a94701b8,590318
0xb0b7b2c00b5759b94eb59111bd92f2df42096ac7,2666666
0xb0bC078e549D8607d4Dc29E286aE7656aB357ec8,590318
0xb0bad6d0654d5faa4497f40e006c15de6b203966,23036649
0xb0c1EA2701EA0BeBa9f173c664d635F3105663CD,590318
0xb0cc79cf0233afbddf1ba1644b9971837a4b8aa8,2666666
0xb0d31353aE61ccAd7203097457C1D29Ec4fFfa43,590318
0xb0eE266f7BCA3F5db011122Ac2B3f1D296DaD83c,590318
0xb0f69D9dCF8D4203178864a86d47D1137262cc8a,590318
0xb10660E283812aC59885E4c664E911a059FC6ba9,590318
0xb10c560db393463cdbea2cf48e2d7b00dfb2d428,2666666
0xb1169C6daAc76bAcaf0D8f87641Fc38fbabe569F,590318
0xb11B16616446e577b97cDca279FD31b5a801DCf7,590318
0xb11CA9E79a6aC4777118944Fe8EaC912Fe42A228,590318
0xb123c09ae50f88353d9ad40eef43b2c769a44780,2666666
0xb126afa1075BbfBBe49E8321c6016f9B7CE5Ca13,590318
0xb127908434ef4fb49eeb081a1311803af209f3df,2666666
0xb12cf786dc08af59033914e68b666bd53cc74c34,2666666
0xb13206e9c90d99cf5f25a001DF4408395B4cc4cC,590318
0xb13323E3a254D0B893742d091ee03594bB1C44cF,590318
0xb137a15cf562264405e895bf88808313a7ddeee2,2666666
0xb1469ABb3Dbe207484bBBB1044B3716E878b06A8,590318
0xb14C17cd11E7F17F3C5ACD13B2Fe68185747f795,590318
0xb14bE0a9f67eF3E8bBf44CfC516aD17D186B3Aa2,590318
0xb15833E23AE95A367bc4ADE8983692AD95393aB0,590318
0xb15A9C152c5De837BD69b10F81841a68e8435663,590318
0xb15E486D6a34d6079774381e37F307bea020FF67,590318
0xb15cfedcd9c92d1f2ac3d31344973e8f357df071,2666666
0xb15d8dfEd0060f0Cd80B1b04aFbCB5e1b1d06A3F,590318
0xb1636b8336E98Cd896e9bc6f91Ca6ebb3c81BB00,590318
0xb16fd8f750f92Fc05c9F3E34BEEC7A2a814B8ae2,590318
0xb16ff4985c3758f157e7c85b86d9dd596a27da1e,2666666
0xb17Df9C290282e0aa92417C8e5849D2A15139830,590318
0xb17a3bb23694fF691389707819938214a940C2E9,590318
0xb18336de389f0FC82839bd00Da2a7C2157cFB2e8,590318
0xb18D71D6F45bA1e833e44A799603AC2e7A58F5d8,590318
0xb18E3c41FAF4139b89B4EBf1F5eF645A3Ad0eC7f,590318
0xb18c220c813F5A1578F08F7aEcA7fBaAa574e9CA,590318
0xb19092f617918Dac0fC6A61c0607119c47a15d78,590318
0xb190bccC45fc699d46Ac62Ff1bb8aF6A11Dd5e4e,590318
0xb193d90ca445Bc91652aaE5f07B50B70eFD354b6,590318
0xb195532f2af6bf6511c1c432b580e8dc41ded155,2666666
0xb1Aa03ebadF1BF068D9056aF9392630686D76B92,590318
0xb1Bef609A3B19AEfA5e5902F397Fe32963692c84,590318
0xb1Dc0B1776dE0c92874032D43b803a46542eA061,590318
0xb1Dc37cDB16A05ca036DBce4b9Ceeb3Eeb6c639d,590318
0xb1E079854268985431935ce53AA54C8e1722fA0D,590318
0xb1Ead992a109ef5720Cc61aaE15c2cD71d827f0c,590318
0xb1Fa632Dee3F8ca5631E0f41dAC5aff032bE70a0,590318
0xb1a78540694df7f69a8a8047dc51cc861f5e0771,2666666
0xb1a9182427fa79e81e9de68bc27c885dc24d12ca,8000000
0xb1c89CcC7a93dc8a83e0Dfd78E7e7a38FC40F778,590318
0xb1d5604b8ad680ceb7147ef9a23237b68a21d73b,23036649
0xb1e3aeaee93488935d98d222d75bb9131a75ef82,8000000
0xb1e4AB84138e24a57cbC1831222Bb11089925002,590318
0xb1eAA7260AB9e0B413D40d700ebEe7bD5E671803,590318
0xb1eCF69b4C49F281dA3Cc8B66a689ccfe2F2C214,590318
0xb1f21F3577150AD1E99b9fBCDB6f1B5789204FA5,590318
0xb1f38b963535326A00A77b03f7B1C08B09655c71,590318
0xb201E523913f77982f00A1BB14c22E76036AfE29,590318
0xb2047ABD38e95e1e4Cb2AdDF4dF4610Ccd2E98Ce,590318
0xb2053b53c0f8fe2534af03b4fac08fbd9176efa5,2666666
0xb207eab208e526ee2548b37981f4131706abf796,2666666
0xb2125741FC5448831e14aDaC2d6D2202Befe175b,590318
0xb212E85c263094DCC95FC98f646471440F0fA931,590318
0xb215cFebB90D91b1D2F499843800d3105b1366Fc,590318
0xb2182cd1c244C3c3f225D95E2d594D9A6F24f412,590318
0xb21C61F752025C8d9A97A4A642BAf3130d692C1b,590318
0xb21b7D5B3f348930Ec6aa2d4135217BB6D08E860,590318
0xb234bf4e571035da4434b803c026f34224fdcda5,2666666
0xb2357c6C5B834251C16CAa1385e17d85Aa5cE745,590318
0xb23c8958ea1463f63da44be5c5f20d2edbd03691,23036649
0xb2407876d473151ae7c5da8e67d14e0c8b5277db,8000000
0xb246c1feeb86a55be7567cc7b14e193b717dbffe,23036649
0xb2488a386E6147617b18106Ac88Fa7bD18761856,590318
0xb25024c421D4F8BEbE468d3dC353e07868C99901,590318
0xb2505d862bbad3c9b914400c1368f20be8074e4a,2666666
0xb25adfb5BD9011F44c999B31DC4487BC82F43516,590318
0xb2631A3853D65f2bE806Cd1ca5C7f4524C59B8f6,590318
0xb268d83d4a7e7e27b63fabdbc11aa0bdc77cff4a,23036649
0xb269d7b52619806adb02f1652302510664972c25,2666666
0xb2744bA2FDDdba47b9981494d7152565f4cfFA9c,590318
0xb27665c1B9b3A4073Acbb64Bcb6bD1a7718E70Fe,590318
0xb281A3931F605a907420F078A3E091F51d514bFf,590318
0xb2844c70167fE1e1617a8AAe25106Acdc8e8E536,590318
0xb28c4779339F0e20E79DB93d514f43C53494682f,590318
0xb28cce3Ce1A2482D9DDf72cce149c3a0EF3BB7fF,590318
0xb28cce3ce1a2482d9ddf72cce149c3a0ef3bb7ff,23036649
0xb28e0fEF5ef69B7f9804AC308145FEBEF838BEfd,590318
0xb29302fb18fb6640b9aa92b6acd1207f62120dfa,8000000
0xb29b47Cb4113839B48cF9D5C6588fe844e9968a5,590318
0xb2Bd6BAa30ebB244EB19F017dE25850f098677A8,590318
0xb2D3bf2270d77eA61a6D7d4eF4592e199c2c02DB,590318
0xb2D6BFF5762cf3526f0A7EC3DFccF58Aa916083c,590318
0xb2abd01573a8bbc37a89d9b9d461b64a7f45987d,25703315
0xb2b49d3171C9B5794aA6445579c4dC64Eed19590,590318
0xb2b7ac2822aeab4ad1f0a2509e992cc3882bc3af,23036649
0xb2c23542b2d92d897b2bc1776d98f34fd03f21cb,23036649
0xb2c34482e01fbb3e5bf3e8cbbb3c8718ecf11dbf,2666666
0xb2c763b898a246d6562D7566FAb4fD1dAD586934,590318
0xb2d1BAa5fD0Ba77a6060D2D494a82EC025dA82EF,590318
0xb2d46872391fD3057Af3bD17970e2E0bd3c8A873,590318
0xb2d629082413Fca16903bfA03369D88E28A3CB7F,590318
0xb2dbCfAa57B8dfA9bee8615cd774606c205F508D,590318
0xb2e9F913C008A842A2Dc608c8243DC9Eb6E366Fb,590318
0xb2eCf550fB80090E610FA2Dc85F1a99877d3B1e9,590318
0xb2fa533f90e574ae001C6D7581563C7ED7AF5D51,590318
0xb302e5d5AAd7629Cd35c71C25b61e3d373E1222D,590318
0xb30326c9eFA6CA3B1F8D25905eA122d65A5577E5,590318
0xb306aD087865e4edfA8Df8790a769541c9eBDA7D,590318
0xb30e2fbcfc78ed6dd67b8b15ad7d150809087805,25703315
0xb311bF4362DE99c90C87C060824B0f0CEF5Cd9BA,590318
0xb323d1e909f60484d8492d430c6b9ee075c07483,2666666
0xb3244abE943ff149fc98096c8fe024cf7146A4ad,590318
0xb3313b023e68CdA95d7B625200e1B0fE6335A0c2,590318
0xb3424DA46be60b1b04fcd49c0B211a0557908ea9,590318
0xb346f303Ff1Ad2810564f30Add4D2361Ce5EF769,590318
0xb348016bED7817EB9b857d86E0e964C07DBB573E,590318
0xb349bfc5ae1441B8A1A4997A4DA041023948E357,590318
0xb34fCF951a78B05f11F372399F69c27b8C12A7B9,590318
0xb35bd86919F5931Ffe4596d5f2c66AEAf039E843,590318
0xb36DE92f6C6778b11D94E66DFDe40F3e0BcaEE96,590318
0xb36F9f412959F40ca65599BFd6Ac67d5b883d1D6,590318
0xb37E15978Ed7E8c18c74C7F45c508a39178D900B,590318
0xb37F4c3Ae29FD04c454867a2586D02CeE47f52f5,590318
0xb37ee3b59281AA5218e990b4cF6F5D7EcB775eC5,590318
0xb38080f2b5e7dcdf1182b91916b5f406f6457f91,8000000
0xb38715858d1087f5FbA4579d674d7D73B448376C,590318
0xb38f609c5a7A0d9D160C5885874aC068274c57CC,590318
0xb393F86D7eaF3AAE2E9aD2F985E43E6B326f3E99,590318
0xb39DF6c5f0ef3A6E97F9EA5585F756F210fB0b99,590318
0xb39b067bdf520d1f2434c01bd12bec124606b0cc,23036649
0xb3B72ed2Dad306b81C5fE77aAfaD5af2F880e247,590318
0xb3D72aaBc27fDCb7d41892Aae55ed14640a6c7c8,590318
0xb3Dfdea360ae38779B8fD9645290a46f939CAEd0,590318
0xb3E19F2D1576f454C734ef4848cCa286e9Fe65b5,590318
0xb3E72b1f2599C3a3Cb31F636d5Cd19e18aB25889,590318
0xb3Fc0deCdD5bbC73a419180101bbdca0EBa3e30c,590318
0xb3a220A590F5aCaca0b93B87458a0D9935B9d876,590318
0xb3a267eedfaef313f3d4d85c092a3677f5fa3936,25703315
0xb3a8cd6911d83d1D66ED022da2Ca55BEba5772E6,590318
0xb3aCD6d8a0B503D86d4d7B8f1A11c12Cc5f42d22,590318
0xb3abe0777Aa9685941E54744e704378b4B33eeAA,590318
0xb3bB61d5b2f5cDE179E2D6f57AE4Ef04a7beC370,590318
0xb3cf13A28fAaA995524E9ff3Ea2756a8fC7dD9fA,590318
0xb3d21411448da5acb0c60481b63765a8c1d913a7,23036649
0xb3d6b62815e207C2e2d419E7FeBF5F8b8Ab04AdC,590318
0xb3e39079e304c198ba81111528744f99e3ca593d,23036649
0xb4024d0dAcDf8e0563B6bBfbd24152f4bF5309A2,590318
0xb4039c78B7A423EC5222c63fd16ADa629D19F348,590318
0xb404Dd805eF19F74A03B3603af299156BC366C39,590318
0xb40969F60BfA246A09593099DAce2dDD543254A3,590318
0xb40eF5EeC53E0eca6FC04ebb9783CB6F3660aA04,590318
0xb40fF6F09A56a08FCACf475F7fF33f941863a8B4,590318
0xb411E851e439F5353FC0Cec3aB0677A3F84CE619,590318
0xb41286C992E387d8Ca79DEBC2d814BdF7E978e8E,590318
0xb41580106958a2b79e02b4445FEe9e31c8bF31A7,590318
0xb4338CB8592193D92814C54d8380677FC70005d1,590318
0xb4369558C74CB701D9cAA9a7Cf68b3FA18c23c60,590318
0xb43807aa43eb978e6d5ceea8cb40a55a2d949bb0,23036649
0xb43B675B1C09B2f5B6f8Ea82B22424CFB29C0D7C,590318
0xb43C0f9b7A9007b156Ad201C0f7F01C1251E8df9,590318
0xb43D184Ec7d4D2AcB4eBc8Db53f4031bcA9319A4,590318
0xb4437553eC51ce827954d4Af9c550D1bb8daC3d2,590318
0xb44731a0ed5BC519256550cA3920bb1D3b4d74d5,590318
0xb44B8F1f521D4B0F6643481EEbd43e4583232C76,590318
0xb45d31781a1623b84004eb5503a7b25b8b4e35c4,2666666
0xb45fcf6e1dab1f15a21449d75f00eef34fa7cb5e,8000000
0xb460b72ba008d47d2Db53aFB00954BDDfa0E7c9E,590318
0xb4614Ea3FCd861b8385F4F0ac2aDC481E8EB6fAF,590318
0xb4650ac880E755aCbC035E843F07557f54ab8b82,590318
0xb46A20fBb6f7621d6b7870D4b4F240a87Af5647c,590318
0xb477EC35DFbaD29Fe72166DAD031e3C40b9a856a,590318
0xb48F5AD2BF1CE53ad94198d6dC5Afffc98eE5cF6,590318
0xb48df892529f8A751BfDECAEF33B2ab8FA56Ad8f,590318
0xb497070466Dc15FA6420b4781bB0352257146495,590318
0xb49C7c7D5681318fC2Aa63450546C5806ab80634,590318
0xb4C497eF112d0CAE5cD91e0e3Cd79417586462d6,590318
0xb4C56189A5e1903a1A0401ef5F5F537A37EeEeE3,590318
0xb4CE59337A3C6a6b2774AFA90C7EDBD5602880CC,590318
0xb4D5C14Ba8ad2D3206705D12Fb7Bec4A07ACE5ab,590318
0xb4DF8032F321A7192ac81AafE7fAB0dec25abA3A,590318
0xb4EE962f90fC1ba210611Ea294E28CA3dC719c4F,590318
0xb4FF2FD1d7aAEa503143D33040Fc4F1BFef0DAF6,590318
0xb4a139676968aef3a540beb9611c4a0a5141f18d,31036649
0xb4a73980648CeF413D707301146bE3616EecA957,590318
0xb4ae6DCd123d39BA68b75Cc66b821e523C9be4A5,590318
0xb4b8fbfe521fad73ed557570bf418bf7ee22e208,2666666
0xb4bdb9e36e8de5e32515f10c7ccb1b014c2dca1d,2666666
0xb4be9e0616c3866173d01cb5e90595064e98e665,2666666
0xb4c426AD518843B79bf33266A006Bff15ddd08Ce,590318
0xb4d2f5d5fc1bc6632d7a2fe0854324cab5adf268,23036649
0xb4df35Da6c78d26d228F8e8a84C9fa0766272Ce7,590318
0xb4df9fb47af42ff785c8be9ea3bdc6f689f4ecbd,23036649
0xb4e1F29519A67A630033d14c96dc96062c9Ab66C,590318
0xb4eaf830f21e075ac110ba49a78fafaee7857b19,2666666
0xb4f8cad3565c2ac64d02ad6d0aef27ad7c1a0774,2666666
0xb4fcc6d79158989696c111e8225637cf0f93060d,23036649
0xb4ff197c59044d4579991668C071762bC66F997e,590318
0xb501664854bfd641c913ecb2c80cc2262afa2995,2666666
0xb51155F39a5DC4d32b9ac0D1806884dEcE2ebae1,590318
0xb51Af7D7d957529Dc6184D93f4834BA98b0C2A1e,590318
0xb52453cf023d21023cc205d66c50545f773fdac7,23036649
0xb528B7167D3Ec6BaA903eADcc80c912378A96d8e,590318
0xb52A16Cca26178038825a9D88742Bf7fd7c8F730,590318
0xb532e4757a86D83a91138e2df2F55CaCA8d9cA3E,590318
0xb5360d78643A0B0F39B4f32c629A2A920b74E3dC,590318
0xb53964548612ebDe5929862b16b5884d6a9EF1BD,590318
0xb54228C2041dCcd83A0613CBfCE4Fc3a779e2268,590318
0xb5450682fc7c6c55af85df50F9A9fBE4c40664Cb,590318
0xb547A67E3300CaBa2d6B310ce82486083ba2D9d8,590318
0xb5488E4CBaac566db45661e023385e25CBaA3E82,590318
0xb550E2337C0d903780056D250ceD79412a636C12,590318
0xb555dACA54d54163865897fA02917eD2F1820F21,590318
0xb55899D15272723aCaa627790dF5B170699BCd25,590318
0xb56A5Ad73CC064BCcea987031F7b980002726aCC,590318
0xb56a5ad73cc064bccea987031f7b980002726acc,2666666
0xb57996Fe919DCC48200616ddE2Ff1f9B981328F8,590318
0xb58828B2426fE6Db3c763A7DBF7400EEEe7CaCf8,590318
0xb58C5e675eaD0F9655ab3b587D51c69f363BC903,590318
0xb5981dfe1ac11097e10305e85b8b1061db64f01b,23036649
0xb59ACD72Aa8b5663FB3aB3D573558C62710d9453,590318
0xb5BE97C440D573e81Ea3d2257432EB2aE646e265,590318
0xb5C1213EE9ddf312c98F6e94caF5c421C86AbfF3,590318
0xb5C4402fF7cBE97785DdDC768c4E3a4f033474fB,590318
0xb5Cf87D082840d97fFfF99C1C3758C4dB95D5988,590318
0xb5F5F0c35F1f58CE1Cd2f506C4Cc46B7FBB0F18f,590318
0xb5Fcc1C11653566B83fD2eE849a3337592d28f76,590318
0xb5d789f48C0654cc74f2fD585F647C6285e2297f,590318
0xb5e22A1022ff9445cA171fDF8283bC58B9C1e0d9,590318
0xb5f2eE600E14cE3acF0730df559Ee9DC7992E724,590318
0xb5f934361eCDCef7ef381433Ec2697c4DB3f2B22,590318
0xb603764c60b83fa5beecc3762339107ede7ea090,23036649
0xb6047B161F5fC557e28376dD9BCb2cF01647b159,590318
0xb6060d86c33E2b6D230BfB305fb627E70A90e64B,590318
0xb62011310C2554e20FE44Ec8C395C1621Ada52Cd,590318
0xb632003518faf6f6394fdae50e7bd7aae06ac6af,2666666
0xb63891e6d029b3e289441825103d868cfcac3b91,2666666
0xb63c1ee22cbdc0e556ae4eca3461e7b357773b7d,2666666
0xb64096460ebd82bcb1bbcf6a7090bfae14ba4a0e,2666666
0xb6437c4827286F122fCa6276A9476f0652272840,590318
0xb64642389fe06e8bd0f055b42fbc27a9ceea73a4,2666666
0xb64C101f01F2DA1297Ee71142502514990814Eb3,590318
0xb65527b6c072D1d0c1E6284DF27644818ee75890,590318
0xb659E606aFE2Db7E47B705666eD1D3A30449A116,590318
0xb65CDc3FF4982169A66046E2ef6D64a948eD2d5A,590318
0xb6674d98a41f4ba9946E4766F33c6E94230B4255,590318
0xb66e6b4fE5144a724EA4000c9fA60487eea60E44,590318
0xb671b70123b611c235a077e4fac6e4bb44a98ff5,23036649
0xb676A78f19227FfE9a97DB93263fcE675E547DBf,590318
0xb67724762A9B795553a9024dbb024D0156877293,590318
0xb67d58CfFaE63A95fB380b952E65B1A8eac44D0b,590318
0xb683A2056526162C4771d363204aF41ea8c1eC52,590318
0xb695cBCB018Ea83CdAC152b4a3397bA461689650,590318
0xb69600c9545dde9d7beea40f75890a522ea27b2f,2666666
0xb6A136BBCD3e8494BB646a1CFbc636d6B02B13f2,590318
0xb6Aa69A11b5480095E04Bde3535328f064376103,590318
0xb6B38e28Af2bfaA7E66c776E8D2A75805398141C,590318
0xb6B6bDDe9C5017672254dA1E4bf83F244c2f1B5b,590318
0xb6C04338c81FFA7E7420DCd5C1E2AC4d7Cb12a04,590318
0xb6CaE810F3E0A5A64510D1DEcc1Fc8aF98df677b,590318
0xb6D4D3297F3163426d29468c7608984176024d33,590318
0xb6Fd2f6CF3E4199124522FD88dd40714c65e3304,590318
0xb6a00f3526e6636434ee54da69756259db31e976,23036649
0xb6aa3a02a07dbdab169a59fb1052b8f4e911e26e,2666666
0xb6ac518a939a6e80117e6b2655fa54af54fd7eb9,23036649
0xb6b870C6181A68B0a0e6dA3eAAE04F16C97c6803,590318
0xb6b88935ee2f28dadb1eec6d83ce2567f2749996,23036649
0xb6d94226eAB23ac1602113baE51e0f37d92a50bF,590318
0xb6f6Dce6000cA88cC936B450cEDB16a5c15f157f,590318
0xb6fd6cfbb483e9ac4887947fbf9519ba9207d447,2666666
0xb70600013d4d75D1C9118a0eef1449226F11c490,590318
0xb70d22AF38eB6DCbbAB8684EA24842FA4d1db256,590318
0xb70d5ca60131adeb062d1ee52076985697403b04,2666666
0xb71192feE078B9D94dd603a974B50E98945F18Fe,590318
0xb7124430F4D51D93f038Ac793fAa46767403BC5c,590318
0xb7173074f2c2f260c63a3286fabcb1e986cd1148,23036649
0xb71d6b3EA637eb7723c0Dd98810fA4f941Ff6dB9,590318
0xb721c2e6640D963e99b37B6437ABAF6914A25A5e,590318
0xb724EA287824eaf973434572B35F0FcaA8CCCFAc,590318
0xb725c8E1Ecb6b778c49637564153C0021Ee18328,590318
0xb7298278594be89a3cb694c95e167f3157f3eb9e,23036649
0xb7300eb6503b91731bdb1ca035847a63b6cf8077,8000000
0xb735597e830149c570901e44441292d0736430aa,23036649
0xb7380d507a81186d5223Cf603fC24fBa95007120,590318
0xb739ef6Cf58f10864F233F5350DAf9Adb4ADe5fF,590318
0xb750F21119fe207C06FcC4D955859340ee313518,590318
0xb7510edae850fe5356c5d01bf4e49db9121b7af9,23036649
0xb752CA0cf4BBA02CB74BDA620b2Ac7548C9C1854,590318
0xb75745dE6FD7Eb63d1c630325742c31108428cB2,590318
0xb758E98C2c99883353d2Ab34C4D7c550E4871Aa9,590318
0xb75D61a55Fd7e3bFC161F904763479856D267540,590318
0xb75e6A898F4D7dD32EfEA8D27094432b0f90618D,590318
0xb76536b5600cE6e5c62294E2577d3265b336A1d4,590318
0xb76F65C1F98762c84596aF062597F6173A9bD2ad,590318
0xb78B4C6B2e2C929f45a2FbBB04849f9bF096CD6F,590318
0xb7A593EC62dc447eef23ea0e0B4d5144ac75ABC5,590318
0xb7AE5De3e843a26Ca764605f6Bec916701f88556,590318
0xb7Ac3aE865D3BfdD6436571fA1a1a19279A17b3d,590318
0xb7Ca4Bc01b4C795c460C32FfEDd7a43C6783AC03,590318
0xb7D8c4c339ED066CCD8E61E48117a571C6ec7eF1,590318
0xb7F0E54657c70C2658CA22e71e0d71C01605F2ae,590318
0xb7F4b148A08ff36D66AC6BE6D7Da0D4CF24772A0,590318
0xb7Fdc9089f8bf39FB807C83ad16fD43931Ce7F1A,590318
0xb7a0e4476814eff0f679d70111c593d091fc3e28,2666666
0xb7b14140ec4e642eb44680d7a7ceeb44f034afd3,2666666
0xb7b735d2DD0933803635BA4805E73CaB1025E8F6,590318
0xb7d191D6D00AC95AF1E7e935EdCd476771B1d6f5,590318
0xb7eC6b9D8E105032278C53FF7858EB4Df466417a,590318
0xb7fae1cbe5ad23dc76e1734c5d3df2382a3712f1,8000000
0xb7fe4D3cc1822e0AC54B7229e4796331b018A092,590318
0xb8007acafd938f08c7865f01b0420f7757047270,2666666
0xb806f2c5ce933bffba64cb778a4abb20ebfa8fd0,8000000
0xb807f8587f5f15413d822b18dbd2b947c583c30a,23036649
0xb80Ebc2e6f0aE48D801471F563526eFa47b1E236,590318
0xb80e5c88F7399F4b2Ed977Ac7Def7ed5f954Ecd5,590318
0xb80f9DbBc5e878b04d9e400af14e6d7e7f88A71a,590318
0xb812079f56502Af5D7140A32221A494fba9f3E22,590318
0xb8158790fb11B34E6369823986EFF8E7eE056288,590318
0xb81780457a6FA7BB92E6Edd00dE2C5142aa97a9b,590318
0xb81DAC136F5A2Dbe1e46Fe6882D6873c3f045C8E,590318
0xb81f8503d71141b03a35b505cfE2f217b04f0699,590318
0xb822Ca622e26A17c87e9a7aa93AB4308B30DC31F,590318
0xb835EB858fe308B4eB410788a9777f82acB5eDdD,590318
0xb848e5faec996d3e8c74dc267b7f3f6f35e8233b,31036649
0xb84b407500Fb89A7D3B1DC3aaF3a5381629A7143,590318
0xb8504E65670024EDFA791B7389825372472FFe32,590318
0xb8519e7437fcF6703fC70b8D9760BdBF6Cb3dcBb,590318
0xb86547796245a95807E44fd30408485187d7E5aB,590318
0xb8689ff93119f8de337c8108f8a813f17c143a12,23036649
0xb88D988932E42d336313E217AEd20eeF38a6D4e8,590318
0xb88Fb60B6C1a25cEb022fFC582f46C9F067dB12c,590318
0xb89a9793F1515a5032b2f438FA959179Bb7A6492,590318
0xb89acd8d946e9c92656b77d695036a2c51d0db87,23036649
0xb89bf3153e480152d1bc05f83bc7c672a0733fe8,2666666
0xb89c2F6Bb674BD6aACe2a1E274D40E6dC4775b15,590318
0xb89e67122d14b59ec648e6aa4a122a944bc090cb,23036649
0xb89e9266F33fd1f1e7C399DFc966b7AE602BeD95,590318
0xb8Ac952dCdFD1E77222213aE508aD8864dC391b4,590318
0xb8B0c1708B94a39aebf113541E3CA4EA4c53FF05,590318
0xb8B8ED5AFF16056DA66FF5a3deb8a04cf7250005,590318
0xb8BCca7167FEB4f72881acf3799ad931D962567a,590318
0xb8C88C722E3e9587D13918AD2Fa3e166A5308791,590318
0xb8CFF21712b5f1Fe988C99095DC5E39338C7A6a9,590318
0xb8Dc4318f5388E82e05cA8896e27d3fe430ab12A,590318
0xb8E173701956F2b004CDBd20BF012cc8C643D5a1,590318
0xb8F2690192C9071ef4a85A9a6471533e74ebFFAb,590318
0xb8F69Fa0a83A5c869A27A6bE0E0743AeCc81106a,590318
0xb8af90f905738200bae5810309a5dbdb76c0a58b,2666666
0xb8bB1543E6df89511808D13D1C32AF10a39b8950,590318
0xb8ba8928c16a0e181e9410de4d4f03d7bbd0e244,2666666
0xb8c2C29ee19D8307cb7255e1Cd9CbDE883A267d5,590318
0xb8c929bd78811b92d7a6462a23e3c2e5d9d9d2d0,25703315
0xb8cf127E39dA6547835F9b39A7F3881B59B8a8F4,590318
0xb8d714ad805db7e4d5dab5dd934655ec545ecf16,2666666
0xb8e3c30bd82b0d8230f3df2394df3cbb6d8fb1ca,2666666
0xb8e558e4b886127c343e246e581b98b95d067080,2666666
0xb8ff588ed779dd9afdf824f41ed4958d82929314,2666666
0xb9019d6473726Bc2178073541463761329930192,590318
0xb9036cB4c4015fEDa2E44e41D05979Ace80B6e1C,590318
0xb90a781b00fea4b4c24d8b5bbae60fa01e9b973b,2666666
0xb90c0e83f27D34fD838682da1fE7Ea0c00bfa251,590318
0xb911e1e635a1dcc9145e377d37c41b5c306667a3,2666666
0xb916adf3D23000Ae4B677587d4cC5199eB30e71B,590318
0xb91B0e319aF35145871a364f24D55F01F30c615f,590318
0xb93179797B22B88df513d87b430b244e2317246F,590318
0xb9390cdDCbb29F17fA9aB5aFc3F199e12688F499,590318
0xb9394cb9aeeb53312b34794a0b9e66dc95f7e7f5,8000000
0xb93AA3C8Bed8997677c93b1aB6Dba0304c4d87dE,590318
0xb93e6b9f5bafabc5d8b83ac11d41e13a0b4fbd4e,23036649
0xb948e37484c72DFE5fE438c3b39F2aE4d39Bc6f3,590318
0xb954c27f4e1bdcf3a7545018cdded1e102fc4190,2666666
0xb9560A2DC9Dbf8f1C5473B5dBA2DeC15294e419a,590318
0xb95e8e500688dd24be978b5118789d93e8e6aca6,2666666
0xb95f95DaC12A3B430148e55c76d0c6182a398Ce0,590318
0xb9635e08bB5d4d99e5BB8FF2E295b37458bb2139,590318
0xb96894d91F1986E0b515d950651991adE2A346AB,590318
0xb97d7387133b91ebd6d18fabdcbf6aee6e1c4b39,2666666
0xb97e2c75d57d0a3842c2358b1a41b8d1f898ea24,25703315
0xb982211a116ad28045a75f762557ca73f7951958,8000000
0xb98C61F18F699D05104adE96EAAFF056402469B2,590318
0xb98ED09201AECd2FB5F4a4AB0769388861b72bd9,590318
0xb98faaa050ded079e71cf8d9cf3c900c6eb865c4,23036649
0xb995706c0a8386079d4f3c26c7c70b741045798b,2666666
0xb9B29A20ed3F0702D9C95a58583F10f47984D550,590318
0xb9BD862aD1c9c6Dd2ae09afA83E5D97d961cEFc0,590318
0xb9D83D298D46C4dd73618F19a2A40084Ce36476a,590318
0xb9Ef9246411d07CC01257Ab8b7B1dCFcaffA76eA,590318
0xb9Fb9958d0CbE858cB75f838e753072B9964c6Da,590318
0xb9b7Db94D57fe25907620eAae42b9780176CceeA,590318
0xb9ce55548e94dd992fd3a0af9e1d8fb4e677b7b1,23036649
0xb9eA29B35AD4B89d33e6FEc4F9A3986b2966BE35,590318
0xb9fb9958d0cbe858cb75f838e753072b9964c6da,8000000
0xbA00D84Ddbc8cAe67C5800a52496E47A8CaFcd27,590318
0xbA0860B8e03ED32D9d71417B838D7c327bB2D1e5,590318
0xbA0cdAfe3A4b78dA70E43815A1e996Fbe097f533,590318
0xbA17093837730b791Ff8FeDCDdb49763f9dCE3a9,590318
0xbA389D8aE412d5122CbB30D56b05011B37dC6ed3,590318
0xbA4E3f05dc97a5691747c6e75bd71d79C3024017,590318
0xbA55BDbF959DF826dA6c35487eB15FaD2164662d,590318
0xbA6dE53EccA06C7b41cbbFd8D59A62F7AcC5a5D4,590318
0xbA88708B6e397667ed69bd33ea870027eF8892Cb,590318
0xbA9C45CC80c01E184b1D1163ed75e88795bdAd2C,590318
0xbA9F6ba601a08DD58f340857ad7A1644684E9754,590318
0xbAA32387bd55553Ec806622d524b12BbB8242a19,590318
0xbACE50C283D0895cDfb9E82ab96923E5eDEB5cCd,590318
0xbAb67aC9C4fDe60aF9E73194373882EF0e9FdDee,590318
0xbAc453b9b7F53b35ac906b641925b2F5f2567a89,590318
0xbAd6a1891F45ba83B1800938a0971C4b0F6B32F2,590318
0xbAdCab1E02FB68dDD8BBB0A45Cc23aBb60e174C8,590318
0xbAe69ab9c32B55589c8277632E7084af2fB612f0,590318
0xbB0f753321e2B5FD29Bd1d14b532f5B54959ae63,590318
0xbB1AC608e3BF90B73fA782007878205644C890A7,590318
0xbB226555fBB98850273B10b0CF55aD2f99966d20,590318
0xbB2Dae8C67574f56D6Ea3155d1b56E304d3690B3,590318
0xbB306c8569d7f06BAd8a25878edb0f70e52909C0,590318
0xbB34c52D0C64cc34671B58fE6D57868A0CA4dAB4,590318
0xbB3F2F946E8eE2912830e365cF241293636cb057,590318
0xbB4cdfcf3a989a950Fec54AcF64ca5044cFFc3E8,590318
0xbB595017e997042889CCe7FafA2d4d32cB04F168,590318
0xbB61c94456d2102D4e9F3CC27d91fe253BFeF58e,590318
0xbB967D46dc3e5D0e300644DD15e3e1678100d70b,590318
0xbB9f11CAC4395bc1574a32d4E1429019e518cC5b,590318
0xbBC819490e464DA0f2429985849b71C535846bBf,590318
0xbBCb0C0aEf0B28125aF2f719f81d6A5B76f56F30,590318
0xbBE2D4De5ce3de0cCc378b39Fd96c15967D03435,590318
0xbBF1884bE531C8e69EBCbCB5f1c7DD0400E4c206,590318
0xbBbc35dFAC3A00a03A8Fde3540eCA4f0e15C5e64,590318
0xbBf33AEEAa5A68cECE77c01D2b4EAcD4d685136A,590318
0xbC092E4F8B06C8227C26CC7256298CbE94455599,590318
0xbC0bf1494D9b5cd25fa326BD7550159823A5BfBd,590318
0xbC17943F380619f70540EF4D378E27161B916716,590318
0xbC1eB4359ab755Af079F6EF77E3FaAc465e53EDA,590318
0xbC301e097402d6904C722312646EB15111d1356D,590318
0xbC3f97822072E0bb33b78CF01A3e52c9CB3a9874,590318
0xbC442dfAAdA6e2e46EC61052bF7e256d7F4f24B0,590318
0xbC488A070d9Eb24706F5B45a7c235e5d13994de5,590318
0xbC66c5588D0784A5086020BB431601092Dd1FcC6,590318
0xbC7B5142e390BBaABF8826dAE7E1ef9C609Df327,590318
0xbCAd24dDe33370758Ea5E0De5395421cb9cE0e74,590318
0xbCF94E9a205992b7699412e94a4DbA1aF8D94BED,590318
0xbCa3cf1bD86ec0Da4cc9B6A3be02A2E1cA516539,590318
0xbD0227290554E137eC8aD59A0B889E0E21aAbEaf,590318
0xbD17643f082F81A02F0cc13C3590F33cb763c13c,590318
0xbD1F4D80c3098A3B1154245F1CD23495ac2125F3,590318
0xbD236e33dd116D84AEC2908a861Fa1C980d02328,590318
0xbD25690C311A46407AEADEF6e9dA5f599b02E64b,590318
0xbD2D55b7F1693C4Fb337a89aCB12f657D5acFc82,590318
0xbD3151CB03543dd4b060055dDEE6A4bAc273f169,590318
0xbD5895f2855C3d0B7f366Bd946D56c4D9Ef03a25,590318
0xbD9c944DCFB31Cd24c81EBF1C974d950f44E42B8,590318
0xbDCD014B6D829AB9D6C16281a9F9D6118F3aeFCb,590318
0xbDa6A29B869d63d44ECaA690a2AF45303A29C6C5,590318
0xbDd247ACCC7039CB7250A2848fB850976e287073,590318
0xbDfA4f4492dD7b7Cf211209C4791AF8d52BF5c50,590318
0xbE137A7daB8F92519c96454Ae88314d842e5fC34,590318
0xbE275Bb0AeFAdD4c4161524E620b5a8bD14d3Ad7,590318
0xbE2fd46639EAe548552aA79b1245D65718cB89d9,590318
0xbE32DbF61F65b789F6832A1a4C326351eD9ed8Cc,590318
0xbE3675F5Ff5d18F0a77238541D58Daa4F9e686e1,590318
0xbE4bf446e2Bdd6ebaD529A4df21911c87E48E535,590318
0xbE69e095E738eb7260ad795C554ABa288e1f2ADc,590318
0xbE6bEf0607BdD36EA83ae513D7BB5099b47be7d1,590318
0xbE6fE3cE690b8B2e86FA2d4B358386d2211feE1A,590318
0xbE760ea30bFb506632A6cC479244f17696674db9,590318
0xbEC9d69EbA5566d03029091b82a8860E0E41fb4e,590318
0xbEFDfF28EA32bbA3922F0D1b0d0c7Dc048A8a49B,590318
0xbEde9C66169440a1265b9Fbc6ff2fA76ca86896a,590318
0xbF016CCf042F6BBA524b246f7d90aAC0Ac83a656,590318
0xbF078474c09ECaAD4c4D9BF8F1A5B3d49cdB6B56,590318
0xbF0CeC0298309D02FA1F44C4A46DBa8f58a1B2B0,590318
0xbF0dDda0768Abe415983964C9c96947a36bfC81b,590318
0xbF497c9Fb736da6cabDA07C4016EE4C9CcEc27dc,590318
0xbF4c796931727fce4b42e8a7F1b284681A0d5a7C,590318
0xbF538fAa6dAf950675c639D7c9720DD9AdeA5f41,590318
0xbF5B27F6806c77C268a6F33aea663697e03b8046,590318
0xbF76Dd141d1e6DE155680328ac75212E1EA9CC90,590318
0xbFE18670fc97F6e9d0889Ef35034E60dAc6cd810,590318
0xbFE384D79969Bcb583B8A0e5FEDC314Aee480E7e,590318
0xbFa35d6F9971837b960e920321100C3E21a8c7Cc,590318
0xbFa578B110d4d62374566B0d6F215C648a6A2274,590318
0xbFaea9AB0031e02E76C31efA8C62Ea3C72b3CE92,590318
0xbFc016652a6708b20ae850Ee92D2Ea23ccA5F31a,590318
0xbFc3a8EFC1Bf7b16a3e4FFf79831aD5D92B72AB1,590318
0xbFc80468Df050D2a73fE455d6b3e484caF00E12f,590318
0xbFe749858ff120D29F7Cd15Fd469d586A351d127,590318
0xba07064676Ae7C5564B7b44551b2E2a053005A10,590318
0xba15E9b644685cB845aF18a738Abd40C6Bcd78eD,590318
0xba20CD1ec3A7e4b156786f221dbcDCBD82BadFD0,590318
0xba2201d3AF52098fba5C53ceECcC630C2010eed3,590318
0xba2201d3af52098fba5c53ceeccc630c2010eed3,2666666
0xba2de9A98721F71C7FaD64EA53671E9BacDefC2c,590318
0xba3078218827e9A5575e1ccf6077B0551Ff05bac,590318
0xba4ddaBEe2BA2Da238e1B344073f1AACF3721376,590318
0xba5497e01c4555cfca5ed7edf54c3dc774555415,23036649
0xba60792C99c9B3Aa5C3b69CC68f577c2aacC3918,590318
0xba7FeFF93DE27F177EE34684bb4f05E97e63532c,590318
0xba8f026e24b3a229e050557e081f58a0b1866165,25703315
0xba91b30669c59183eb62e832ac6fc78ea8fb5d6e,2666666
0xbaCe8a8900a60a23C897FA4BfE716aa435e6EBBA,590318
0xbaCf894BD4DfBC532Bb01C7A0a23b43A7F1a261C,590318
0xbaa2fcaa99d369bd4231d3571acaf34e70c7975b,2666666
0xbaa50B649494f1b947b75ca80D9cc108313EbE33,590318
0xbaa7fa4d7A4f6dD5b782f0c60aDf3909B33B9bDe,590318
0xbabaffcd7c0d7c77aabc322442982bf918100b5a,23036649
0xbac19aaf7b6112f8018406e02b4ca2f09467b906,2666666
0xbac3c247ace6e2a742086c217a720592d5375945,25703315
0xbaef535e1f0a39326c2a5dc72accc92ecf3b37fd,2666666
0xbb0c901a515cBCC122DE03b9613174b295Df2279,590318
0xbb10Cd8D80973aFD9Cdf703aC3a26b48B5fee677,590318
0xbb1474ed9d568fe1bd53acf8d48e0d511415a0c3,23036649
0xbb1C06Fb3608362d71b32CEAD4e12f17b7d7caA6,590318
0xbb34fA851B12722C0e5772bB2a7ca80E59CE2c26,590318
0xbb3AD9F9a5bA47Fc96cC8FE3A753C1741957914d,590318
0xbb457d04122378b1ec4c5a8b2adaafb6da0a3480,8000000
0xbb4d7477a43e26328cf4cb811dcd6d03e6965786,2666666
0xbb50f9cB894F8d35D8F36141B859078A2a8c4E6e,590318
0xbb610f103dBDBd7596857918B1f0AAdcd4743877,590318
0xbb6B34131210C091cb2890b81fCe7103816324a5,590318
0xbb6aeeee10f83336d46149501d62a3364cff378c,23036649
0xbb78e8685e8d58a74d586d47f044e4c8a7656ffa,23036649
0xbb802F7c88B0984f91b6cfe47844c100F32DF0aD,590318
0xbb8eeB1b3494e123144Ce38E1aac8f7b96b5EfA5,590318
0xbb9E32a35E16a7B728Cb5cf4485183956a7aA400,590318
0xbb9a9644dbb8952a0ad03f7ce7671c07f5643bb3,2666666
0xbbA584C608b9af24C94F950455E21894ebA8c850,590318
0xbbB9Cc1d7353c685314fdEB825bA3bF36Ad60A32,590318
0xbbD1a39061CbFEDBC73d6604B270D62Bacf45cF0,590318
0xbbDd1b3C87c211E482CdA98eA14fa8bF50022CA0,590318
0xbbF41117E79b4aC58908E5b7A2c2D05C2F4aC960,590318
0xbbF505A4719Cef08395C32B4BC2eB853443b217D,590318
0xbbF9E443FDC02C5dEe074cC75B374129B84f0e11,590318
0xbbFf7c2dF218839895695c6D13bbFd4AcdF8191D,590318
0xbba411fb6fdcf7f237c7ecf73bbcd39270265783,2666666
0xbbafd3D7eE1362b8B61cBC870030b80D1Cd3165d,590318
0xbbb1fa88912c4c1019d374e89404fae0055806ab,2666666
0xbbb8229e85ba4A31ff88904aCD4594316BaF450b,590318
0xbbc7d92cb3d38adebfa1988a75531fde26a76f83,23036649
0xbbd5602Ef11a64E598f2F018CB9c152C9D8b76F3,590318
0xbbd8ac0323b2c605110bc787147e4654dd8e1414,2666666
0xbbf505a4719cef08395c32b4bc2eb853443b217d,2666666
0xbc113aC29567eE89363E4d07462823F60b8B5528,590318
0xbc13ac728658b10f16a259C4112413CDc6C82164,590318
0xbc3DeBAA06942775d44f753d620b211bAd7fc1da,590318
0xbc3e59581ddda9a5be840cc10ac278549ba3ceeb,2666666
0xbc451c7aB9DD0Cd10b41e65A63aC75162D7b3AD2,590318
0xbc5D55C514c71cca5C27117F9aa1Fc2030cBb0eF,590318
0xbc68c40b9b3ca7d6333061D297D286217F1EA38A,590318
0xbc6CBC95D86A6a9537375640FBC0cF0DB8024268,590318
0xbc7D860f6e8ceC925d411F868b76098B44Dc4Fa6,590318
0xbc7b6D472118D40E89c829baC81B6274aBfcA0B0,590318
0xbc80d4092564BeC3881358a7391E56DAd937E6a6,590318
0xbc830346CA94089Cb09169226F07d587B2EB6e2a,590318
0xbc9EFEB7403afE702593b128DeF2DeCE5da1bbaf,590318
0xbcBB92A61353a2E0cB53ECa829f9F0a7F99Ba8a7,590318
0xbcCE0335D3796408Bdb4Cdc365D23029f9797979,590318
0xbcDAEeC4eaa1D1F93b037b0fA3150B4Ed4A1885e,590318
0xbcF73BCfcB42787C3A5B9f968DA05b95e19b2744,590318
0xbcFE1CDB6b78d8985736e67cc04E8950D02f0da6,590318
0xbcFd5B70c3c85fefD61B3418e8Af40709D06200F,590318
0xbcb2379b55a6aadb7b4cf888710592f70e6dc686,2666666
0xbcc35173215c93b56ddc78aac0bd1e5e20f811de,2666666
0xbcc7B8F8FAbaA77A4E19e761b199CE02377c66DF,590318
0xbcd155Dc933275d150818e8E9Fc93fD8bC04B8dd,590318
0xbcd35f9d9fb92c440e1d06eee09b5556e16b36d2,2666666
0xbcf64a6edb01869f622d0aa7ab14ef58d51781bf,2666666
0xbd166a5ac57d267f2da194526ba4be5f6e45dbe1,8000000
0xbd1c6525eb0b6975ce6436882cd0b32855fd5f5b,2666666
0xbd1d2E9F258E4308b784F16C85235B92D741CB9D,590318
0xbd24E200A8A7bE83c810039a073E18abD8362B6e,590318
0xbd25161c77cE80Ca869020dFde1e6155Ca281473,590318
0xbd2C5658e41e8937CCdb9b32dDCE95461E5eEd79,590318
0xbd36dcf15db0a9449ec5ccc997df1c756fc16ac5,8000000
0xbd383946012b3de59dd3f5d27e161acce91e2191,25703315
0xbd47ea671e5543E8006DB35b334f0cf222EdC768,590318
0xbd4aa4e57052776f42de2ae6d750b7583e2dc578,31036649
0xbd4cbdd435c4bbd83d8dfdaf9c9ce614cb8062b3,2666666
0xbd6B8D8fA94f7307840252548549b56a33c98054,590318
0xbd7477006daa466d15d0b13f614e84c1e5def06a,8000000
0xbd76b8E133b2ce888EeE620896f20E2Fd5C3e0b9,590318
0xbd7a45cdb7d44a9c44c3a299ff68a5ed5fd511bf,8000000
0xbd834A04a89d05BC8506f524f0510BA215eD8967,590318
0xbd834EAbc95E2a04f7047Ec312b440CD83A509a0,590318
0xbd83D0E345d68B94CA3Dd871c102B4270d83Cdbd,590318
0xbd8Cbf148Fa52F10c73793A0BE41C2aA6658c5bF,590318
0xbd8Ec552345f5b83753CDA5Fe2472B56A1afbE04,590318
0xbd8a4F1170ABd4FCB3422D60EA1D005eB2bDDcf1,590318
0xbd8a92E249090249c5fB2FF71e47B69fb650d3AF,590318
0xbd90b90cd025dfabf2e657145dbd431f824aef9e,2666666
0xbd9CE8953dF43654263a9C4911b74875d9028eF2,590318
0xbdA5bCe76bF62d97D9C9dF0425CC10079Df1aD75,590318
0xbdE43942F5B1A070dFd81d354D5C8e9F89B79829,590318
0xbdEB4eB57cc83a6e9a25880A79476BC839F0ABdf,590318
0xbda6a29b869d63d44ecaa690a2af45303a29c6c5,31036649
0xbdc28cd2bf52ef2c8771c3a4246e913ed359b8c6,2666666
0xbdd5fD7Dc09a829EF60FC7385003AA34c9315E9B,590318
0xbddee00b8577a5eb6573fe417e1c49c9f094151b,23036649
0xbde29da6a61d34180e09abb1ffd5ffbf822565e0,8000000
0xbe0b20d618dd9e6026a74aa9e45eb14e024ed020,23036649
0xbe233CCf1aFCa2BE264D1936d5996fAF12Eb5022,590318
0xbe2a4c9faa249ea64b4d5fc67aebc7870a6ce8a8,23036649
0xbe2ff1df87633fd80f6dfc57336523fcc80faf33,25703315
0xbe3352ae7c20161d4fb1d0dc2aad099227b5f246,8000000
0xbe34fdD7be050a45CF083922231627CC3a3Cc667,590318
0xbe491F74081fe3a65ab2709a7d978d2043458713,590318
0xbe4f0cdf3834bD876813A1037137DcFAD79AcD99,590318
0xbe502f3c548dAEeBcB0134c6F5FF82B71aC7Bc72,590318
0xbe56d0d5b1a62f38d1412c4c6e55e6c70f7b7aed,8000000
0xbe74E8E6fa8F47cf01d9a6C9F6cf4458720FFC33,590318
0xbe8c4feb5106e77aa6c02661847cadf1d161e646,23036649
0xbe8e73dC12D336854c33129CaB1D676A2c3E911f,590318
0xbeAAE572562131E92DAE1B6800C5C20aF440cACa,590318
0xbeEe852318A82b3dB35BA73963c437738cF868fC,590318
0xbeFE1848C161092BE89a065F1F1D1808B137a98f,590318
0xbea9776143CAa8091e8Bb7CDAb357a5a9A6aD4E0,590318
0xbeb910Ae193Dc54411747aC236E67D221fF3F1D7,590318
0xbed6153d8adc9db40dd23b9d0ba22ed92648e4bd,23036649
0xbeddf3ef667FFdc1e250F53430963CB664301053,590318
0xbef2ED2C85819787C935aD7A42B4537A0bBeE55C,590318
0xbf07502abcb925e080FeB8691Ad048AEe87cd51B,590318
0xbf1ba95ef0293030dabce4e196b6e80b4f832102,23036649
0xbf1cd064879d2e4BEd711E50DB2F5b7233860E03,590318
0xbf28869d47f6bf32ab08b602d4ad140d791365db,2666666
0xbf310EB62e891f5871F000f7900Efc2F39066501,590318
0xbf3145eBe8264874bD2fcBf4B28E544C60333a56,590318
0xbf3213a2AB8326A829617577c877Adf0157E10F9,590318
0xbf373418c3225cbfbD0bae4A357Ab797f46b7cf8,590318
0xbf3e5F3a263791af44aa6b9e241a48A733CC0E1E,590318
0xbf540616b0edf6c33e5ce35c21e9a98e6e165241,8000000
0xbf54de29e243e09d2cb2a23d44ed949375208a1c,23036649
0xbf55faf687289118c75f9885980735ff3cebf07c,23036649
0xbf620963a0c4c0394f348c4fd49017ec79004fd8,2666666
0xbf63b86632fCF6A5b96889565F3904EEda8E7d4A,590318
0xbf7f3824CeC99f73AC5Fa53CC34116f4F0dbb69E,590318
0xbf90Dc052C0571BF24C618c55E58Bc6726B255C4,590318
0xbf9AD7a683095C1c294288940e011e408CA6E969,590318
0xbf9d439d1241dedd1cbcc1d96678e161a588152b,8000000
0xbfBD8D2aaae9279861B9DbA072da2a41542bF7Eb,590318
0xbfDb50Dc66C8Df9fd9688D8fe5A0C34126427645,590318
0xbfFd0f67e2E8F9688dD8E6a3ec6f6a74ced85B37,590318
0xbfFd2Ea5e754B774bacdb8d2B27C450769c3B341,590318
0xbfcb84c1ca407733d66eaf02431b5ca7e75d353c,25703315
0xbfcdaa567b90fec1c959f09fad324895042608a1,2666666
0xbfe1d5893ddbb0b04e52afdbdb18842f42d733cb,2666666
0xbffe27e70d8a034115764109f7fbeacbe103f9b2,2666666
0xc002a4cB3BA447c22D7f23E1C788271580213Ef1,590318
0xc00e378ec184C2bECE47411fDFAb12F08C65E3aE,590318
0xc014002caDc6981146c576f13B220bFD38d92D91,590318
0xc0170D162E0c9e2e7755bcd80dAB4E4A3bBD91eE,590318
0xc019Db81380936D29dBA9011A3eF933b9Ccd0B39,590318
0xc01c42562F48C94A2004A738cacF8FA40553Ff0b,590318
0xc020f9111c62925de5b489f3649741c27b6db0b2,8000000
0xc02ff78Aa3156840F0ABD340dE162Be0E35FE302,590318
0xc032F0E696c846f0698542147C47D0196F2FBB86,590318
0xc0374607e0658FaAC5E810D91f6d6a51798610DC,590318
0xc038F1D80F5023F0aFD3846F3f19b09A20F04b3F,590318
0xc04003ec4c9ff19077ae139ff4f0dfcf3417bd73,8000000
0xc0429229D88F64f86846f1c03f5c99f350898abD,590318
0xc04343e8dF02b918956Bd301d0404473a480fAF5,590318
0xc051b5dcA839111bB7C0ab5BC4927E161A79d03c,590318
0xc052b888dfFd1C6613BbA7B2b5584fab69170b8A,590318
0xc054cb804a435f9ba44a5775ed49246df6034e29,2666666
0xc05501AF818e8414FCE12F3Ab34faA3E85cC3a04,590318
0xc055260FE16b0AAe46E4C7134Cc81aDeff9fb584,590318
0xc0566630308b52267fc5d41ad77aa42d9f1fc5d0,8000000
0xc058afE60067cdd6aD804398fA7Cf90E9F6d52C8,590318
0xc05936e6B40e47656F3a300A2650e931cbd116F2,590318
0xc05Ce9aC536088D25d253f4c60C79eF4122239E4,590318
0xc0613225fc0d6ba9e171379a5530a6a2c671d222,2666666
0xc063eb78fd7cb31af5d66cda2bf87ea0e6a6963f,2666666
0xc0689cf10b81080ccc070f2506b0384f1a4e5af7,8000000
0xc0719618AbD7C41accb441607BAC4680B9bb9472,590318
0xc074A3498d6ddf73159C029512Ba779312aaEd22,590318
0xc083D8309AC14B18891d529170cDf849dD6bc15b,590318
0xc08c8c3792b617a7A10f4Fe8941e9f4bc9ADbDE0,590318
0xc08f116a4E9f70f9dec4374EBa375CB8f5D50BC3,590318
0xc0900d99D303F44371999f758F0b3e885b9833F6,590318
0xc093aD5fb5Fe0ee525d8C72e6E753352f3d36806,590318
0xc09e366cb2787e5bc91f5251b6eee576f3bbf4a1,23036649
0xc0C44b69d91eA0B26f5BE8aFeDC18a8cEe281aD7,590318
0xc0C8c75B958530f57A79d34509469e5230F9Fbd8,590318
0xc0D107684E9edc1Ba6A62B199B8CaCFE74e6185A,590318
0xc0Dbb4e5EF9d63a2519753ccE522595cDa52E927,590318
0xc0EAc0275B1920Dd1E8ce5a4Bfd710409f57CA72,590318
0xc0F06A313e20b7Ad93A65dcDF0F208998d1a4596,590318
0xc0a211a82153Cd3b7A09cB1519c0A770Cab1b5E5,590318
0xc0aACA8E1dF40E846412623BA7429e8A1Fdf4Bc2,590318
0xc0abf1d2b69b1318969af5191cd984d97b8b28f9,8000000
0xc0bBaA6d0bD259995A4099De65ed20a5b9DF14F8,590318
0xc0cD98ad1a7a0BC410B93533Eb5EfC17Cb47B214,590318
0xc0cad110feba460b8c9267621be4eb63e5bd1969,2666666
0xc0d1c7fa6f6b6e82f3fa5537b53f9c177b989cb0,2666666
0xc0d61a7c0F6e59f360fadc8e2E509D8fDDF4d53b,590318
0xc0d69C240f659cf254Ad0eDCf3447e1cb2E94634,590318
0xc0dA8269098d38fa1845D61907bfcB0B960D9A70,590318
0xc0e0eE2b85BBA9cA681bC4a7Ee88E86D9f32A24c,590318
0xc0f3a121b76fe1090935c038397c1ed2baf34c33,23036649
0xc0f70D98eC6aD9767d49341dB57674F1E2305B87,590318
0xc0fdCe832a71f19d131cede3dc35b29091fF2a72,590318
0xc0fe73A5Fca255f0f7F55f03261DFf7772658ED7,590318
0xc100939af2f15c4a441cb396d76b6fa4ffe29c05,2666666
0xc101Fd2baA5298E3683a18a30905C6B2e6039A9d,590318
0xc10EFDb8c204E755554311f0D51A4e72Ff641249,590318
0xc1197Fadce651745713D1c43Ee955d56435963aF,590318
0xc11E62A410d3ED067143bB963550894a2f64690B,590318
0xc137942872586E5847d66025c9aE04b89053Cb58,590318
0xc142995F05436c91Bba172B7d17522A301323236,590318
0xc14f59cae2e9f30ef58f93e092ba5e7509801e65,8000000
0xc14fD02F3fb50f9aC5e498FA89a61917C63D02dd,590318
0xc152Cc22488f1383E675f5738dF9a4244fB113a5,590318
0xc15AdD7Eb1BA708BC7189CEf6A4c47200b77a52b,590318
0xc15d6e60323bd35c4b41d6ef8a42a60b52058576,2666666
0xc16431F4FB9d9C6E714a70f0dCda2aD85C25D1c0,590318
0xc17A24BaACcCC0c4027172610BC955D8Ac67558D,590318
0xc182f2b5dfe746f1346cccde7b516bebe85e0954,8000000
0xc188EED103205B9690969D2C44621FAc8c339731,590318
0xc188d75ea2d5a00a3e76180d2f8b91866a71d559,2666666
0xc190E79072Fb1C4d1E1A85faAa707C913cd85Fcd,590318
0xc193F0c7649444c96dE651Cbf4ddF771f3142450,590318
0xc197254E462a552d1781C730b6B6A4F9030B14D9,590318
0xc19bc9a462708ab6fa67884ff125219ad5b52b3f,23036649
0xc19be75B8B9152d884987e1B58b3F18A94875396,590318
0xc19fd0195421f51baBA548Ac496891eA3966D6fC,590318
0xc1A640F4C5438918DF9F144f402988858CF9d39C,590318
0xc1B78548B0Fc3D7bC94AbEe1AfDbE67899aeB995,590318
0xc1Ba6B2c531d543112157109EcBa9fB492F311fe,590318
0xc1C67f384f266614C73Dc252dF5d24954Cdd53F9,590318
0xc1E7CA17274C36a3358460F93ce30200916688b6,590318
0xc1EC23981aB93eEFD81b1C63B3BBec888DFCDa7D,590318
0xc1a9Eb9C0e357Dea21451b0fA34f0dEFF168731d,590318
0xc1b52d1968E4E8A25e6966C295010373d3F81712,590318
0xc1b729447eb1580b1af9b77d14d01198b3e1ffa3,23036649
0xc1b78548b0fc3d7bc94abee1afdbe67899aeb995,25703315
0xc1b820694901FF91B6fAE36fDFEf6f471eA376F8,590318
0xc1c3018FAd6346426bC3E60197158d6fcEa1a0e9,590318
0xc1c5151A49dDD767725fd11ff7B0e3066848fDCf,590318
0xc1cb4EFB797B953A7ea303e8f9110cC7C9b232A4,590318
0xc1d0Bd227b19816b16E4956d42DAeC338e851834,590318
0xc1e43Ad8695f8A86b5826b935e24218AC72F6F85,590318
0xc1e51524ac59051eb89b6b15e2df59be3c7fb01f,2666666
0xc1e52555b146832e7b9bf5795b1cb3f4344f8431,2666666
0xc1f2d10647a30d6fc91ead411bbc2768fe8d94ac,2666666
0xc20005f0FC397336425cB25bE990D3F0ce41e125,590318
0xc20166dE7271a611cdF46fCdA156ED481411d073,590318
0xc20faba2a381f519d4cfc7861e264b55bc4cbdb3,8000000
0xc2123dd6d3f7b519485532420266b016d3357f5b,23036649
0xc2188ee69329527A49AE9310535489EBB1F1Dd89,590318
0xc219CafDE6855f60dA76d9cacC3873fda65516E6,590318
0xc229d7D3dD662A1b107E29AA84bb0C8Ff609CF3A,590318
0xc22B2d4F82b599f64F93c0185A044245A64b8C42,590318
0xc22d3FEBA913b7BAFf6A9bF06Ad4D10711282C29,590318
0xc23123D4e3F4230430c7abFADCF42050ce923f51,590318
0xc23DCdB137844b0B486D19caEad0589BeBf90d84,590318
0xc2460aFa0d8dB1E8150B33c82Ef38FE2C8C458B1,590318
0xc2463419ed8851712bde6ad00d40f08112b8e9e5,2666666
0xc2466d1bDB27F1dFfbCdbd3c7EeAD7ab095CDe3f,590318
0xc24Ad1389Cfb9B17023f4d45571A60f4005f0FE2,590318
0xc24B7385226692A5348dbB15fAdc97A80e6e0d0D,590318
0xc24e49e59c04ccd837bdae74c25257231a8bc96f,2666666
0xc255eb81b0a0782b2dea8409a2802870c5af5efc,2666666
0xc25637e03b3A9cC9B45f076C95De93DefeA8C77A,590318
0xc25EDB4682fbE458615c7fBD568a093FC561AAd8,590318
0xc25d35024Dd497D3825115828994Bb08D12a3aa7,590318
0xc26372df9CE823D28550C9a5192fde8f46C79908,590318
0xc266672ab58f57C945fC5fe5cD89B2Ae591c6124,590318
0xc2681D0606EbD7719040f2Bc1c0fdA3E9215Db90,590318
0xc27831081735B42D5069262Aa7CC5A1318eEA0d6,590318
0xc27AB0e73cD7b478587c2c02a50407667ae67c5e,590318
0xc27b77837Ab632388b73e3c0C026a5773EB9eF77,590318
0xc27fa6c4b9b098b794fb24693d49ba33faa0ac51,2666666
0xc2816291Fd124056f8d891b2C90f1C1becAcda9F,590318
0xc28D30dD716A40b0c19215b732ce7Be0E80A5098,590318
0xc28F7644B077b1B23d1D0Fa47570A50da0f00422,590318
0xc28b77d19E583AA0f273F5398B1E77bbbba0B20D,590318
0xc290dF1503612FeE1ecC683992D12D0B05466B2e,590318
0xc29Fb1653d08862de7a4E590b0F3435AF05A2f62,590318
0xc2AAf28a49A08F22536900D22A65DBA3b414330d,590318
0xc2B30336487610A4f2F81bfF76B52326D82809B0,590318
0xc2C05F08c32387AF8c44FD9eF4C49bF0986873ee,590318
0xc2Cd198D1eA050D23d47F90c9293D63Ed5182409,590318
0xc2ED7690A73b13Fcb1692035a84152517A862dA1,590318
0xc2a4176053e8fad60312a67928f9b60ec73f3c8e,2666666
0xc2a75a1749505d6a4607dbe65e8da28eee5c0952,23036649
0xc2aEdB7D84B168683185CC401dD2d0d9B14d1aAE,590318
0xc2b18ac42d3065f539e563d0ce94136a8ad9c5a5,2666666
0xc2b6119718b9090b3838aCe3c3ad968D91B4eF8d,590318
0xc2ca21a59b4545258f5de7dcde1ee0a04858e267,2666666
0xc2cfA16650aD57D99Cbf3D9D3a9Bc8E8F45AEbaA,590318
0xc2d14C396822bA325Aa8C8D0f6213828Cb69d925,590318
0xc2e0f66ad6322AaB458809698297790d8CDCC809,590318
0xc2e500b0cdd00a73c04ac09e1b6e7d05eed303f1,23036649
0xc2e7db77bd07a8d91534970e7ce8fe71e7c6b26d,2666666
0xc2ee6dc06abf9e3a511968ccca1e6f11d6823e0d,31036649
0xc2f4A9Edf14496FFBA312275D3E1dd2751aa4112,590318
0xc2f6163cB05efE65524d3Bb13c2BE734A6916385,590318
0xc2f9e25a6f250fd0943cf4b5233001024cd60b71,2666666
0xc300F72B05889CB9687A0e209aDD25Ad462a9Bf1,590318
0xc305f1c6167d5E260e6EcA544d5D3380c1dfe6AE,590318
0xc313a113851d9e3f339244dfded9ad8d8601e7c3,2666666
0xc3218deAeBEC9a0B64451d930f2843EeA759A6df,590318
0xc32c372b9Db11398D1ED9226D0Cf36c7C7A88DE3,590318
0xc32c9d183CF89f4746F000797542f46F6aa8Cd1d,590318
0xc3363d7362698c314f5fba057cc4fd61814fb42b,2666666
0xc33E8eA534fE5b24AB66D48C7C90774f539Cf753,590318
0xc347652013a9a8aBb32743a3b7b9e12175D97a88,590318
0xc347bE66aCc6e72EB9a689b11b0ad29060130743,590318
0xc34Aa742e9f6f52C0168DFF64DF7854cE94c0335,590318
0xc34aDA9882FAdd7C77506Bb96EE70A42243DA384,590318
0xc35703DEbd9ddE4bF435862a0DF0E1c6F55085DF,590318
0xc35BC7E918bb4C0159296d9749Dc59dE605B4b93,590318
0xc35C8d48553F02D0CdEd9A1Eac241c4d628762F1,590318
0xc35e3f52213F568B1cC55754B85DA5c59ca054Bc,590318
0xc35e6F2B7c1f41A43DC81302AB8daF8b3BE30363,590318
0xc36dfb27b553421b7c83b254c553bf0109ae0674,2666666
0xc36eCb984AF86AC3D7d050E55e5625E424719500,590318
0xc370fdA77E2628f60BFb7bA9838Ba1C095432448,590318
0xc373956fEFAFf488103475F77A5190bFEA9bAF1D,590318
0xc379deb00b899ee86c4a9d60109fa87cb1dd738e,2666666
0xc37edf6b6e914427bfb4b30f064461c8b408a5a9,2666666
0xc38A74F654178AAFDA3849dBfd4Ff8A5050774d6,590318
0xc38B55D323F81dEA6aebB18aa31F2a73dCC33840,590318
0xc3931abF1a6D455a00a382d2088Fe2Dffef1Fb9b,590318
0xc3A00Df4613EC3Fc2DeFa74D84C8574a530Bd2Cc,590318
0xc3A83019431a92559F795ef0dFee1964dFc498d9,590318
0xc3Ac85548DA38E672567a674E2E682C74A1878Be,590318
0xc3BebE4582E603DC95981E5c3eaDeb078548145c,590318
0xc3D101Ae37bbA62bAF199c6d5e5D8F0EecfD200e,590318
0xc3D719DBDD939bccfBbc5F3928a60A3B42441060,590318
0xc3De82D646A795818b5C656b1C9178Ee23F1Ff31,590318
0xc3aa83ebf83760db894fc32890bfba94851987d1,23036649
0xc3ac481b1871279f850cfcaeaf7c32474c05f200,8000000
0xc3bAeE00470D78c489B623f405E57D5D99Bc0F33,590318
0xc3bd504eEC1EDA2AB9245162071451cb4b3940BD,590318
0xc3be6c7970C586923bb8d27f9c77093Ed2B7d3e8,590318
0xc3c55cbe2864842681ebb77fc1606c8b8efdc07a,2666666
0xc3c830E7654f0d0aD0a47031eb742b1cF65d1462,590318
0xc3d696C268503Df52781E32085110C562f40333d,590318
0xc3da4631770216950E6277f59AF6566eCC84eC45,590318
0xc3e15e3d7443380738896dd01481d7b3fb1c2652,23036649
0xc3f17178311899B068d0E2C86253E087DAB5ba8f,590318
0xc3fb235a564e5d7ffe21820178aa34cb26d29643,2666666
0xc4019ce40627117a0913e270e50bb102bab68da5,23036649
0xc40E60C6a4A94be09bbF0a9a445803ec61Ed26ff,590318
0xc40F50831eEf6B12611dbe8ccFc23c482d9bD105,590318
0xc42bf2A3acfA4F2CE8e772a6E05383D277920cE2,590318
0xc42de2fa9b159f1cd0e1f76988b144ca037aaff5,23036649
0xc43019ae36ef98d4b7de5bf0ef5a5176114c8732,2666666
0xc43A67710CB90bbDA09B020011cCF6F41F6DE1Bf,590318
0xc4402024C36D81e656687955c7f26BF6c7987BFB,590318
0xc4537403fb49219bab227986b9b087cd7913bb89,8000000
0xc45860B613D9C4bc1a069c7C915741953c236D55,590318
0xc45D474dd4746ca2Be55Deb7232D67D70Ee547E3,590318
0xc45DeBFa1f87E419E5B6be4452E5A4B052163742,590318
0xc45eE9d1CF539603560989A4D60C3930862b7eC5,590318
0xc4662BAAC6890AF358655Ae2573E0e165EB1F087,590318
0xc4696d784a31337d15cd9ba7827b1630bd55fb04,2666666
0xc47033EBB3120a1aaB14469974D30d1E9247871D,590318
0xc47A4a510dbd34A458B6958280E9cc23402047a9,590318
0xc47D2d45537e2DCdE0d2bcFE8AE0eeb4ed15f6d8,590318
0xc47E1b8F980c7c56e0cA7aC1c045A45C841D8377,590318
0xc495f71F81FbaB03116d838103273918D0AD5B24,590318
0xc49A9CC3269FdEd6ab0B4E0FB3e0357632e7FEcF,590318
0xc4A0a11fdb11cB00BdF519Fa19De60a6F4d5a3f0,590318
0xc4A959AF92b73B3D783fA2569F1F9776d2136cE9,590318
0xc4B173882C3e545B5a6C7A5bc9d236CfFDab2CbD,590318
0xc4B4D58b7c5838efe8034b28c5eB6B64E33CC189,590318
0xc4BD3e33bCde9f218144ab5a8Dac10206Db1d321,590318
0xc4Bd1fB7CD03e50b22777e53681164DA42C15527,590318
0xc4F98EEDBc23492F30C1F72fB82A3Ee31478dA64,590318
0xc4b84Ee1Cf1765Bf907ab59859B6a7d7a879d08f,590318
0xc4bC3947Bc042661669A856c8A797E757bd1a829,590318
0xc4baa011750593758ceeadbdfa3af913cf251e1b,2666666
0xc4bfbaefef924675176ea39068eebd09bd9af85f,2666666
0xc4e53923b0854cc7db0dc7c13c8026a488ca7fd7,8000000
0xc4e55cBE0bdc28fcA6D0fED614daCFA8302aF6A8,590318
0xc4f28B4217dC16c5e33C5DaF9b7600352e7c4FCa,590318
0xc50fde931575e79df7345b0b784950ff8ab85ac2,2666666
0xc513F211f37A862Fb93737604161B3BccAEe3b76,590318
0xc51E4f7AdA44ca984cBBbAF035b8c2f4672B751D,590318
0xc51F73C9257b71ce7586A82d71acA894Af7C0e94,590318
0xc51aAa40cC768DEa5A1854642C9FA7A9c8de3B38,590318
0xc51bd3E5ed3F4953C734F85b6BC8591f468FF7d0,590318
0xc5218F7e68f800c45c4BF49D87BE56b6a2692efB,590318
0xc526e2387ed20edab146728e28618caababe0e21,31036649
0xc5380fCC7B5891a59A9CaA2ce4E54B58Fb4aa367,590318
0xc539034a9ba4d6c612421b72be5f84d9c8463cbb,8000000
0xc53bae370d80f503f9f98620baed997cc8760816,2666666
0xc53ceec6a341f03120fede34711f5069d18f14ef,25703315
0xc55523Fa0311E6DcA26e39f7e423669333EDed17,590318
0xc55E132556D4DD363758fe78CE0d79780c807fB6,590318
0xc55F08F677B088E76a9F0AC7892Bfd90E964E3CF,590318
0xc55ba66cab0298B3A67e1D0bf6A1613907941B09,590318
0xc564f8c1d23f94e5cc7b3ded992f7600e444fe30,2666666
0xc581a02983110904a46265aec956a1d7fe3b9baf,23036649
0xc5827B65eB7A5994844a46E597d2C30468580a69,590318
0xc583254aDE25B07884BEb5E4bE63Af611698d90d,590318
0xc5891eAD89E9431fb756cc0706F718D353BD7Fd2,590318
0xc58E3219B8A494B3784D4cd2294a57a773908e61,590318
0xc593Eff55725339bD9bDCA2795732Ff551C13639,590318
0xc5980eeb7c2a94b80e6f287311ad2022053b4b06,2666666
0xc59a138ad4A6110B1875dfcD96E6b4cAf978829C,590318
0xc59a6DD42e55F2Cd5219e8E9db6D975B05995E99,590318
0xc59e4a570d0aeea053d08992761b5365fe530c9f,2666666
0xc5Ab28E4d8F52B1c8b74BDe6F18737E79Dd9f6CE,590318
0xc5CAC632d4ad9af95E8A791adD89b3cee9257633,590318
0xc5D356A4F257B298572e41D4FD6bE3C6870bF8Eb,590318
0xc5D547D2aBBdB046CC7c11d25ea29cB12859b125,590318
0xc5D6d2eA25bb7cf7C997ba135fDD141555884685,590318
0xc5Ed4501500fCBFB2B88FB7f0aA52f834ED44346,590318
0xc5F59709974262c4AFacc5386287820bDBC7eB3A,590318
0xc5F670Cc55ed46815118428261025919cB4e1a63,590318
0xc5ad84e120fe5bcb9582407de94199eb4a29efd9,2666666
0xc5b1220155a42507f877ec3d67b393bc850ee53c,23036649
0xc5b8225b939a5Ad72640CcAecB11Ca68B7c76b16,590318
0xc5c520ec3287c5f4ca5375402e801a9c1de22025,8000000
0xc5cb67704482DfcD69c26Ad1038B37f376E6262f,590318
0xc5ccB1D2cFeA20Cb1d2b38cB66dd3dcdF3978b79,590318
0xc5d019E457D9a45FD10a5E8a3edEEa2bDc2014CD,590318
0xc5e2B8f0E92fbB2095a13942482050aF0B836FeF,590318
0xc5e7258d8c42327acf14326d412272e4d7f442da,23036649
0xc5f93184cc833066fea236c7b9d4b4f8f52d199e,23036649
0xc5fc435fc07bF9C1859CFF3AaD73AB31CAcfd2f8,590318
0xc60A5330B4FD76E65FCD6B4541369A8b141621c9,590318
0xc60E5A48dc970266377EEada3Da7F0D6CA292C48,590318
0xc60ac891a7c8285ce61e7f263311f0087d4f4df2,23036649
0xc60fc5c4e77bb9cad38a3a14d58f828188b3d441,2666666
0xc61288821b4722Ce29249F0BA03b633F0bE46a5A,590318
0xc612Ab4828A660f1E01ba26ccEEC32fC69bE5F26,590318
0xc6249AB68403d1e9c5c94547cf335535Ab827f22,590318
0xc627a07F25c61244e0c72A2bCf52014015F469ff,590318
0xc62D510aA565350E142E637A6f7FaFC06af4C24a,590318
0xc62fa66acf82f5ba627f151d264652a3563462ca,8000000
0xc6353514BbFAC01Be21fc042bA5f7704399a7a74,590318
0xc6374c7f3fefe00da7c9725e0465d2eaf9e1ffcb,2666666
0xc639b3Fed0cB46fD32792ee328Bc057238cDfc3a,590318
0xc63ec8dc2104b048a9353e1768c060c5d6098eaf,2666666
0xc64707db87EFF14673D56A70f0f9c537B11cbA5f,590318
0xc64844d9b3dB280A6E46c1431E2229cD62dD2D69,590318
0xc6554a10eb76bf88576b7cbc5b3b8edb5b4936b5,2666666
0xc6571c2FB66825F13b7751b1c334810D397618Eb,590318
0xc659fd78a395d70EC69Ff034b4378A712e7edB64,590318
0xc66A1821FAC2fEE45e6b4F6eC6d4c4a5b7646954,590318
0xc6798352773D76Dd11541c99126E2F51Fd7C5bcb,590318
0xc679FC1D13342569544950CDfc77f172ac3092f6,590318
0xc67ea816eB69722172A28946B29DA3901981E684,590318
0xc688dfafDbdBe7971bDA658279F9815b97afdb89,590318
0xc689F51d75d107fA51724Fe861bE0c95cc1415fC,590318
0xc68d1dded77f2e49cacda6e1b5c992ed208d0b5e,23036649
0xc68fA8CcaEFa8Fc78E7935F107c2BaaEd8ed81bc,590318
0xc6918496AF6CB003Ac4c9D14455960Fb15Df3674,590318
0xc696A13CF9012812cbd805407804704D038217b0,590318
0xc699b5015B836bf65c83222126B4f1F012226974,590318
0xc69C5fBA8637Cc84A418B390143cc46e6469F42E,590318
0xc69f8C787B8da8637cEbA24d4986fb4489410D2d,590318
0xc6A391C617BB17426eCa29f95317ea9563Ce04CA,590318
0xc6A420119f5a9E2E23cD9D3565D0e571f21771d4,590318
0xc6A4d5aE5d32Ff24f5D0B0D8e939582D92f8d847,590318
0xc6A707017B8e7A252B2eaE13d8018840413F254C,590318
0xc6C0D5c3C5D32AcA03c0A83927126bb15b1498a4,590318
0xc6C8AeCb1d9cA59A09d691cDa8539992655dbfB3,590318
0xc6E4Ad3ccdfC65687D2d60a454a8bdDc1F4d6c06,590318
0xc6E5F409052cdf27513a0A41Fd31dACD60A3bE2B,590318
0xc6Fbe4cA226DD4C83B82F7151c915861179c6843,590318
0xc6a61d9856ce1bea14861860714a77342fef7952,8000000
0xc6a707017b8e7a252b2eae13d8018840413f254c,23036649
0xc6b71Cf73263C8024f55c401173aAd76D83F6391,590318
0xc6bC014ceeA7252Ca424F0a3383d897D3705F581,590318
0xc6cA2D4E5dA5f043fd883fd33BF5E36A45BceEF1,590318
0xc6cb46c9e5c7a9b813e027390daf76d162ea3211,23036649
0xc6cb50b8541b9d2bc6043d40c072195a1f5a5620,2666666
0xc6dD9976066F3364b4D6A72cD4F1fA0468327Aa7,590318
0xc6e055A0Ed3E03b78FFb5F7bbCF04301636632BA,590318
0xc6e055a0ed3e03b78ffb5f7bbcf04301636632ba,2666666
0xc6e75f6936fbfad8b69c3ab458d531a224edbd52,2666666
0xc6f722aE2A5b1dA72789D419B5Bf52Bad4ec8554,590318
0xc6f7e0D3EB2f90c5EbEbF0f0Ebe579F4fB9fc540,590318
0xc70084445C4d24809C72b91e62B1168c727508CA,590318
0xc7021953b19Dac95433648279d0a3582Bfc53E3A,590318
0xc702d6a54dddf53abfb586a94d89511fe1bd8e0c,23036649
0xc704389A3f999F325d568Df1Ab676d4B750F7C37,590318
0xc70C6532457F30834a1ad8b9ABAe1148D763a75F,590318
0xc71aBec5A6E31d9CDb55Eea80FD0511BC0EFc29D,590318
0xc73c219c4b7b6ecd26b73914721d5001d9e46bd4,2666666
0xc743b635f767244C5BDEDe3f3e1e7D4C1acE5f4d,590318
0xc74bBF0b25e811b18aa740586653feD421e7E710,590318
0xc75084990BE3df7152313F310DC8848db40327fE,590318
0xc756B9bc3858E1A0f87288e82875C86d81882eFf,590318
0xc758921302a979fd28f6DBA6b95276c93E6aDe07,590318
0xc7666d0657ea68dcfcc592f1e7333297cfaa558b,2666666
0xc768cd9da77632e7cda77e28e7beb08dc3f8d32e,8000000
0xc76935109c64c258cf78b3f80c66252591dc5d91,23036649
0xc773C5F72149aCDdfe6c1199e8d7FD037061282c,590318
0xc77ed8b9cd8f8f6a614c0362080c4995f18ddcc3,23036649
0xc780e827AC11eEf9767Cb5370080ce70cD77C521,590318
0xc782f4E52b6301ebdf141Bd92184A5db6463Ee76,590318
0xc7861c03B553646B5fF5BC1C1006D1b57d7187F1,590318
0xc7899a2205515a346debe510ce848cc66cd11ace,2666666
0xc78f2182ff20ff59eef3d11f937021e2b3d8d672,2666666
0xc79Ff160F65d9A73Bf4a6a35366006Cf3C657Ba8,590318
0xc7A0D765C3aF6E2710bA05A56c5E2cA190C2E11e,590318
0xc7AE2b01036433D0D8e71d39c405F7F629807DF6,590318
0xc7Bfd896cc6A8BF1D09486Dd08f590691b20C2Ff,590318
0xc7Ccb730C6Cbc46529F7F5EFaD113Faf1bE5F05e,590318
0xc7D47D1f5357Ae5e61BCa9C6D287dF6c5115C415,590318
0xc7D98E9479fD6E3e00490b0B2e1ac7a877421631,590318
0xc7Da6f59170d72Fe333174f117e618b237999999,590318
0xc7F94fB3b3ba614b9B2BF80697ab5A31917005A2,590318
0xc7FAee7f5B88A7aC8126AbF566BadaDcacA1065E,590318
0xc7a9FD373FCe10fe3c514a9C2bD10EaED1E711E4,590318
0xc7b666cbb44ad44588209dd4915189dcefac8f94,2666666
0xc7b7C5B3eE6dc4C9B28c9cfc5d82EEe5DA590BB0,590318
0xc7b99a2d6f1dDff42a9D191D5913902045D70BDB,590318
0xc7c3e522c7070993cffcde9650f40dd48cb7e519,23036649
0xc7c507b686e68ebb50c9cbee21b9378a9f2c4510,2666666
0xc7cdf1f83c01451530e8d6a26ffbdee09cbf66ec,2666666
0xc7e8bc70a8ff10562dd5a9d79fb9ef4c0b9085a0,23036649
0xc7f95277612f88b5014B1cFff426658D920577c4,590318
0xc80fa6a5e1bb81c2da51fcfc04d3877c026cd17f,2666666
0xc814b5AACFB7F3400e90FFa4fC6BF5169E221f61,590318
0xc81F7b9bBd22a92a1E8C6512Ff18E7606c0D097d,590318
0xc824dc2F93877BAA2E451e1A1535b09cb3e9d1E6,590318
0xc8290C454F681959d6f6CA614F3f6069e6d4fCfD,590318
0xc83629D6A24851b7B90A2fa7f63a762dFE1021BC,590318
0xc837ef9526d9e7778784483a9103ff9e19a6c480,23036649
0xc83B8D5906A5F51bD0ab0e2256F5a1F055bAcB35,590318
0xc840D0A9bb73e1C76915c013804B7b6Cb67462ec,590318
0xc8458da495b320c3db732c13479d6e0e45b1be49,2666666
0xc845a0FEafF2905000f8Bd2C80bE8cf429F012E5,590318
0xc846D8F429B4AB493De5a02BfA692751c1A54B9D,590318
0xc846e513F1Fb448E744d5c8e911E87Bccc0dfb20,590318
0xc84839229a27b288c94323141a69ea5b5560de7c,2666666
0xc851CE33C950642Ac25D8c8530a289CBB0479341,590318
0xc8530c4968ebee573b8b66e0acc41f361c4d0584,2666666
0xc85C8Bd2B180427aE361899629749666F8Ba34D2,590318
0xc861dED78EEf63DeEA563f9B938273e2A8C41e6e,590318
0xc864e9741a213c302df85c57ecca0ed7b01a4707,2666666
0xc8656b0C5e79BF06386148b065a8af417b508371,590318
0xc86997Cfa6b5FE8c5De73448C00E61B67a072eE9,590318
0xc87106E86A2DF46e59B726B4C5436DDAf09722ef,590318
0xc871935b0acb1a5cf09124f63257eb050128fc7a,23036649
0xc873B7321e79597DD75A371CC9de7C55cac128CD,590318
0xc883c7a36248a2b3023cabf6e4f87ba238129862,2666666
0xc884a39777dE1ce03A176d098Fd809ecDF67b36D,590318
0xc895e2950ef6e0a1e7dcf601c3f923656ed43a65,2666666
0xc89da969fddcfebdae68b579c46848fb406c169c,2666666
0xc8B36441B9280b6D4A05D450e13166A6c659a18b,590318
0xc8BcB5f593d21Da6b7440bF96B81CCd6F2688f94,590318
0xc8E0345596D7196941E61D3aB607E57Fe61F85E7,590318
0xc8E2806A97413b5496A1ba6050b517CC98D0EfCA,590318
0xc8E6a3563D5cAbCECF482Da10D2F35eadC1961Cb,590318
0xc8F42217B6B1768012b4431f922Be0759Fed7397,590318
0xc8a51f0a86e886603b71abcc0dd5d0cd905b3b9f,2666666
0xc8b05CE83e33524792f720C947c46cBF6bc279Fb,590318
0xc8b0D32bc09Fb11C12C82582825C1e6b624822b8,590318
0xc8c04B92a6aA653aaf72AB65d626AA70b0700b3c,590318
0xc8cabb9007872426a0425f2a8cF57089f0e980ED,590318
0xc8e12b65cc4A406b65e7F4481F2e74C27360bBa4,590318
0xc8e7552d97949f73132625ea3c98b1ea982f7701,2666666
0xc8ed6d535d08fc4435fea832c78b866e7ed1f40a,2666666
0xc8f5e91a1e4bb9252f4c8f4cd5c85776f13f4669,2666666
0xc8fe395cbaf41c78d4465f29b6b44139a95a1b2a,2666666
0xc908eBd8D0C40546E8E3ca3f3a80dbc1e8Fa01E5,590318
0xc91355085A34Ecd027E47359F3Fb56E1509E0600,590318
0xc9143d02Ea7188605156C75Ee230e368FD537B66,590318
0xc916838B93A408eDB8D0C35a3Df1a8EcF5F075F3,590318
0xc91F36D1acECDD0d1c5FeE06c265c224bC8487Fe,590318
0xc91cd18f8C998bf574df5CA07596a00f6EAe1484,590318
0xc92447312820f846864804c89Df633d128C339DC,590318
0xc926dDba8b7617dbC65712F20cF8E1B58B8598D3,590318
0xc9287E9B7B872f91Cdf1e1FF7e50884F561C7E3A,590318
0xc92eaD7835461c80e2380789B6f8Fa55dba1F15a,590318
0xc938b992e204a9d82f518b2fcca4e1777bea207d,2666666
0xc93b3d3E2DfdF0a614a983D3CCc38126186027cD,590318
0xc942962d87a9af3240ef82ece065180d2676a6cb,2666666
0xc94Aa01022625e912D5957aEE1D42E62FD9422F3,590318
0xc9539B3BE5A5800AC58D5b18C8531fC129b794B8,590318
0xc95C558dAA63b1A79331B2AB4a2a7af375384d3B,590318
0xc960496f988771cdbdd5470D68fe06415E89F637,590318
0xc960517deE7a3FC8b1F28481fd82756023D3470D,590318
0xc960517dee7a3fc8b1f28481fd82756023d3470d,31036649
0xc9607fe11a7C3ABB97BD470034212C743e7760EE,590318
0xc96241a245fdc66858addbd59557b31064ab4dad,23036649
0xc967670cffcb97d0A20dcbC27316685e8d026ec1,590318
0xc96807c06db2bca589ad7353eb98737dfd6ff2ca,31036649
0xc96c08a1eeb15222b1d5f4317f595358dac32a39,2666666
0xc975514e0e5903098acd13b88eee6f7e3f1191f7,23036649
0xc976695a56187cDA775775307194688908B00A4A,590318
0xc9794b9a7d02620360458aab2d79f3a8fd078dbe,2666666
0xc97E11fcFF2e2a370c6AF376ABCdaa0045E31391,590318
0xc97b1f7028c377aca5305870f3a8f6bcfd3c0412,2666666
0xc97cf59e608d79eb4ce37664a062e112ca5128b1,23036649
0xc97feC575BAc5787388E9EC2192ECe3c28985BE8,590318
0xc99AbBe01c0c98c794A7b934957a5f8a3E25a14D,590318
0xc99b46012d548bf8e171cfc46677adf3ab81c071,2666666
0xc9A3229FE380695edB26e0d693730632455C1b87,590318
0xc9A900B5C828aC2d30bCa757aB3d5A5Dd9E74a73,590318
0xc9AC2940E99c00D4c188C3B446b08c03502ee568,590318
0xc9E769B2d581C4cAc8ee5478fD1620c74b79f766,590318
0xc9F4067a38878A4CdC2cdd525F090Aa8BA0aC18a,590318
0xc9F49572b2f4535C88cD29062C2f2543b1ef5cE5,590318
0xc9a72cEfaE4dF5114203b14f81B77089AFF32550,590318
0xc9a7dEBA61D73cD0C1BB516C3ca8ea49FAcd96cB,590318
0xc9aB5B2539A68465c584BC28A6B974061F04EBe1,590318
0xc9b541e1afDc0dd8eb5EcE50cAe7475223167F34,590318
0xc9d9e80e52b1179e4cec69477fb979d181ff2201,2666666
0xc9dbFA057e0b933aCDE9f0c222C01729F283184D,590318
0xc9e100C3B821Db36f17Bb259135a45c83dDEB2C8,590318
0xc9f0Ac63940E3F956957fAa99613930ce11755b8,590318
0xcA07aEc496D7987AD2446674c342496e61a9a480,590318
0xcA148C08f61d3518f99CE3C9841b20C91d5E9528,590318
0xcA1CE636484216Dc991AE1aB0B0b8f7cc6724A9a,590318
0xcA1c5C696f27888E1D496466Ad99DF6e589FD634,590318
0xcA2324EDD888cc6947201937a1f5889fEAFD923e,590318
0xcA24a81e87e010f147d3FE644a927C792442124D,590318
0xcA2A5280bfB27bEB43420e164199232584651114,590318
0xcA422514c83e831B093aaC274E25e980ffEED692,590318
0xcA426D388b16390BF1b5935d97E799Dc723b5619,590318
0xcA4B24cf4C1DaAa71B8959d9ED9345e3297008ac,590318
0xcA5342dD54C487e9A5a2ABF00215f10Ae7Df47b8,590318
0xcA64E575083e0a8f9C73Ffc214D78027d98FC51b,590318
0xcA65a028F3AA33D59395991dBa7caB83508f4fcC,590318
0xcA74F404E0C7bfA35B13B511097df966D5a65597,590318
0xcA885cd9ae07dD5aDd2C4312115290a30658177e,590318
0xcA8bf25D4b636C177fcDe59C38fAe68318c0cCB5,590318
0xcA9aA949dB3398Eeef5cEc9F2B8DD5Cb1b058De5,590318
0xcAAA0B07F6854353F21F8A2B9400742A5634fF2B,590318
0xcAC4f9d03002e095DF3cabFe625E93bBB7260363,590318
0xcADA43138D0E78Ee2AA62383FA567aE2ac402e2f,590318
0xcADe1E68A994C5b1459cCD19150128Ffef09Ea3c,590318
0xcAF3058e3cB92Dfe24051d26141Fc9985436F086,590318
0xcAb21D30DBbe7eF86618E1Aea139f6C8a9B44C98,590318
0xcAc1f1C3E4599e044Dc2A9d38A9B6eF1af1BDae8,590318
0xcAe798C0C6958df8299dF4f13726da433B8BA7bA,590318
0xcB034160f7B45E41E6015ECEA09F31A66C144422,590318
0xcB06bEDe7cB0a4b333581B6BdcD05f7cc737b9cC,590318
0xcB0b3Bb4612aA32a5Ec9a8516F1A797f9bA4D5ac,590318
0xcB16736efb5526860Eca1BAE3630E5752f386e0c,590318
0xcB2940837b919e86899d62c19242fA49d3821F47,590318
0xcB34EC2480877E1184255e01bb7550Be07eD49a8,590318
0xcB4365C8E9C8D76327dEA6751213d225ECc30054,590318
0xcB450944dc92f4586e1457af5e29fEB7FB3fA6f0,590318
0xcB450c8E269B8B96c944bc5b19C51100bdb4139b,590318
0xcB46219bA114245c3A18761E4f7891f9C4BeF8c0,590318
0xcB4b9E5846e79852eC89621aEdB076d68A7f42BB,590318
0xcB68a595C5748FfB5d0277282ad148aaD09ab878,590318
0xcB7b8A1DBE163cB3CCff2fbc4E55BcA30cDA300A,590318
0xcB8Ecf3AD3f69735F66d3DAD5BA083b28Dc1E4C7,590318
0xcB8b61f411377d24516a37Aed98FD112612fBD5E,590318
0xcBA0bec48D1Ab190A2db94409f78bf3BB5c46a0F,590318
0xcBAd6Fc386EC3696562AA674e1FA33d2b41D8a66,590318
0xcBb7274ec82a7cCa079Ca22488026Cc998453D65,590318
0xcBde76E38D01886222bB038BcEF00A53a9900d41,590318
0xcC00296a2E01aAaaf0Ce764a8e2DFF99a21727b3,590318
0xcC202930867769A83B61cf5053b65D1845E76Aea,590318
0xcC2a855946a3C20683858FE6eE15acF8B836f0b3,590318
0xcC2f25693D6e7459b0917C6D075F38Ea1F5d5c96,590318
0xcC33D2Eedf3D33fF28B5662330bD3171de259B6d,590318
0xcC532a3FfF1a426F46446e7C9FE0903AF83A4dAd,590318
0xcC61f82D8EAd45a4a2Fc24dE1447348505062F67,590318
0xcC71983DD924098cDc017bC462B4ca65fd4755Ef,590318
0xcC771952fdE840E30C6802734e5ad20479c2959f,590318
0xcC7c4E7c8d8722d98010DB74fBf04c27E3D0f0CA,590318
0xcC84032Cb57340044Ce5e0F29019F75C32c632b9,590318
0xcC89d2EB1F307e56f7c79a5F0a3384bE6656Bd41,590318
0xcC9286B2412d626C32a6d440BeC8c667D57Fd9F9,590318
0xcC95243658B8dE2535549F4BB975F8e858E53B67,590318
0xcCCc882B5056d40570E7A0B736e20B08dd9eeDFF,590318
0xcCD3757A45313A6B69540133fDE43745F3C32541,590318
0xcCa1483De241AabB589a908E7bC3E6073699ddEF,590318
0xcCdDcC9869456aFBdEE89d302e064d63e4132406,590318
0xcCf200d581A68E624098C6bA2825942D9792256c,590318
0xcD01A3acED67e266be21117376C7025B384Cd4d7,590318
0xcD1a602678333D247CF229C95E9e867D93FdE645,590318
0xcD25d5C658191622EeB4447D782cc23e3a8844B4,590318
0xcD27Fb63faE2C2FE18AC09f06B1B72Fd6ec6465d,590318
0xcD3b74148B73B79bC2fAe747F7f5042525001572,590318
0xcD40532686B94aBc88b06B9705AAcBc14c8364D6,590318
0xcD4dda51e2242434d12A0c9963d407b603ab3993,590318
0xcD89A9E13ebdC0443ba0A5085D4C4536c70c6b4D,590318
0xcDA462A1231aca6dc29a61fd6c431046d8389129,590318
0xcDE2d48098fFF5f36FA38Ac657A232914f353762,590318
0xcDba51835bD178205b1604C1935d8ce2D5a82F55,590318
0xcDc4d788915057Ed1bd37Ed14c54d68dC35fB25D,590318
0xcDcB2B3ceB162caA85920f2fAe8d7F987723F687,590318
0xcDdc82C6e93FBAE205d5E5D8F88E2A3ab2565458,590318
0xcDe6838E9cCa0eDf8dbd1F2CD4d8Db536E0948Fe,590318
0xcE0237681A48105FDFDD84e3c22f7c7Bd40fBa32,590318
0xcE2d451b77c439D01b598a716E928EdF3d735547,590318
0xcE4aB0f5209f6dB8AAEbD0CB8fddB0ad38c87562,590318
0xcE629009309c3CA05Df55B9D54005AeaA0A4C18a,590318
0xcE7a467C9B4d81616434fd5338cfdAd5A3F8aa1D,590318
0xcE903cc1d4cE131C970B904E3a64925366c0C5A6,590318
0xcEC9d878b7c09C3fe6441104612Cf89E157A9Ab1,590318
0xcEDB35d2163E721B6B9944Dd358C883bbE3C0F2a,590318
0xcEDf32cC4BFd058557746cC1C690021f3F2480Fb,590318
0xcEFDcB7B0dE56E1476A9DE67Aea8758878eD1232,590318
0xcEbD3dF94768c6867Fef0cB0593fF243bf177554,590318
0xcEd09CCFc82b091195bdE04E6Cd65374518E7b95,590318
0xcEe52Ad83F0fDf82cA3a94f6BEdE25F83203Ab45,590318
0xcEfB571587c50E157E2a264F9a0ffC34e89c9595,590318
0xcF042493a5239d931A09490D4d40081Ad357Bd0a,590318
0xcF10B967a9e422753812004Cd59990f62E360760,590318
0xcF13FAe6690C07cBD471574B68E504319Ee0882D,590318
0xcF145448AB3c6c026F1c99C3E397bD4673386377,590318
0xcF35a82Adc39a2B156E1B7EFd56D877278F2C93C,590318
0xcF3B66a02Bcf4F96234CF976178a2a7aF4Ff4Cc8,590318
0xcF5aB63A93DCBdD9bd46128CDEb7B4D8c760DA67,590318
0xcF6f5A68d94165081A634AdA997BE3A93426C467,590318
0xcF9C5683fE375CbBbB96289A65278918B30682F8,590318
0xcF9ebF877688Ed88a7479A6e63457Fd78D4275cE,590318
0xcFB9E0BabeB106910A981bFC9cA610470230Fd60,590318
0xcFC06B9C6745c094bF1e93e4D8220b1741C6c202,590318
0xcFCBe72Ab7C222F101bC4fEe73a1Ee96e2C041c0,590318
0xcFD50302017BE12B2C628bf4a2435F881d694f04,590318
0xcFEf4dD0b7701Ee8fE47EAacbC81531E6c84c346,590318
0xcFF81FD7442fe3F27c950266C9958b223F2D926f,590318
0xca12ca6d2a06eec44605b9fa358f73e7a102fc27,23036649
0xca3467E0683eB009A3f8bB8D4f9AF040684b9763,590318
0xca39063539e71e572f1d2762ebAa61C8DD6d07bC,590318
0xca39c91116715682eafee025843c4c8160128802,23036649
0xca3b7dec873b749a8Fa9419E4285322776d70A73,590318
0xca55ea1077c25c8985f2256c89c10400c800aca8,23036649
0xca5c423e40ef7e3341cde8adf38421e92fd47d0b,2666666
0xca5cd8be96ea6196fcb30c8b232c679e7a835657,2666666
0xca5e226c939e29685ff7f2b0d1136afce38c9db9,23036649
0xca5f42eAfe40182ED316E0913ce1ad603570CB6B,590318
0xca5f42eafe40182ed316e0913ce1ad603570cb6b,8000000
0xca750456fad74380c2f20fbb44e29a0d12a2f77e,23036649
0xca8f7a04ac74a148b50c0519bbac746c11f14271,23036649
0xcaC19662Ec88d23Fa1c81aC0e8570B0cf2FF26b3,590318
0xcaD406B0bc10c7cf7eF90500aEe7A11Bfd6523ed,590318
0xcaFd2888B2B57F3acB220Be780624E796CC67249,590318
0xcabB6fe7A408b6C2F5F18812393f4988F60A1e7F,590318
0xcac77410818792310f090df9fb084c5eac037146,2666666
0xcadf27617c932594d840b220e39db61b46bc4720,2666666
0xcae2120e512e2ef46ab9c30d75e927d7ba5eddbf,2666666
0xcafd5319bA356f1eFfDFD09Dd8996d6d0C169D72,590318
0xcafe9Af82C377Bb411D6558129dd4E38F8Cc8877,590318
0xcb028cf0942955756b8169b99d76c14f5803ded2,2666666
0xcb1605ED17F6145dB16e26e1D8aDfE8f4B175377,590318
0xcb1D980FB01792b4a18eB221dcaDA22f30BA03b5,590318
0xcb20d9553e6B9a18CF79b201717ca0CB9AC15BDE,590318
0xcb22a9F3acAde585082F84aDa2Df417D110588F9,590318
0xcb35420991CBcA929c523F8872e3680b51d4Fa18,590318
0xcb47222497c87a75b211d333a25c7e7cc8abfc90,2666666
0xcb4a7b790eDB7Fa3e2731Efd7ED85275f92Fc74A,590318
0xcb4aA38c361d4eE6dBE2c227e7400109E3097a8d,590318
0xcb535a2522fc34dcaf0b18636f7c424ae94a6a68,2666666
0xcb53cA9f562516958D0BBbf4a68578dFCE631d51,590318
0xcb58B8f5EC6D47985f0728465C25a08EF9Ad2C7B,590318
0xcb64962Fb4B544bDA3bc95891680a6392D17664F,590318
0xcb69535ABBc95a042914507F963bDD74ad0025FF,590318
0xcb6Cd9fc63662D4C0f679c11e4b508468833d39F,590318
0xcb7aa9bb2e3547736ce5f7220e4e9f9aa3f3bbf0,2666666
0xcb7b6Dd3B61c438746D998A4237d7c4CB4eb1eFe,590318
0xcb7f8a0045D4340a53EEA27D1A4E4E16FBF2718E,590318
0xcb803f3ff87e0f971e25fec462878cf0fac8dd7c,2666666
0xcb8AfA8194245923A5234C2960AA2896C69Bb8Bc,590318
0xcb8f3C5D71f89d801163e37E8c71B3f4c85db9a8,590318
0xcb95a0fffc9f64e53919246658175ada07edd493,2666666
0xcbA7585877dd51Fa274624593277BEd55Ba8E20A,590318
0xcbAb5ac6A06155b81E4edc28ae17B382d7ff24Bc,590318
0xcbB4833c7dd35d991C1bcf410c635BdF61ccb409,590318
0xcbC3Df920CF3285dB7d65E78805DF18C6DA5246B,590318
0xcbb05789bf46be18ff1c2918611a9d3628eb7470,8000000
0xcbb0f437c39f7dfef7e43055b6d17b7ce2f07752,23036649
0xcbb31E6f094Caec4BBE2d1Ab7e254F3278bFCdd1,590318
0xcbcb8a49716228e93f31759500a5d378f3582954,23036649
0xcbcbAE14237D85944f9264240f30dEA981eeBe3b,590318
0xcbdc53d424D5a2e5fef1776997352f10212c9883,590318
0xcbe0a068ae7da6c057f7b2891f3aa81eb341cb43,2666666
0xcc12e321a9728a89bf3bf1182e250e3eda31bdf2,2666666
0xcc19439d291aa808640a5b968a6befed1aef647c,2666666
0xcc3361B40F55A3179d4aeD739Cee29dc97840E06,590318
0xcc3dfcb72e07707c87d0655387c1827d82bc2f5e,2666666
0xcc49F13ebC93803e25931d2d7193F3ae85513EC5,590318
0xcc4b63de9d53f3d374b2a609e7c7df1fd2e85c3d,2666666
0xcc4dc2df78bbc68f917baca4ffc5e57e87e0b4a5,2666666
0xcc589637db0d3c349a878f3d67dfb8e58dd4a587,2666666
0xcc6780d4f61f92a1c4998afae0c495c4badc3da3,8000000
0xcc77365503ee917ff640810e0f0e7fc164ff43f6,2666666
0xcc81ea92f71c9a0bdd5167400efa513c5a3fc9d6,2666666
0xcc8dd60a8cd21205d077a6feb43c9bc9ed70fa18,8000000
0xcc95a63C7EE8400B1DA3B7B84749e5cCe7c01630,590318
0xcc9DeB36Dc70C4EBa63DC1697b0C824115f321a7,590318
0xccC4e8Ad313dF8150211B1b934725345924ab81D,590318
0xccC8C1155258a7B23eA62915aF61B7960BAE01Bc,590318
0xccb0546a70540096Aae0d1cacFE2F9c7A2e16C3D,590318
0xccb323cfcA46440AD42F0c7e9a5d3a92800D32f4,590318
0xccb3c6ed6cb22da170304a5143b76453997ae3fd,23036649
0xccc7D9a416a0CD7321074b60fd7A0A83b3F8c930,590318
0xccd03d59B4dbf7f93885B520B3822D62839e576B,590318
0xccd0ec08dd6e2bbd12b2bd866da5abc4184bdfad,2666666
0xcd012562aF7Cb0f0998Ae30073527944762d6F7B,590318
0xcd02f3b11ebc6d98ec3fad5d125c2571e67976cf,2666666
0xcd12C40B29AEF442739E6038A2275fd2Baa99c13,590318
0xcd2883cf93d9e890d0a96ed73f9a6019b9f6750a,8000000
0xcd36F0ce7c60AE3EE3767c51C1579B68C38DF155,590318
0xcd3fffbeaca7b974db77a235b0e9e1d4ed3404dd,23036649
0xcd486e43761f6aC70a032544f36EC2a883013ed9,590318
0xcd4F0CDb63994BA64FBE253Cea3762b76df83297,590318
0xcd5a81B28893694Be1b5b134941255A966bCAc37,590318
0xcd5da569de50f20b2d6925e14fe0e2c65cb5ae5d,2666666
0xcd64AEB1bE0135CB47bB88DE782EbFCA1aa9881E,590318
0xcd6b38f439d2bc808c1cff60cd87f4e9509d1a9e,2666666
0xcd725A178259A93DBF24d73c53a67011cA055369,590318
0xcd7dCa22557a771C2525944F4d9F1b45F84f48a8,590318
0xcd812016b15e1937e281B7B7b1F1654e54CC0818,590318
0xcd81917ff5313d02d7Da3d47a9Afcd3f635c36e3,590318
0xcd8c68d51886a7b465e86de6e36eec3058233d74,8000000
0xcd90574BC2eF39BCEbbc5561C1c9D8E42110C239,590318
0xcd9691fE4DA69d6A7732B99f8BFB9876DE93bf76,590318
0xcd9869d32d6c405a704fb0e9714c239f8f80c0c6,2666666
0xcdAd30c25B1F97B9024F201C7F10C4714189d6e7,590318
0xcdB5CB47035dAcf0e205e0F7f42961235020ab32,590318
0xcdb31907EB44E4918131401cA01e1A0dB1DCB9C8,590318
0xcdc2b0e08cd32db1d989234b9ce3029c04d0744a,31036649
0xcdc619b2eaad6068a9b18ecbb08c35e1f3fbf53f,23036649
0xcde0d27ce24A86AedA055459BfDCd54e67a0a1C2,590318
0xcde3725B25D6d9bC78CF0941cC15Fd9710c764b9,590318
0xcdf6C46E3522eea00C0C22860C08959A4B56a5d9,590318
0xce2FaA710827d04fCEA4A9Cc820A2CC827c40466,590318
0xce31dc755aE546Dec9D68E373C0f6906bEbdf9eB,590318
0xce34765c86F89983dC45B2A5533DdE9D46658aFC,590318
0xce43a7498E65b6F6C8741Fd9A7EfC3f78EfC78C4,590318
0xce62c0c051622fc4784a8967251d2c059c9e39a3,23036649
0xce6A7960B9580423Aa3B4F16ee620C7582dAE42d,590318
0xce76f5E01c55732e863FB7f6416264fA679357fB,590318
0xce79e37c9ca4e97ca274b98be9b1ff064dd2f536,23036649
0xce7b2fB0eD8858f6E2EedEe36cbe5EE789042E29,590318
0xce8d2983e85A0B0435bf3D157F7D3A3888CA7EEb,590318
0xce95401e6e35dc4a4370090247ea888dee6d973c,8000000
0xceD17111c152C337447f840E2f919163A59B34b5,590318
0xceE0B2D099FabEeCa8e5eeE8Ff0C6FFd9babd26E,590318
0xceE10CC0C025d962B31679E58F36AA1De2B6C752,590318
0xcea26CE733bf166a73A67Ea43Bfe39EDCC10cc6c,590318
0xceab21719d17c7a46503284f426b3abe101b9148,2666666
0xced950CDd8D7Cc656a44D7C834a21A1A4239C491,590318
0xcede130f306fed71af2d4222b3994ac92cfcfffd,23036649
0xcee10cc0c025d962b31679e58f36aa1de2b6c752,2666666
0xceeF8e94DC9DA721FC75A065D938398c7B9D6740,590318
0xcf08d6424d18d41cc40da57ea37518c95e720753,25703315
0xcf0a36dEC06E90263288100C11CF69828338E826,590318
0xcf1585b23c448b22931e8b76d0e6fdca6d3ac26b,2666666
0xcf237369D67566C0F1F8837fb6d5f61C6964fb15,590318
0xcf258473C5102a3Cf9b9BC50086431eB57851E54,590318
0xcf28FD0F9f25c82ADC0283500C45e317E2592C8C,590318
0xcf3c7B24cc00738F658e36768f599f9232d3f2B6,590318
0xcf4410610814d4200FBD2076E9227aeF39158388,590318
0xcf4F6E2b203497EB3Fc3DD69B32657D7278656C4,590318
0xcf4f4a166095f2dc46b6a66cda441afeea494c0a,8000000
0xcf4f7c9e92f7da313116eb2498928d832a16b710,2666666
0xcf540659d6D0f45dAf82b5fD16BCD301E83dB6B9,590318
0xcf5aDe9E998088F12A07e4C16D80C9265951806B,590318
0xcf5fafE700fCe74Cdbb336e07689758969d07DeE,590318
0xcf651da562fac889cb290bb8b156cc3212a5e101,31036649
0xcf65BEBf6fECFb4d255808e0B1A32Bc7b53E014E,590318
0xcf6cc75fcf234d969fa8baddf1f989eddb9a0133,23036649
0xcf706F82cbCFBf2e9c49A90F11Cd2ec37F2a98FB,590318
0xcf746506ec408d1df1d00e5cde8624588c1c922d,8000000
0xcf7b332A8dF7A930D8783f69D6ca64A3F6fEdAc2,590318
0xcf8162e88b7f183A61dAB42Ab91D13d169b9c793,590318
0xcf82dE107564c15C13bE9d3AD3cc1B5530Bec39f,590318
0xcf88FA6eE6D111b04bE9b06ef6fAD6bD6691B88c,590318
0xcf916Ac68d0317936456e639aF5023bE98C64538,590318
0xcf9beBcce648a38d0D3A5221ce619e5539BbC043,590318
0xcfB464585241eab3Ecb392011648a8e829b951eD,590318
0xcfC5Ad80a2D19652C253FE098e787dA8913B96c5,590318
0xcfE62915f2cD766D20df0FBE2692151238C6F24E,590318
0xcfFe38Efb839F2665c1Aac76821C123924f1698d,590318
0xcfaEEA56a4616022E565a32a1526E9A6De151565,590318
0xcfbab63dC829Dab7fcd7728C8Db62269Ee211c18,590318
0xcfe122de90515685F806E79B29Ff9351Ce764098,590318
0xcff9356eb1056a436e349630dd7334e06940f5fd,2666666
0xcffa1bfbf6181df6f384cb9ba75805b176d7d3bb,8000000
0xd0001b4929809f8d812c6f5d0fca3eabae182418,23036649
0xd00686af39c9972a579cf50769cc7db61efed157,25703315
0xd010c42068e5c728ec154461766fcafab0a98a7c,23036649
0xd014f2D8d25A5A9D844A5723935d4E69eB92a368,590318
0xd015B542aD1F74340364E114261822Af49BBdf3e,590318
0xd0186989bFDcDCf493CFB61D00c644d214D60E06,590318
0xd01A73bef8D17Aa02466754FE43E99342AE30043,590318
0xd01C9047f8918D1296C87024219a728Ec5Dd515b,590318
0xd01abCE563E08bf0466049b85151b04E239E8643,590318
0xd02180861a831E675e1C48087f3037FCa65109aB,590318
0xd0232776459fDF134AE7EA2E5AaAE58904fc3bFe,590318
0xd035D73bF43562Ce0c2dA11d71c74d6aD21488a5,590318
0xd038D146DFab6B92dF8cE2c92369F09375fC5b32,590318
0xd0392E43557Dad622DB230C515ede5810E085EC4,590318
0xd043a30b0491421fa42d8f1f6da1eec6cf3bef48,2666666
0xd044529d0e5A85d68f638c72AF68Ee79f56D5be0,590318
0xd0463b1e24f0afd536d6459a3213999e6eaceb6c,2666666
0xd049def041d8129e2bfe72d773c81437749f1f29,2666666
0xd04A5dc99F6b9b334EC0e2e7FCe83cE12aFaB3D0,590318
0xd04ce7Cc91D1256E86b7285c78410fc66e9c4557,590318
0xd054d510F707db6A75659d136E670bC11212f334,590318
0xd05fa8d773b86697cc381ca36ab446117c59a600,2666666
0xd060Cd0b20e3fA2b295C7DBbb89B0A5425C71bd3,590318
0xd062d4147DfE678C2a77E2F34E182a0ce3ED35ce,590318
0xd064091D94a9B308e4D5d998d4baaE98AAb8d887,590318
0xd06e6cfAC4A46f0a1112AE0A00d1517159A1Ff3e,590318
0xd074c42577017e883BD4CAB1fA32b11379f9742e,590318
0xd07DF317c038D17398f20dEa37218Fb960085d8a,590318
0xd07Ee63FE3223Be9DC34124c52f623cAf4b11453,590318
0xd082EB60dC8Dd4f34Ff6fE91AD8d21fAECB843b8,590318
0xd0868E73A4Cf27319C6d36778F17594DbF88aEAb,590318
0xd0870DC4B7B93A9b9bb5eb8C937a892a897A5271,590318
0xd08A0E5c4faf114880A732C1E951D8fE56839118,590318
0xd095E0f8C72E22319846b643c4bac0caC1f67006,590318
0xd0A627b8Df2d0408c8fC5a1d65D5BE45D740Cd5E,590318
0xd0AFDb750Dd8C5C6a82a17E90333944d1EcDfCea,590318
0xd0Acf9369eB6267319C0aE5CFEc64203e738DdEb,590318
0xd0CEEC2e143fdcE0DB4e6C37a9EC9DFc701100d2,590318
0xd0E6E0e93EaC845ca836afdF2dc16f5F0149C20a,590318
0xd0a13b5E15a86997De38B6115Cf3Cb3D16367dD0,590318
0xd0c464be05d7437fa72a0bf607602a57900faeec,23036649
0xd0d2e89031e239783f4cbb1cbd8e2502a08d2d59,2666666
0xd0e370d498B98A2c19FbF22053CE1d93752fAd46,590318
0xd0e962505B37c1baBe3e3be8F3179ebF1fCCDa43,590318
0xd0ee9977fFa4Ea47d204e91068c5d6A8c1d9F068,590318
0xd0efa96291d115D6F1f57b5153A569A3F5a91d03,590318
0xd0f1741a1cc812D691aDB33C6EDDBA5dCD335dEf,590318
0xd0f272c01d85fd6e6b2f8e45365329b09115d4f3,2666666
0xd0f46a5d48596409264d4eFc1f3B229878fFf743,590318
0xd0f59fd4d91296cb967ad4ec7b920c44252ff949,2666666
0xd10208265eC49B0F4F1522502689Bed0A62E9fe7,590318
0xd10d46ed7668a479873d0c9e93d95d08175ce95c,2666666
0xd111c35c553C6f842BaC23A7d064B735293Efa64,590318
0xd11762F5C51CDC85F57824Bb5f131d50fE6E3264,590318
0xd122c17e2ACA1fb94cE60aB697FE8f440e5fD32B,590318
0xd1282134a3481Cb548504073ea31E602228f15b1,590318
0xd12A16Aaa884eb84303074811001b8eB087ead3c,590318
0xd131A948d773ADBC052A979ed079E50FD3563C9E,590318
0xd1347387Aa022E81F6e2d19c25ab1bb723112B19,590318
0xd1464D62321C15BB73F80f9DCEF7Edc37aCc22E4,590318
0xd15CF01ffB9955BAcEbbfEdCc8d3ef4D74b4cf6D,590318
0xd161F7FA342DCefEafDEb0827B83a400F57ad0a4,590318
0xd16CF6cC98e62786fB5a72B96D41Fd1798241772,590318
0xd16dC34A6010718762A8Cb3A7868eAdf0ab163c4,590318
0xd1741d108e16ad8ba9b4442a3955ea1014715c91,2666666
0xd17539781fcaA9D3Fc138954D21704e53785749C,590318
0xd177031ea95177EBDBB3BFDceBF9BD09D08462fC,590318
0xd1786ccb5841876a59d0adf1453816afb60618e3,2666666
0xd17da1cd6c7f41d6181eecd4dab400ce7dc9b369,2666666
0xd18992db12494F18F0Fd2e4A05C1596AcEd9131E,590318
0xd197d72AF51969dCb6BBf59622Bea6A6ff6C9B3B,590318
0xd1984ae947E5B4b5c62FdE8c74f9DBBd17f0fBDD,590318
0xd19a3cd14553cc0caa4e4ee56d65c268573edec7,8000000
0xd19b9E852247a249aBA019eA6ACA69e1d7E88B5e,590318
0xd1B856ee12Bd00922cae8DD86ab068f8c0F95224,590318
0xd1Bc4131BfE891A42C2756e6a80d052e25bbefeC,590318
0xd1C3413F7Fcc9eBa5515473625d3Ec454489F103,590318
0xd1Db837A334B0CA26F7d874917214d3B15D80515,590318
0xd1E7fB4586E0Df9B766aB0240bF57cFa717b8448,590318
0xd1F2db8aa2B7628F5fc48e0AE7072f5849537805,590318
0xd1a05B4C07682EA9F39fB2D48b6f826905dE75E7,590318
0xd1a4ef529b9d6682da7b6dcd8cb2cfe0a856928d,2666666
0xd1ad295f1c51b422fc6747da8d2bdc6672819108,23036649
0xd1b309e527a1aba41e59f000ced5e92552004286,2666666
0xd1b7Ba65398fFf9D581acf6aEB4CB80c216EF95A,590318
0xd1b8c33f5ed27da2fe55bf0367b27dc23dc9bb21,2666666
0xd1c40Aa6bEA19A5EE528403EcEA7d08e5De52683,590318
0xd1c921829db71034B077E585FA4F28850F2b5267,590318
0xd1dB7569d47FF5Ec4C3A6eC38D6ed06aB47D379c,590318
0xd1daf33839deb378821c079565f7e502cbc5eabf,2666666
0xd20541944d8b0581f17c198329851c24721abdff,2666666
0xd2084d6BF5A2a566B18E0308D96350b71Cf1e575,590318
0xd20BebA9eFA30fB34aF93AF5c91C9a4d6854eAC4,590318
0xd20b6a22E9BBCAFc11d769Ce16D9bAc7098a9a12,590318
0xd2117a27c78c859eC407aE7f55bf6499E5772fe7,590318
0xd216553f62c3011aa4Ba96A541e9173a2A85856e,590318
0xd21B2DA173d8dB463EDE98B6B8af41Ef72e15dcE,590318
0xd21a05a4f4791a0ee461cbfde400a273e6edc20c,25703315
0xd21edE786BD344580efEbDb93c4a0E9A2B9523B6,590318
0xd2294061E10604DD6b22583f3CBdEdBC0B4c112E,590318
0xd2294061e10604dd6b22583f3cbdedbc0b4c112e,23036649
0xd22b130df62009efA55ec78F59eBF7CF540d7A3F,590318
0xd23bcC3b326F9Ff68a8d6aB6a4dC2C305dFF807f,590318
0xd23f28c5F6F9C2d737Df0CF30c5CD9610bb6D0A4,590318
0xd240A74c8766cbe9Fc0ba2B242C089aAE164D5dF,590318
0xd25043d0daf9e93388957df4afe2242f7e8f4f2b,23036649
0xd251dccb861ec3c2266e53daa6a50163f3ee9bb0,8000000
0xd2530A2155D147d3EA9092A7EcDB5639350cE42D,590318
0xd2667348B7c1372C0D5CFd301a65ffa19c5CD949,590318
0xd2676A12C50Dd4129779cAD8F8E1427F25A2335A,590318
0xd2685C391f3d128096026A7e1F581208287F0DCC,590318
0xd26A2bd8A59eA00bD836142cc6BE9717361a3b51,590318
0xd272849f3A0c185598Df9DB5bFDd02DE28025E0D,590318
0xd2827A97023a3c89e62838f7c06EaEBB9c90FDF0,590318
0xd2844fa0463eda4e44b217e1f2be7ddc478d3971,2666666
0xd2857403722E7Bbb10f06f249e3d939D04A8DFd2,590318
0xd289209924e731254d86d329a850ef468cdea9a3,23036649
0xd28D16aE1187a56605c11B946502a4EFe8351C9d,590318
0xd28E005c992B168d0B20Fca312958e105BB260aB,590318
0xd290c3691e8dC2C2E27120259F5E662F309aF612,590318
0xd2951C976d4FEB6f420ecA525CF771A61d78594B,590318
0xd29869F86CC751CA25a5A3e8Cbb1c47501201737,590318
0xd2B12f1a75b2313980d7c410002e6a48cF389b8D,590318
0xd2BC4e7ECfA4Ec39069623854cD114Dcd8771B84,590318
0xd2C6EB6953d59ea7083C900a0C503E3F0d51B19f,590318
0xd2D686927E1a1715b7c35e50cEfC31EAff5EeC63,590318
0xd2aaC986e18E6c74CCd858B95B86883B54128CdB,590318
0xd2bb04998a32bbd6a5f666ea306f4745a606495f,23036649
0xd2c1485672418c683039ef336c5eff28ea769f14,2666666
0xd2cD401D1b5195900Ea277CDA2B578CFe2791e49,590318
0xd2d3ddfddce0b911b0a1aba9a00cf5372f48840c,8000000
0xd2d6f7fecb996c7b6e238e8aa140418d73b38bc7,23036649
0xd2d8505d4fff7e3d702b851fd505d2fc552cbda8,8000000
0xd2dea18D040152c580F29195B29670633b0C9796,590318
0xd2ecd0b413c35572276cd62374309e4c7097980c,8000000
0xd2eda519196Fb6BaA1Aa602820130eF3093f9c23,590318
0xd2f6b2AC4d646D19FD2F9d921060b844A83A50e9,590318
0xd2fe976c47d8Cc062f9c182Cd6Aee1bC52A2a356,590318
0xd2ff7c6ee80a2abba22bd6654f69e97b1cb015c5,8000000
0xd3034Ee2C8DB1fC280ca706aa33ae522a569A2B2,590318
0xd308cBf4763BDB58a80a8d0Bc7e786C24d3304BD,590318
0xd31516AB7F10dF282300e6532EA9E1f21a64FB84,590318
0xd316AB38f2c6f1AADC2c6c4ae173faD338Eada76,590318
0xd319f112bf73eAe5e3cf06bF8D4076cC5f8B1cD5,590318
0xd31ab5aB8CD0F482F5728888519B5C39b5A4a6a0,590318
0xd31af6C17766FF8bCaE808b5585eef1060AD4c68,590318
0xd32f222283D295f93664B11faAC967e6826b635f,590318
0xd332eA5528B892025850d2A9e1032E834642A53a,590318
0xd332ea5528b892025850d2a9e1032e834642a53a,25703315
0xd338eE78F53C7Ea8d34BB3dae7B31C5A31966a1b,590318
0xd33D32572558bEd6cF21d75b4e9Ca1b4caBd96e1,590318
0xd340e01ae68e27f2e50ED8191aDb71C2094FC274,590318
0xd36954DF517cFd9D533d4494B0E62B61c02Fc29a,590318
0xd36C6e184Fe9d48b6808b90B446cD71feb765c01,590318
0xd36F574Ae8A9a6F7beF782bDE60A328b7D52CCCA,590318
0xd36a7F3189Fec7d9215C227Cb33348368df55DfD,590318
0xd37236f880118ed3397151fBC984C9536787f5f9,590318
0xd374f19eA9e7b79788640E43B752985D81C8B617,590318
0xd37A698dc5d41322858D4F0Cec8A196DF24E7f3E,590318
0xd3909B3FeC7649aD63D4DC7ecE8cC9Af0122dD60,590318
0xd3911ab3c3a3d4d48eb982fd8af852d693ff7f70,23036649
0xd39369416C1CA08641DA113763114871EEB27A26,590318
0xd39372b49dddd774d764764ab2dfe79e9b9ef6a3,8000000
0xd39b1e92D308DBFdfC9A0174aEa6504e2939B8EE,590318
0xd39de0e140f2b68bec17a16bbb7bbcfd0c60fedf,2666666
0xd3A9dccb4Cfd983fF69e688dDB6491E010301b7a,590318
0xd3C2C5EDc949b48d5E64486DA020C9f52FA502E3,590318
0xd3D27b35bf301b9bCB01E0784FE9FD1Ee80EB04d,590318
0xd3D9f3bD08f64b424265110C87f2093E5328a530,590318
0xd3E7c6fBf2Dcb17b97736649F6883C6F73cD0621,590318
0xd3EDcc3dBF984f72B222b5A2926deB873DED7C03,590318
0xd3F11A4C015a34E158ce1d2853662bB73F0897f1,590318
0xd3F96CFb7F51e0e1A62C7DBB19ab851CE14988Bb,590318
0xd3F9E120E0261904A520ACB3f9Ca56497BFb7761,590318
0xd3a6d33576adf11484b9a5166eb25102338ae159,23036649
0xd3aa3f7D7d35E67AB563Efbb25e7A8C4b7a4AD77,590318
0xd3b13e91b3F4dc63EbC278ddd1AE0F86E1a7acCa,590318
0xd3b7DF4D1132c32332cD2003896d35474d128123,590318
0xd3c14b5677cd33742613e24e3fc2b2c6efb7ae9f,8000000
0xd3c4EAeC9b2B2262A31d294B8e0A1a4a74bc4BeF,590318
0xd3d0e98cb55bbdeb79ed29ab216ba1379543ad34,23036649
0xd3e0080dD9b4001d90b229853B65864C620A1286,590318
0xd3e68090C737AcD83308dB59A05e60776d74f82f,590318
0xd3eb855978c686409fFdA8aF90E17a3F8544Af6B,590318
0xd3fd93e490e5364a58a67411ea58b6794aa16eff,23036649
0xd400e999141b28652ff3560719f6e990a4abb267,2666666
0xd401ABb2b67905a7F3316AB8F4c91D144b8eB956,590318
0xd403f8e20aa5bfc1f81381bf6ff847e09130c376,2666666
0xd4054bf3cbd625aa10dde29f9f4d50c142ff8539,8000000
0xd40d139b9d585e1fdeb9375971075a6f2d168cc4,23036649
0xd412a3A7cd92289526ca7Dd129d666A651f7BE0B,590318
0xd414893583ee04Bdc107dc4F67CFA2189F16d9b2,590318
0xd41918072034Dc5b871A2Deb2072726A1C2D57DE,590318
0xd4193a41aab069d4facffac8ebb8a5a1f45b64c3,2666666
0xd41aCA80b32C23758c119bFCced0da6E3c681DeB,590318
0xd422fc040ad9294d553150cf5646ab0b1729e443,2666666
0xd43399b103b91Ef50047d02FFc52Ef829F296a8e,590318
0xd434e821b428e1421f1107019750d95733f00e36,23036649
0xd435231Bed0D4DE8541D94Ec93e1E094Ae633b72,590318
0xd435A1a7e05e5304F2aAbFD195c3f7f899A72344,590318
0xd43619df40cc100f8eea841a4ccac77cd1f11cc7,8000000
0xd43eb3e2a19a274131f73cf5fa139cbb3cd37e06,2666666
0xd443C16E24Fca8a805e64ee747ac7bD72e43A2b8,590318
0xd44f41f0e4165220d8a28225811DcB95A611f793,590318
0xd4592f22f42CfcC7dF4C51b9Ad07A07e08a06e81,590318
0xd4681A1176830427366D2fec84AAF5f04BeAb2E8,590318
0xd4684a8fd280139B42550AfB4A6501487f26C528,590318
0xd47587702a91731Dc1089B5DB0932cF820151A91,590318
0xd4762Decaa16944b0D1Ee56F8967fD5B27DBea63,590318
0xd4766f463046eA77EDb7a582661BAC6e81fE1435,590318
0xd47690d7ff9410a97940ce7bb049ce5712d7f333,2666666
0xd47c345b42691deb58d81b1ed6326845ce2c14e7,2666666
0xd4804360997A5EF2c009A7C94251bF6378925F07,590318
0xd48090d2B0ba543648710E178976E4e01118c4a1,590318
0xd480BB579F61edF044D0e86e33cb72310c816D6a,590318
0xd481F8Dba3B7E64385fD2298aAcF975AC3Fa28A5,590318
0xd482C018927b64a9e59b10b5114B658762E7A94e,590318
0xd491e93c6b05e3cdA3073482a5651BCFe3DC1cc7,590318
0xd4922f73b8c9eb6c0ae38f230246fc3a3fac8549,2666666
0xd49cA581E6538C7d845e15621dbd14B32B416Afd,590318
0xd4A655AD00358bbA78cfaB8abfb2b56E6EDABfA9,590318
0xd4Af804b5fc981c889E7b7c3af0E8D8aC2e2630D,590318
0xd4C66AaACd90f3fdCc1ABA7e82394673FEc6fCd8,590318
0xd4CA3a2F1046B845Aad5fe16211fd1686421e175,590318
0xd4b4cAB5cf150F46448A8b312CF4d96521953C5f,590318
0xd4c235d05361C4Ba5254562b0099960901DBE5fC,590318
0xd4cbCC7012D8D86e1996c9Ff16A2926a6e257db9,590318
0xd4cd5EF0F09A8607A4aa0d5a42dbb6d72E2A39FD,590318
0xd4d3e342902766344075d06c94391e61a9bb7e60,23036649
0xd4ee7798e2b0fda9cdc22f23a0afb529bd9d2a0b,23036649
0xd50139B5f17AB2CE98B46176CEEF65bb1f7bdC1b,590318
0xd50fFcBaAd77d78a89789923F2Fa83B113e6C73E,590318
0xd516f17686f0cFc132aa142710Fb1ec687682916,590318
0xd51822cb660bE5aA09424D3c8784FCa5d6F096e8,590318
0xd51a3372438B41dC7985a45d1aeF217020A2AE33,590318
0xd51eEBbA61387d0150B8B5B708CD04bFE5A9C970,590318
0xd523A005D987d8566B231F671D5219909Da32dA9,590318
0xd52Dd08d870751DFF7A5b9916b84e8Ead8CDd5d6,590318
0xd52FB4489F05FBA554A2e25613A9e7FB487Df24D,590318
0xd5341D82350FD09012375FFB4D8B3CDF22634286,590318
0xd5359b20a34bc00f5e440edabf07daf64cd52f84,23036649
0xd53633e7957e69dd7a2f1cca99801f2a693e7ac4,25703315
0xd5376Ad802Bda0fD1E4Ab2185465677a60BBd6f4,590318
0xd5444e207c4b41105b314992effa7ff2e81a568e,2666666
0xd544945f99ade6d39279541501cd3f581929970a,8000000
0xd545820742Ada79331991E35480B3EA5e209ef03,590318
0xd549a0281f287783e6efcca5FA4925A225d5F719,590318
0xd54c165c04e4770a4e220c75991c5a1b562447ca,23036649
0xd54c5677b72226b9695b7e96c10a06f15f5c2796,2666666
0xd553294B42bdFEb49D8f5A64E8B2D3A65fc673A9,590318
0xd556293bdc05Bf8fB4bfA548287eD1F78F73cb6a,590318
0xd55a1ca7d9843c6c507a1d5521cecf865ef2b02b,25703315
0xd55b026b34f730a07f42f899fee9e499dbb80f97,2666666
0xd55dC86dbB69a19159A98ad38605BAE7265929D8,590318
0xd55daee8c43fa717641cd3dc2c83bd1f1c70dfdd,25703315
0xd566844F81aE45b0347c221398d540bb296ABC2b,590318
0xd57533eF8Cb0b9CB8605970eE4f02B7ac019D5F4,590318
0xd57d3f0f31047F2c5e1F1b09F96eFd23C05b1d5b,590318
0xd58259f5090a162aa9a28fd81d0ebfc81b27a098,2666666
0xd5879a4d09393a5a7f23bcd5f876e94fb81e550a,23036649
0xd58fcefe45717d79db7e718df0f8522456b191e1,8000000
0xd595710aedABa1d2e18BFdBAB46Ab796664c6D89,590318
0xd5B54e64991b6Bd2E805023e881b2526422b9239,590318
0xd5C21ab32a3442F7920caB819f3b46B03d8c2Da4,590318
0xd5CAEE615d5023d9da3fAf7EE817c73748Cae790,590318
0xd5CBE38be4f4506Cf63CdB5F4e7512212B1E9619,590318
0xd5Ecde7606D850a3AF14B080cc0d4441d6Bf223b,590318
0xd5F24D0b4Ae774303B5440aD22f64C2DdB8a5750,590318
0xd5F5902901BBe4221c633A4A491a21aB7E4AC091,590318
0xd5a5a8bea0ee06cc22045196533569142b96cf9a,2666666
0xd5ae26c4d500af5013951e9e89de2e11dd78de2e,2666666
0xd5b36e202B37C79a2f645f79B20FE73CD7d8Fccb,590318
0xd5ba384655570db0d466e72c66032fa50be666b5,2666666
0xd5bb51CA30b9Ce6f6Dd02c9426d4db0a63531Ae1,590318
0xd5bc2655a0e8ba030e03375b3a13eeeb3963137e,23036649
0xd5bd29aA9816F2140bFE283a5b3a8f42d2060A8c,590318
0xd5d07C3146E65D527F5c7993B3d030917d412c29,590318
0xd5d36A80b36650e5C9293986fE79beFc9a0331D5,590318
0xd5d6B2E95E87BE16905ED0603844645c9c3610f2,590318
0xd5e797aad4c3fb4ac4930b064af1321d65a73a8b,23036649
0xd5eC5C9cda4260A1774d23611999a8FfbD1DFFdf,590318
0xd5ea1A99Ef5F582713D087c178C3b54894E8dFFb,590318
0xd5f433e61ff413a8c899c0cc840b3857a248cc28,8000000
0xd600Ee8c118B0617CAc8B0c297EAa54631857FB1,590318
0xd6030f5284906A25B2Cbd59dA4BCfC819A57106E,590318
0xd606424168D1F6da0E51F7E27d719208dD75fe47,590318
0xd60D3ff36e52cFD04B9f29e10D5A43f9FaB1F256,590318
0xd610873101650c35a87762600829237b5926be5d,8000000
0xd6126d148088626BedF7f90cb8500008fc640Fef,590318
0xd619c6ba24bd6e1f2939b79984870707a2732bcc,25703315
0xd61a4EEa8498BA0E59d244bcA90A4AF51c432880,590318
0xd61bbf305466a552d466dc38756ee697c31462de,23036649
0xd61daEBC28274d1feaAf51F11179cd264e4105fB,590318
0xd621Dfb084eb1CF6FC9a5e2A609236d16Ef9542C,590318
0xd62fa89c815c55bcc1cb74ebe1bd650e046881d2,2666666
0xd63bb15C7435e1f96FEa1d86e3B6d882Ab6D6c9A,590318
0xd640C898B0902bD02f69dE0FE8d0bd560956DB76,590318
0xd641BaE8534AB5729ED02B2B744944E3548a320f,590318
0xd6467Cf34C151647143E575741aD617825EF5185,590318
0xd64B63F1dB2529d74316405d917447205CB719A9,590318
0xd65370c5565F2bEa121F3C22823233F98A4Be793,590318
0xd6556a725909BcF861Cfde8f5B5B3139F8903fFf,590318
0xd65B5AD57A44FdaEC21C952a58830A39B529c7AF,590318
0xd66269281F76070F141F8446aFB6610aC9Feb401,590318
0xd6647Eeec0c8D810C546f2ab8e025D4664d833Ac,590318
0xd66fEF6E0d083C1719C26F4eB261bC577461d83c,590318
0xd671422bdDC48942f8C1F8f5C8662Efb6aB0afF4,590318
0xd67725712637cE9d36914D74e0e2f557a6f15976,590318
0xd67de4381952b522ea95f1e228f17ee2fca3c0e6,2666666
0xd67e3F2575d2aFC1Dc379C638f2E317F0D30a403,590318
0xd683cBEB396b460e1866C1504AB2661b544D74AF,590318
0xd685C9bE64127e9ef902D349c126927881DBb06a,590318
0xd695812ec8cabb727558450d6978e0f8d45e9132,8000000
0xd695A06b2A430E351e7eF94506ed6935F6f35eAF,590318
0xd698e31229aB86334924ed9DFfd096a71C686900,590318
0xd69d8Cd4995f8ba771867cCc1286Fa880412f635,590318
0xd6A646e55D541C807a207C9D35D9FCAd96150087,590318
0xd6B09a68dEF89329dd82b4605a7234641FA41113,590318
0xd6B29dF86148Dce837e5f67435751CD1eCd4C2De,590318
0xd6B6B009A666f658e6AbF7FD7fEe89f8B79181eB,590318
0xd6D48727d8835b73F8DC511A5BAaf3445a6F65C9,590318
0xd6DB8C87Ad79bD6a694c007820cd623a1D573A7a,590318
0xd6Db76DeaAf30f70b0d02Fe10A28C57B456eE6A4,590318
0xd6Df433EDFC65571eF49936755698c79740B43D3,590318
0xd6E1a76E4189c5C6e2789851554Fa163f5bBAAa5,590318
0xd6E4788C6aD193744746dF8675340F0c4a4EF112,590318
0xd6E78861aab2F3566284D140148CaEF615C2C8D7,590318
0xd6F1255998435C4395631a2C3288E98058BC3653,590318
0xd6F417d90Faf841A4c851eC9FE0731ABc7782aCF,590318
0xd6a732389Cf670738A4be43b78e50b5F41844a63,590318
0xd6b30f499148bd6629bf72f19a9bd0395136dbde,8000000
0xd6c757043e7d59088969B188923C62fa960aFE9B,590318
0xd6c85673395Dc3653Bd8cb0031317c7ae9a94455,590318
0xd6d32486D7733c4D0e8d5847E34749A662562313,590318
0xd6dc43e3BCFAc1aeE916C2E77d9C05982459bE47,590318
0xd6ddb6ad58c06d070e8ad04641f2a4234c82c186,2666666
0xd6e564371Ad546ebE187C8aD64bdc3A67979Fd7A,590318
0xd6e8De8831b3b7A0550cc1dD9E04f4f6d118f466,590318
0xd6e91ff70f92f97903582d2044d10d1ba7ee4cbc,8000000
0xd6f1e09BEc5B0055c6C4bb7635a0fB76fb9419b6,590318
0xd6f248747fa7fcaa43ab544200347030303aede0,2666666
0xd6f3c130b4bd69252d2c3f7886451b4fe2c19138,8000000
0xd700e45f3eE9Fc681BBca5d2a0655e6E69e1439C,590318
0xd701449CD6568A9F1b7EA4E63A11C9Ad2f24A7DE,590318
0xd7089094233d11C834DF103BED938BB1d4D10652,590318
0xd70A9dcD0753dD7aD9Cc49d434B91659A6165512,590318
0xd70c9E61bA506a8cF1C25b54D14b25AbDc048fd4,590318
0xd70df3D4bf9c9e7F0f98B64D7BF8dB953288a20f,590318
0xd7125a645c9f76dd91e4f9d0712fa9aa9dce1b6d,23036649
0xd714Dd60e22BbB1cbAFD0e40dE5Cfa7bBDD3F3C8,590318
0xd71d8674ad99ac061a36aaa25e688e300f8a591c,25703315
0xd71eAB717e71c6D770A0F997D329bf140433Ca45,590318
0xd735Db175Fb7CC284Ed04F220D21D0CAFA7ba1ef,590318
0xd73B83CA7d36697c6DA24A1fFDE4BA1Ce68d7C09,590318
0xd73F607911967e716E9c275e71831d90C22E9bC2,590318
0xd744c26a56fBdaf64F69F6b62dB46596479E1364,590318
0xd74970F1F22ED25902a1d3d6bD549d69C71d5191,590318
0xd74FdFd5f6234372EcC93C5867217c8670C01eef,590318
0xd7577042de061d25321fd596a737056bbdd4c61a,23036649
0xd7583E3CF08bbcaB66F1242195227bBf9F865Fda,590318
0xd759297205D68123dA1e1dC7239D8a28db044D96,590318
0xd75E660860794f50a808493F8B29cB7Fac4BBE99,590318
0xd75ebd15df9495736513c844ac0f3e2394652715,2666666
0xd762d36cA57a85224519E3A9372F7e57B814EF47,590318
0xd76FB058D4C8f82bF2Ee2b53F626beB037775fD6,590318
0xd76fF76AC8019C99237BDE08d7c39DAb5481Bed2,590318
0xd7805584c39Cd0D65941478294dA7C4C1579cd25,590318
0xd7846935D7E5a49e20B9887e6465Cb765f4c2937,590318
0xd78FdA87c583f13474ae652F0f4871267bD2EE64,590318
0xd7959f277226dbdc50D7a1dD43d5A2929e8A0605,590318
0xd799B6E030540E92354a111871de99Fe7d169C13,590318
0xd7AF5ea14Fad145B2D9fd57E321d7Bf8301980B5,590318
0xd7D6B7D4f7aA16A41D5332d104F8089F0E21eaaB,590318
0xd7Db142AFE6D036b86DB7813b37f59958DC7e32A,590318
0xd7E167AB2A4bC910619ACB0CC36B7707Ab8816d6,590318
0xd7E6a4EC4bC981C54DcDb8c36d85E0764fa42159,590318
0xd7F1Cc6031fb3974eFc1cA000925f2b5c9FE7B13,590318
0xd7F4201FAC0cbB326F82dF554040A2F25C390C34,590318
0xd7Ff4dA61540e6e869C26e21d80A8c5C610DDC1a,590318
0xd7a9d590c0E8213E26b10d517d6BC4b1d5a68e94,590318
0xd7b8fa69F4d0aa09945A3fe58c3580395Fc380Dd,590318
0xd7caca29643F7cF10Df09B85909feC2B00aa0A33,590318
0xd7d1208462acbfb30018197071fc9f63c4cb2121,2666666
0xd7d158d6f215f1c385ee3827b45a01aeed826278,2666666
0xd7dc5de8923b92daf77db5443787ad9cab5a24b5,2666666
0xd7e12e9508a58d2104d015e36473a418905dd8c3,8000000
0xd7e8c415b1b5838a346435b46e09cA50ac628993,590318
0xd7edF45728BD047f1898479C82a645eCae676721,590318
0xd7f59a5adac4a6e316e24762fe68796043669459,2666666
0xd7f5e5EB99A858C009DF37e766e8818A626b96FE,590318
0xd7fc911097cb76698a804af92fa069b5a7031db9,8000000
0xd8073757062766F1Fc5D463d11b3E644802d4f55,590318
0xd81770eef791118476746a1e7687fd50b38f9ee5,2666666
0xd81c5771c72294a0dCB98f8A88c410A2c64e53d3,590318
0xd8255fFf508F03Bc3aB0D28E6f5597Ff2FB9380C,590318
0xd82bAbCC30Aa8398BcAF0a18841b5728d1A4ec03,590318
0xd83217115E6fC26e592dA8d23baAD4e0f280FE8C,590318
0xd83CFf88A32fFbF3951f2b13e4A0A37103b3193D,590318
0xd83d8A8a93Bc1EDf9392D68b633e4C415C694260,590318
0xd83f76f728e0BbBbaEF7f0345cd8A1186AA94bC3,590318
0xd84372781EB98443e4EE9014aE377FA6efa186cB,590318
0xd8522250C3154f56F32AD49f4fd97478B9748D53,590318
0xd85907be85be58d526ff360b9d024e04f699a7bb,25703315
0xd85a34664B1105e18BD4002da421c35EEB9bA2d0,590318
0xd85c5377aE75553D1fB84c5ECC48cD10ae7603Af,590318
0xd863c0f47bDeB7f113EA85b3cb3D95c667f17Ab4,590318
0xd8655672F6D50289D826e71CF65741f319B4f920,590318
0xd880507D359af862A5f8F318c8e934Ab478CA818,590318
0xd88Fac3409921f52001Bde7a96838051342777D7,590318
0xd894c09B0e8E246f8dA4337a73f92389c0b620F1,590318
0xd8A55f364eDa4FFdc9e9a5a33D1d2bC95E4674b1,590318
0xd8B5f91dc179749544D9Bf1b9894D55F9741A0BF,590318
0xd8B9865617f2cC4d61D379a14eE519d48ea792a7,590318
0xd8Bc9481831CE7FAd6Eb7C6C30C63F586219107c,590318
0xd8C746CB4a3b374212773a45965d7e5dc25E3949,590318
0xd8C7a3cC3Fc80fD9bC4e9A5492fDc71B8301C36e,590318
0xd8C81C37C6Bc638Ffeb21c87946325021d42cc3C,590318
0xd8EA49A9Bd313Aa9cbeD7eA42A71B58F448E8e59,590318
0xd8Ead5Dc946f6Efce6db80Ec7395Aeb063A96f5c,590318
0xd8Ed52117de9BCdFF9dCEDBb14EB2caAbcBb8917,590318
0xd8F49165098943d450a52BD58d1B5de0D60d9ffD,590318
0xd8FAEC528b9fbf4fE3226d6BeB8B14A4F9BAD655,590318
0xd8Fb61722C17263b319F5F7b6E71F43A2f68545b,590318
0xd8a7b7b40C115066b745675812e90F4Cf25DA5ED,590318
0xd8b07BC1bC3bAe553BCA5E94E99935dC12Df24Ff,590318
0xd8b0DB6945780FC799E6aC3Bb87811E6c9A19593,590318
0xd8c40c8671c7e9a5e181b2b60540e714dec8dbac,2666666
0xd8cecc22e761b5211df90e18f617aed87a74f110,2666666
0xd8d5e1425a2993d7c65ac29a05235ae095c6b0f3,2666666
0xd8ddbFD00B958E94a024FB8C116AE89C70c60257,590318
0xd8eb40951924d9402891a7f84cc0025986e98863,23036649
0xd8ef33BDDc2716Bf46Df7142D7068A35EB832e94,590318
0xd8f14d939f036bcea459ecbbcdfb28118fa9e721,2666666
0xd8f32284BAbfe80C265ECaD9Ac328A4724CCD5C3,590318
0xd8fb2922c978590583413fd165509d41069f9e9d,2666666
0xd900ce2139943986c06811897d2c3cc1d9098d71,23036649
0xd901f610fE9f499805205533c3639921962991F5,590318
0xd907ec10a569a0a0df81e3655bf556a5a9cea5b6,23036649
0xd90E9181B20D8D1B5034d9f5737804Da182039F6,590318
0xd90F253C7E90fF808DE00C80217A02E0771A2851,590318
0xd911369B027aF59Fcce7a69a8A3F547F18158981,590318
0xd912073a417b2fb3f14dd4e2048a870123bda6f6,2666666
0xd917ab00fbe5c1cfb90d487a2684ef8d619e0c3a,2666666
0xd9253aC3Ac8A6A83b4B0EfAEC4F633b7d582Ec70,590318
0xd93016F194aB337E8Bf16345abf84da2fE9c975d,590318
0xd93eD50B9605E8BCC85cdFCD28Affc3DA3835906,590318
0xd940072500f52A6A6f372De8Eb84617aF4A26681,590318
0xd942fAdab3feDBEc4650497982AC15D594c46Ec7,590318
0xd948389216be7e837c317a2fe3e0c2e5d143b978,2666666
0xd94D97C9BAd8029225C622a88D76c6844E430953,590318
0xd968ed94D6c1A51c55FF7a2D0eb95A85ddFa3f18,590318
0xd97285819FcCF168b11D032B579C7a3706bbDcE6,590318
0xd97330F51B976b8e618AD4020109a5b1e87A22A3,590318
0xd9810B9FE084fd121e70250AD4DB98e9B1d1bAE4,590318
0xd98ad4cbb743f9aa42e9a20b3406b80f29b2dd61,8000000
0xd993b807cce1Af2821189382642E60f1e7589067,590318
0xd99aB8EC724407f94b494bf92B009b57b92f849B,590318
0xd9B18200dAE3909310C9eF741A53027FE29792Ea,590318
0xd9BBEE0cdEc37b5270b56BBe33C02914D75A8780,590318
0xd9C4434a5294BD82979c73F52D239bb2930F7429,590318
0xd9EBc885674a93a7c119f37a6ABF9dBED84E1ff8,590318
0xd9EbAcdc9576F008f4b574E049A294c183f17399,590318
0xd9ab15fC976b482c749029C36B427fE41d3ebec1,590318
0xd9c3415Bf8600f007A1b4199DF967C25A3E00EeA,590318
0xd9e783e58377D0f544E006755fe6D7B848D27F1a,590318
0xd9eab154B238a98114Cf38817f2D93fD93B6a7C3,590318
0xd9f5FD169809DEAD344DFC03606C6fB0baB3B497,590318
0xd9f5d66e6c361f6e7454acf8c10c93ae42fc1455,2666666
0xd9f735e64919d2cb0e4abc384a4bb4d3bbfc3ecb,2666666
0xd9f92A20d45cAc7436E8FE8D7bbb305BD6c7E82b,590318
0xd9fdfea5960b4210db3ecba4a0fb300ee69c5172,2666666
0xdA065F6380d9AECCAcE9a25E3b2a8dEB915641DD,590318
0xdA1F4BC56d5D6533C188F1F04a95E3De2815bF20,590318
0xdA3389400b9e0A7366F264944BAF9b09F9915496,590318
0xdA37b39FA2213e48d3328df7e2D80bAD94dbC282,590318
0xdA4Ed2c2a434EA629B80aF204c1aAA9f3ef390Ab,590318
0xdA7f5E14BbB16655B300Af7AD178c61A6D6F9E60,590318
0xdA84717ef09C100C533802f80765e4E378B10FcF,590318
0xdA941E5721377183329d3b5bEd1ffDeD2d10b459,590318
0xdA96281E2fe7f2F9A4823b075364E07b277f159B,590318
0xdAAA1D0bf7ffB161a36083cECE996F4CdD9867ac,590318
0xdAAAcF46355c5983fBd5400d8a7Dceda2eFB04Cf,590318
0xdAC55A8644e879C975A3dB0c0d6797FB108655E7,590318
0xdAFca5d9a2D34df02DB614Ae59EAEb25F33B895a,590318
0xdAbE4befB0633A5D1B4766e59bdD759Ee1c736dE,590318
0xdAc6e51927c1260bB975C3150a8fAc330d0ab875,590318
0xdAe9bD941d7e945EE81c4f8452333C70899eaBB6,590318
0xdAed957ED3D5870B3C28Aa31082e5e5eE15a4E0f,590318
0xdB1499036C2fb2d689479366d5Bd305289150005,590318
0xdB21D9DB1367892cf95a543342411802f45b5aF7,590318
0xdB455Fa3465C1196d80F191E1ac0e30Cdd74Dd68,590318
0xdB48422d51f0c1931EE3AAF8b58C18E3A8e84f9B,590318
0xdB600DE8B18c0F8665107e3e04BD4f9B3dE18987,590318
0xdB662E0A7f47A1B9312a04Bd4bA228Bbb01d24c3,590318
0xdB67989B9acb8d9422076469780AbBEb3E0116a8,590318
0xdB6BC9e8b83b7070d0801a92b94aB52474A5C395,590318
0xdB79b400a31997eBC6816f002f2B622fE186056A,590318
0xdB84A7246da25127e071bf673F49beB3dbc9850e,590318
0xdB89eDDeDe70c0ca0adE34825397515851a38536,590318
0xdB9F87b2CAAD07F89a6730A57013d5ccAf615Fea,590318
0xdBBDd3d66ddA4c6F2f1bAc097821B5ee90047892,590318
0xdBCD0dF4e22F668F74d0f4Ac08A544d7CCe27ec2,590318
0xdBD675635E969FdD19537dFb4DA3964Cb2f510AE,590318
0xdBEC956315F4c27FBaf24C8B6882C9de5eF91695,590318
0xdBb2e4B1538267D13e0d23E35EEBF0dC628c2C8F,590318
0xdBbf7e6f8Ba27D6c90927788c073188eDB097bA1,590318
0xdBd47F66aA2F00B3dB03397F260ce9728298c495,590318
0xdBd62fbcEEB4167F20bc0D4bF1972e257C953DD7,590318
0xdBdC2bf469830009C45A5779fCDbDC60C351c355,590318
0xdC0c9924DD2509105f6F6Bc322E35224f342BD12,590318
0xdC0e4AD761B6E535cbd94f6E9D62E39c95062bF3,590318
0xdC360B255c16c21e6bb013dCf33b2b985525865B,590318
0xdC382CDF2a25790F535a518EC26958c227e9DCF2,590318
0xdC4813108bA85f0fBE858401CDf68ED5EDD7475e,590318
0xdC4EfDac43475F434482e61805E0df96D2dC1DF4,590318
0xdC5d06f1056F2796834e9bEdDE6afa45Ed0e322A,590318
0xdC5ecFA3Cc8dC76ad7E390628BA8D0244b4E6cbB,590318
0xdC6b5549763D893b01A41aCF0D7d77CCb44f3417,590318
0xdC6b760031fBE3FEb0A13b2cF7128C5CFD24181b,590318
0xdC7675deC5d9dfFA391750E749D9E70d13067e10,590318
0xdC7Aa225964267c7E0EfB35f4931426209E90312,590318
0xdCC5F9acA019Feb371b0702FdC42bE753965EE6A,590318
0xdCD219C85863FC8eEcd8b743FaaBFc6de234c578,590318
0xdCFf61afa17911486b15053969daE93Ca3BEAE25,590318
0xdCb559921cc271FD81930Eeccd8513A66AabB504,590318
0xdCb9beca87EfF7E3510a852890220ea19Ff59e88,590318
0xdCf3c01ceBb72e99312Ad07502Faeab0C371bD46,590318
0xdD328329A703bA5b56f1739e656EA6143Ddc9C5e,590318
0xdD5D40EDB2C962D0dFB9056c7D1901F971E971aA,590318
0xdD6fd318bc85a98BA5F97680c34a946FFD8122f5,590318
0xdD84Ce1aDcb3A4908Db61A1dFA3353C3974c5a2B,590318
0xdDC38ffB0828B9a8DA67148B55c9667b8601c51f,590318
0xdDCFB45c8629e871342c0A22318305caF9910073,590318
0xdDDE3196d12e1de7B608F9d72f446D1FA3963F30,590318
0xdDF4BF86117f3bE68131dD4315Ae8A18Ca62dB03,590318
0xdDe6f899d3D14F794f236CaB60544c227E299ddf,590318
0xdDf5109f799482357e8f0b82a2639AD60aa77d09,590318
0xdDf80e8D52b1BdA4645D133396C3e3EeD96E3310,590318
0xdE02c7Fe3033d263851294c281373E328102cE65,590318
0xdE0c15b3A8efB73DDdBF692B6C1c2982769a679E,590318
0xdE12BC577B2ED3A2cD542CE8F0AdeB37C9b59992,590318
0xdE1F1f43e1FFe64E36F6584cA2222bB3c9Abf4Aa,590318
0xdE2B48d63693c9a215f8d3fe6829282A1270e171,590318
0xdE3003e4608E8176E90ba4B0750b58DC7E70Caa3,590318
0xdE43aEb8ccF632fF39ABaa701dDE01cD24E4375E,590318
0xdE52940Dca54001eE49e5A2b2415534439D24bCb,590318
0xdE578047F92A6D115D3dD6203bD8654a2629e44F,590318
0xdE7AceB742980e393D68a9132786b5D31c7eF6f1,590318
0xdE963E2fF9273E1Bf9F034283f186d7fd89ca3E9,590318
0xdED5596be4461ACa4519F3df1C746C0BCb8615f5,590318
0xdEE8CEa7d8202324080fAD6BD4C6cac8388Cd136,590318
0xdEEacd0AAFfb70EDd79F410A37c8B20E0A7FCD65,590318
0xdEF69FCDC46616324829e7eCdA0801a024a9c7c4,590318
0xdF214988b8f13D87D1acEbE96CED5c7a79e6bd4C,590318
0xdF5569a35E391E7093Ca75C84e840220556ED483,590318
0xdF5A082F8cDCf71Bc0FD7517FD6142c290A0678d,590318
0xdF5A403626CcCD5ef5F5aE201e6759c0A63cEcDa,590318
0xdF5a6F1A3DF1F7fA5a6F8cD6bBc477837727ebdD,590318
0xdF88e273f458F556b266F00E3613C37cBeb1C29A,590318
0xdF95658b3Bc82B6bE1D1d99A1fd1754A3E33E940,590318
0xdFe0bbe29dF13B7Fb31079bafCB49743B6eA0B2A,590318
0xda092c2919746de870528ea3c456810a995deeb6,23036649
0xda09E09992Ee22c74dfA4cfE9A6B8c7DDA7816cB,590318
0xda14a0489d35fb25e64fde723c7b91707dfaf89a,2666666
0xda2a36B2C2AD4a1F5084a71A87655B29F0fac4a2,590318
0xda2a392f6e0d13f02bdddb811e6ea5d73c09d29d,2666666
0xda47194fc58f4663c89b6613a9886a875184e849,2666666
0xda48307C07e3717561E6eeD3630F7247297E0Db9,590318
0xda661BBB29B7C81b6e828353a933cfEF71Ac5772,590318
0xda6f34e899dce3c43ad97d7d5b155fb3033aa1fc,8000000
0xda70761A63d5D0DdE3bdE3b179126127Cccb44b3,590318
0xda74Dc3aF55BFEbA059e8F6d09564819104880fC,590318
0xda74dc3af55bfeba059e8f6d09564819104880fc,23036649
0xda7Ee0560e324629515AbFC08bAC3181397919b7,590318
0xda7f5e14bbb16655b300af7ad178c61a6d6f9e60,2666666
0xda85b5a69a4e8adab9d07334c64e6717b75073a6,8000000
0xda945071176Cfbc5d3516bABF7Aec9fd3AE19bA2,590318
0xda97b6a473a4ca8440754e12edbaf216581f9b45,2666666
0xdaD0304F26Cb471Ac108976c9eCcd325944e4512,590318
0xdaE0424Fd265b683EF1a2525aCeBa37d001565B7,590318
0xdaF6a73F1530226A9796B58b7fadf501A5Ad5f90,590318
0xdaa417152d4d76ceaffda127c2e3bf811d279a2b,23036649
0xdaa88d2af67e71127b5f53cb86f983448f454317,2666666
0xdaae31BD899D5559ABa046579B86C6eC77412724,590318
0xdab40e74dfe6c4a364972db373bc5a34468ec684,23036649
0xdab575f699acb9aec3020e4b71273c2a9c74ec8b,2666666
0xdac904A2165A9439DC5f04b82Ae762707d3BF4Cf,590318
0xdacc0FD851ac2e8969F4942B2BCfE17c8d685222,590318
0xdad148546841885b78d52e36C5a26A71292B5a75,590318
0xdad18e6Af9886aD4A9b9ed3Ab9A50D33B3F58E7D,590318
0xdae4441a9A916384a256EfC9Fe16A17C41E5c364,590318
0xdaf859edc3b56a6e2888349861d9f83b9b50c6ce,2666666
0xdb13DA3f84e605431D59b5018970d98385968726,590318
0xdb192134b227dB7b8C972c29Ee78d2EF8Da135Fa,590318
0xdb2C718a8D5a6Ff59E15B73b314fFe540Bc3Fb07,590318
0xdb371F1253D2B9cBc6AD3056e64bd2138353A688,590318
0xdb39685e98198D670E7859135CA3092d5Af6CaE5,590318
0xdb3ddfbab168b2ca1898779e9fd9d12d64febb80,23036649
0xdb4f969Eb7904A6ddf5528AE8d0E85F857991CFd,590318
0xdb59f12F23A3b88EDbD6932a4F35466A950AF08F,590318
0xdb5A7b0728Aa0041fE66a4f775C77e559aA81248,590318
0xdb5d071725e682ce5961d8324cad368a95ef9717,2666666
0xdb632E7B52311a99D1BB438f1eDCbF168B5693b0,590318
0xdb91dd345c5ae66b016aa08f3050cf74b7359af5,2666666
0xdb98D21ec6Bab917e25219fDde396a6F23E7B94C,590318
0xdbE29F43821EE6A519C405dbB05aadE4d7AF0b76,590318
0xdbE38D1d3631a04875d3FAd945D0dFcb2C20f91c,590318
0xdbE452f1a0d0190e161b5FAE8ee3a530f099d9A3,590318
0xdbF0f3E7b6AA00F501967FdD1b6569E7C9508Bb1,590318
0xdbF14da8949D157B57acb79f6EEE62412b210900,590318
0xdba8e971d817cc40ead7caa54d5c0bc8b3771be1,2666666
0xdba9648Ff976995bd31D9ee9a76d2A95813d6b6b,590318
0xdbb66b1882e1d93AF2e56d1441e8203eaAb0711C,590318
0xdbcdFBf023D3bDbEff013c048eBBA7D5DdEe2a10,590318
0xdbd2bd4d1311202978a1e686fec4f2212dc166eb,8000000
0xdbd3d974e0e0b31513c77a956b8d13756b686868,2666666
0xdbdc2bf469830009c45a5779fcdbdc60c351c355,25703315
0xdbe25ef4bc1126f1b2fd1cdb4841927067313e43,2666666
0xdbe90271C2c1C8f82A8bFD4440FD8101c7fCFab0,590318
0xdc010567ce002da3c0bb7d5210b8b2752f06ed29,2666666
0xdc18dAB67705094e0715E5B89F76c3Cd12Bd7F26,590318
0xdc18dab67705094e0715e5b89f76c3cd12bd7f26,2666666
0xdc21e52e3313bdad0b64668ba5966cd1f676591b,31036649
0xdc3B2DCE95eBd1E7C18eAa37780D10d240146660,590318
0xdc3eC22034a6d9b6aF9C194c0004AaF005847C00,590318
0xdc5508b9f7155a3e843c2ccd5090d8a2f9da2aba,8000000
0xdc63a4431e1556a262cb62f48cb28db6d7a8f699,23036649
0xdc6715f8c03374eda9b822d4511699bda50c297a,23036649
0xdc6F30dB3f60Be3D9B817C320086D3B2Cb26C195,590318
0xdc73ff1056265e2c224e1ec5ac5e11f40336801c,23036649
0xdc7EeBD5D5d7FA7ABe814741c914148869426882,590318
0xdc7ef1178ca70ff7e615731dc4fded9bb41a9ae0,31036649
0xdc814e7c4c16f31438787Fdc649dc56A2B3e764b,590318
0xdc83cb546AB87CED1D2C53cAa4606b4cf7E20A8e,590318
0xdc884ce28edd4af6578e5864c13d1cec3b17a2fe,8000000
0xdc88DB8B2E31522C0063ddD67Eecf8Cb11Ea4697,590318
0xdc8Ad81E2CC1a18812427C61B32B72A747b117Ae,590318
0xdc9137927Db10D03E370f65B485A3635dc334E52,590318
0xdc936ae3515ad53bae11a58fab74d246d98020eb,8000000
0xdc9961d895004c4db2a56233fbace05b2fa94e78,2666666
0xdcc8E2ED94f26E7D064a1d3B3FC45f541560171D,590318
0xdcccbd8aa6717234a93ad28655b242bd0376d609,23036649
0xdcd6465d9ef22dae38f49b2d867cf7c9d27efe4c,2666666
0xdce64A75c5a15826d059fc3d0812DBD3baeF5893,590318
0xdcf245fecc6a2bcd402e28c0ffe735f182bf00d8,23036649
0xdcf8b5fa9b29e61ed13a89ca2f5c4cd7a000ee54,23036649
0xdd0b5a266e13bbea36212575129480d787b7105f,2666666
0xdd186c4Cf1848B0549F0E4d2eC463c05799CD61f,590318
0xdd1D273937F76911a54e5db474DC1074697655F6,590318
0xdd1Df994aF2fb033B4d5325f6A8b7cf8eFf54b4c,590318
0xdd1c586A04Df4f1f7d5FDfae96234Cdf4b2d362d,590318
0xdd311ce071fa7c891dcac1a0aaa36083721e2c62,2666666
0xdd3120a8eed83961232a7c78eda014d36a671d20,2666666
0xdd3CF5F990DD62F9057d8fA571D867232D7c6163,590318
0xdd527eba1cE80AC51c002eeCA1BCc1d4216DCee1,590318
0xdd555a8F9fd18B5A3F333E31D643a1223c440cDB,590318
0xdd64399d5FBDEE78F95A7A3e755E3492838e5420,590318
0xdd65b84575a2756ce0db48711328460048ac93bf,2666666
0xdd7129f7a623e88e6250a215c850e769c679f603,31036649
0xdd759fae40bdb0D80D140C8f66eC3F005786F947,590318
0xdd769e033011d8FCC0F16D3ebDA96f176CDa96f6,590318
0xdd7DeDd9957b6b5640dB6A4c1CE807Ba9E3b2Be9,590318
0xdd8592034667a66fcd03dd1cc53a82c30ac1c94e,25703315
0xdd90e3f90c6cc916c3bb0a681853f7ae01e1d376,2666666
0xdd9c82a6ac586f340332d6dcb5c38c3b937ff9a4,25703315
0xddA7f1114ece7Ff414dB2783B8a32A5011fc26f2,590318
0xddC83FDe627B0543a3A77c029b1f423143248153,590318
0xdda15afc6d5630e41821593acf7f944a71606a32,2666666
0xddaa9256a5a4eff0994205158955be829f0c8e41,2666666
0xddb47057E44621f30495Af8134bABe687A8B6C58,590318
0xddb58949c4d9ec970c1fa21c42bb3fc23fee7c97,8000000
0xddb92d2bd4e5622b8d4d18f4dd3fc4aa37958a5d,23036649
0xddc286621CE5Eca627a7B4FA670D4b00379FEEab,590318
0xdddac4014aa26e2460dd531d952f000b2eb9665f,23036649
0xddf19eef042d3077d28e08b6afdbebe5b42716de,8000000
0xde13F752A3B12A8918FF84Bc048A50B73f5240A6,590318
0xde17ae3f2c4bd81733d9368ae95d30b1fd59db08,2666666
0xde18a21b12df62e8654c5fe3a5ab782dae84ee8c,23036649
0xde190d9854beaBF12234A4a1915E65EFf3fEd927,590318
0xde20A7aB8b71854c838e4edCe8B3aaF7b3F24Bd8,590318
0xde31412964072266d72523ec54DFCF658EA063A7,590318
0xde38692b8c2977e4b529255e44699d348992ac6f,23036649
0xde47effda00cd68671521103ff8ba725e76eeb70,2666666
0xde7aAEe5792B838b19814e9C4beF7dFdB1679E6F,590318
0xde853fe5dadd0cb9467f59fc9fdb9d323a91f061,2666666
0xde861b5663984115ef8a4078d9180f0b24927dc6,23036649
0xde88041d9108f62f7ab0ccb9f5fc0618486033df,23036649
0xde923Df474661dDF3727C913EbFEe3df0b37BEB8,590318
0xde9638f6297053b90f0fe13a022ade5be7f8d813,23036649
0xde9e3efD4483A1cF9E5E25436fee5a4D20706DEE,590318
0xde9e730685559164a577d7b99e7fd6113126b19a,23036649
0xdeC773E3E2CC001CD3f53F38189FDb19dc2c7274,590318
0xdeCCE0D1641973C0A08d5712cff2283F77A342aa,590318
0xdea70b496917957a36cafb3c293c7dec00771caa,2666666
0xdec06bfea0fec7241a7cd7e0ce16156dc6a11213,2666666
0xdee567467801AEABD920bf5D8A3A94A14495d0cC,590318
0xdee97139c339aca5f383be4321fddc62b11e3bcd,8000000
0xdef45E63561DdED007fB7a406F3E5490CBB48eA6,590318
0xdefd54433f1bb93fb1405ca05b0d61ab6423238c,25703315
0xdf03c3e839833f5865cf40ab5ac558a5ca04d97c,2666666
0xdf0d45342505b3215c7a4887874f0bc7419091e6,23036649
0xdf0e43c2a7e14Ce8248DF8Ce81F08aF9757CD70b,590318
0xdf274A556aD1c78E2303310759260019a8F0d4C3,590318
0xdf277FA12DfEf8c112A3506F6ec206F77BbA3B73,590318
0xdf2df0a25ec451e4a3f170ca715629fdd4e0271e,2666666
0xdf623d3ab9f22820a19c796f9a375016ebe0cc15,8000000
0xdf6F2f8623F0EBaF11976FD31507fef6dA17c24F,590318
0xdf9015d0Ce1B26738CF09e944e9f0C64601B910f,590318
0xdf9B0d723776972C5cAe27FDb4F3Ea827A5Cf283,590318
0xdfFA60dC71FCb4980C428dB0F7cc5143dBF03641,590318
0xdfb27231979a3367579794001C006F6d3875D16F,590318
0xdfc5AEB2506a2e5A2594d334a7378adA57FbcF6d,590318
0xdfcd7177e9d8e37a1fa3297de6026e234e1d7e13,2666666
0xdfcde31389b29b67A8253D55ED4145BA087B95e7,590318
0xdfe9c49e277e436f945d57a962eb93e9c73acdb8,2666666
0xdfeE0BcBdAE5C346b30439367a925571377626Cc,590318
0xdfef7b28557689f1d0588bb735d1792ce625a83b,23036649
0xe00301A48B081716e4a3a840aFCf9860dDFceb84,590318
0xe00d11D663f18a523693F0fEd9dd0ad950443b58,590318
0xe0100295BB3A334b85e1EA17c45cB647B2aE8CB5,590318
0xe01A97FC4607A388a41626D5e039FDEcbfC6ACd9,590318
0xe01bc649cf8a24a75c2e992730a908ad392db691,23036649
0xe0258EFF6F6889c60D15131D3CeCf666c7a220bB,590318
0xe030fB1eb2750Fb9b8288F467c680Af94953cA02,590318
0xe031e226e642C23Af9EEeeD18D5Ff3037d4C18Da,590318
0xe032bc838d2133cfc61ef1c4d25c940f9fca84c0,8000000
0xe039Fe57F3B5efBA1936fe979ca41B13176Ce59e,590318
0xe04573A1e2616dd09c8Cd3E86Ee501EEc16264E2,590318
0xe04934329a69a3bb8df559254578fb03ee3d348f,2666666
0xe04d14c500513883ff4e1dad59a1821cbbb3342e,23036649
0xe052B2FCF0343BA2Cc6A42EF5626C64e9b15f984,590318
0xe05875F287C028901798aC2Dc8C22Ba908b8eF36,590318
0xe05ae3e2c479ff02164c2a1774fc785ccb787e5c,25703315
0xe0702C5f5687699a1b3d75478fdB3dfF9980d998,590318
0xe0793c9d812c6681a528cb3a927407a4efa9eace,23036649
0xe07b8af9f28f928897c1d0f0e0c1eaf8c823b721,23036649
0xe07eb15b8ea981230f1396e85e0c61b0689cee58,8000000
0xe0809ceb8726e0eea0d42ad85fa82a9e587bd10f,23036649
0xe085327c5AD2F77147F10973Fed45Fb19d734F7e,590318
0xe08936Cf2131F8458800D62ceFeE0E54318E1B7C,590318
0xe09283B2bE9431B6c9d866Ce1e1317F435d073e9,590318
0xe09364c46100588cd81b93bcaa3633eba052feed,2666666
0xe0942ee3ea0958375a3d40164c612232bf1e90fe,8000000
0xe0974e31114ba1efebb8ef24e136e2d977fb2ef7,23036649
0xe0A51F6D4D28c556e73b6685b19038c3ba0390Eb,590318
0xe0BfB4045B66258021E5CDe99E2A3Bd7F812864e,590318
0xe0CcA36Ea0e9bC3F7C63190e5f979eAC0fCC94C1,590318
0xe0Cd15213B9035FD31202480119aC717869D545e,590318
0xe0ECb7f9Dd8027bb14f59F878dadD8463c77CF95,590318
0xe0Eb3075C2cbC4C4807a5802DA45B1dbC7b955d1,590318
0xe0FAcb302A52844833729181d9A0a5C8894895dB,590318
0xe0a1462782d51515276D90eF6b11007DB308a6d6,590318
0xe0bd2c5f0afb72c2acfc5c090bf3e9924871283b,2666666
0xe0dbf7B673F29eDc9423614992A8F8d0775B8342,590318
0xe0e0DdcBAe1808586811AF4890A2395839E4fA3D,590318
0xe0e40da76f6068e702265CCD2e6C9e7caB2F8dc5,590318
0xe0e4f2733e7e06036d4EAf39c1c30B56a72AeBE2,590318
0xe0e55D0ce222C3c6C6EC0B87201cC12E6B390083,590318
0xe0ffd24743Eb4F39cEdd2733c7AD7d0BED454cD0,590318
0xe1069Dbf4836F398D8233A6613B7FECc21b6Be0D,590318
0xe1129c6694e2c60517718de18ba3358f0299ebac,2666666
0xe117d3d94b30F7e7aA4f29704d0d2f43C009b9A8,590318
0xe1197816a9c475115ced3d9f074e74082cb19574,23036649
0xe11A1760c342b13EED17991B936cDFdCF9a0c00c,590318
0xe12bCddDB9e2B59EF7cCcD2B7084d16dad200378,590318
0xe1385eA3cD4AEB508b2B8094F822960D0C968505,590318
0xe13d7fc3C7B8c538DEA1178A7f81BC26942De639,590318
0xe143e015446cbB3094593d408a101BEf92Fc27aF,590318
0xe146AFeB88015573b0A68758A52D32720b114D7A,590318
0xe14ADCD75892b6B4fC7C89a54aFa95FdE3e9DBda,590318
0xe15E365806Ed3b2570455782dBEc0B450354C233,590318
0xe15ed178f6D901d1F7Ec5d82062DE2eB5BD1E7B0,590318
0xe163e1Fb8a8704f073e9424dfb8E27476a8C04fc,590318
0xe166F96f6e3Bb3805B5c349a7E6b2B89caDC97e8,590318
0xe166ad24FBa94139C31669e42767b640D97D93C4,590318
0xe16c0E1Bf3B75F67E83C9e47B9c0Eb8Bf1B99CCd,590318
0xe16e8f94a4fe9ae7fb3ad6697e5c57ce42d7b602,25703315
0xe171c97b1d67D0104978BCfe05DC09fa568F7a55,590318
0xe172677c8d7F32cF5DF83a4216C00E94CBE37bC0,590318
0xe178F335175Eb9572872F099fF4ab2345F4fAb85,590318
0xe17997bB3795b80189041E583A70C48e48681c74,590318
0xe17a0F0ff5cfccF7f74E3978E25D638CB9E8CcA3,590318
0xe18359CcA41741dC639db23070a83D02457abcdA,590318
0xe18835767560fFBd17a57A0e48173Bc336813648,590318
0xe188Df1744e9fCbF51d29C10ec8FE118169010d6,590318
0xe18Cd62fA96c231C7A830B3914C2d0790ee9a44c,590318
0xe19F5BD652f1894B9A667b2A63b98fF4D705A1F0,590318
0xe1B5f376AA20FEd2D30C8c4b82740fBd312Baed1,590318
0xe1B793a62E15002C5FDC643cC4Aed9A0647b66cB,590318
0xe1F3bD4EeF86973c07A48A5bcb3657CCe22dFa05,590318
0xe1a5ce7ab683f171eb55520827f558d6086aef22,8000000
0xe1a92c20adeea51b2ba3af83e051377c3e59c212,2666666
0xe1b4Cd52047ab0225b7A3FAB3FB812e2a10a40Fc,590318
0xe1e4d35a7d5dbe5c06f76acb049717cf86d72de7,23036649
0xe1f63D25da70CcFF29a7d49fEc6bEa0105549d3f,590318
0xe209E491d84Cc7A76926245dcFd1C7DaF75Bcb75,590318
0xe211c06c5bccfc3c97fc2825d428ffc55bd8db60,2666666
0xe2143c0702f39fbf95325b97eebee23ea9efbf9c,2666666
0xe2165a834F93C39483123Ac31533780b9c679ed4,590318
0xe21B1D386CfD9B799840030301897853e8B9372E,590318
0xe225CDeF3C2CC0A7772D3Cd8C362C20C3e67784E,590318
0xe241bedb5a6270C5a96219a52f59c7c3690ae924,590318
0xe245fCabf0b2B951513e92Ce17A56CF5227e2De5,590318
0xe24ab0f8d434577199edd1452404929a56f098a4,2666666
0xe24dd18431e881bc253b6ad29917e766cedba4ce,23036649
0xe2558e5783274B4e7514aD6c5581b25Fee928952,590318
0xe257d772917267e0f0adedc20d5e690dc35025ed,8000000
0xe25b601e2B7D2BCe0ab19b587ab2A619E5043A7e,590318
0xe26052a3CDCDcc95CE8B021e6d6612a3b83033e5,590318
0xe2699b4b94665ef5bc0bd7363c4fea91e2f8ccc2,2666666
0xe27f4Ce5195c9F72fE878b80b07376ed8648C668,590318
0xe28f5efd87bc0e625387935b40c9dddc37ae35e2,2666666
0xe29300C00618DD16C9D332f899B71F4362Be6B1d,590318
0xe29DaaFd53648c89DbC2c24dd68ffa236F07C7fD,590318
0xe29a293809b4f212FA6a880df7d9773926f40ac4,590318
0xe2A296b3d3AD4212b6030442e70419ff7B82FEE4,590318
0xe2CA997c10Ea595507c057Ce223f0Be61649557c,590318
0xe2D5A59f69a2012F7F2DAa300c33584177a60666,590318
0xe2DE1A1395FCC3b20D8Cff07fDfC41ebD0b03f98,590318
0xe2F638Df335562CB3A68581D5Da12377EaC877a8,590318
0xe2c9acc92eb019984484d236f74a40779443fc48,23036649
0xe2ca7390e76c5A992749bB622087310d2e63ca29,590318
0xe2cc1d51c431864bd22795636cf8aafD1cEc9e94,590318
0xe2d43ccf2FC2867F8ef6244B4B4078c8C74aD8f4,590318
0xe2f622966baba4527ad6526256c23dc8c2217077,31036649
0xe2f6659e0209C3f79132AbDEB95abEBa0f1f672F,590318
0xe30483492F4495b67b4a4Ce544a4EbcE0404f098,590318
0xe30e64b35bb0ccf380554ab48047327440840e21,2666666
0xe30fFf38a4C8ebB8AD28B460601F4bFe1ab18502,590318
0xe3120F4510f05666592d5864B0cd9b2a1A139b0C,590318
0xe3129de64187aa74246a4334D49bfB17C2cBD178,590318
0xe316755b714ad085b0721ce3f9ee27470cc8b723,2666666
0xe31B3cBeeBC18509e304B933467d50a91D70583F,590318
0xe3265cc845e1Cb6fbAe2DcAad828C088b8f63573,590318
0xe3292CE7cBbB9B4B81119D638ABAA2519e7A02aC,590318
0xe32Db96C77BBA9d4a7456b159a72B51B36e8c1d0,590318
0xe32bC32e6C6DaD0b2FF3Fef9A16B3178491a042C,590318
0xe333F47ecBA080299273232C2957186c373F5C8D,590318
0xe334931c4e8b2A314baC3304d466E3F800cb5c49,590318
0xe344c3d419B7788006ab5aF4355E03b04CE75579,590318
0xe34dd152aa3286f8a65890dde572c9a9847b9f4c,2666666
0xe3533AABB57140a4FC17865C6d2E4e33972E428c,590318
0xe35F599EccA31Dc4a98783D13ba35AE163Bf0892,590318
0xe35FB8098Aa260Db1C18f2bc3d2d9bDCf1c40529,590318
0xe35a4ee8b711530284ec5d60bd6288585f346bf1,23036649
0xe3672Ddd7Cf52Ba8D5F4413E7BB5bbb5e7dc0EFD,590318
0xe36898E8E3Cf6Cda3B1bCEf263f783b489BcC4e3,590318
0xe3704239d655434834b758970461b72FC02ea785,590318
0xe3789d8044f9ccad7b70f9470d0d8116b9b39fba,8000000
0xe37a905b79d2B1528c508fCF507e0F3DFa92D50a,590318
0xe383E214bd4B32a9Ef9CF688eE98976B57f6c9C6,590318
0xe3916216414fcc065E7427408e2A980AFFE893fb,590318
0xe397bA68483Fb1a90Da07998D215C3a720bC9117,590318
0xe398ec93131e17388c211f9ab198c58b1be4061c,2666666
0xe3998beDB9bb3af326Fcd55ec016A2DE843B3fbd,590318
0xe39CF13302D3A0b5fDcbC7567021B148Eb779E47,590318
0xe39bD9e3AF2054Dd193B0D0217CFBD460f104902,590318
0xe3B4f4826EA41E79674AE7d26c5754f7bdCf7938,590318
0xe3BE141Fb133e2F12e6D48388e75223410da23aC,590318
0xe3Ba40675e1F98B6CccED86e5A902CB3c745Af53,590318
0xe3E182bC39951F99AF86d8CD0c42a4B7C4CD93F7,590318
0xe3Efb4C974faeE15141E00917063e5039DF1E342,590318
0xe3F0261D8ee5A21F0bD96D696154622D0358209f,590318
0xe3a2A959ec2ca7195aCe3258cB539f4e668CFAa3,590318
0xe3abCD85AA20279297ae52552758D6C4878c5d0C,590318
0xe3ad1b151f4bd39e883f836322287f6bf275f68e,2666666
0xe3afbe69f2294cbd6f05fac26453df21ffb37201,23036649
0xe3b84986472f7fea21e7f7b447456160b304d2ed,2666666
0xe3bA64e699f7Ca30a10276428Ea7D1a809df7906,590318
0xe3bdAf2139673A676591a6D7A542A3fFC205E666,590318
0xe3bdaf2139673a676591a6d7a542a3ffc205e666,23036649
0xe3cbf5A771428DEDa8e2170f065Ad35810eEc4B0,590318
0xe3d18aEB415f40ebB9b2703524600F6322D2B50E,590318
0xe3d19966253a41F14910c8e232E93eCC5F36Bbc4,590318
0xe3e26bEEA866Dca574BC8beE59D704098c807983,590318
0xe3f107d43bfdbe0aae47e10549c80a83171c2038,8000000
0xe3f3bC22382e0edfDEDACb5e4a89A5418432fd07,590318
0xe3fC6eCeAe57eAFB9C2Cc6C154382a804B6e9908,590318
0xe405e04944b3731D947776b24976554AcD7666C7,590318
0xe405e04944b3731d947776b24976554acd7666c7,23036649
0xe41827a6a38417a837110e63E518C3BE6BF57Bb0,590318
0xe41C690271C7370E6bceCBD43Fbd0bfe7eC2D20E,590318
0xe423AD3CA0553b4b2be9656bA8dF5Cc42346BBb4,590318
0xe43A8b334010D2864a3Ac66c9CD8bB674D595030,590318
0xe43fd40419971D4c9B65CDa69fd65303fa63a5bB,590318
0xe44064500c662d2b5b3f414441590b0b7dab7e9d,31036649
0xe44262140d8c3931c71c076fdfbd5746b7ebd9df,2666666
0xe4432de0967EeCe6C2f7Bb5D2a8D86609a72F201,590318
0xe4509ee22dc3ccb2892ddfd322db1e9024f0652e,23036649
0xe458cf2c8268fbf4af698440d4c76e6a2bc81b41,2666666
0xe45BAEfAA766A65DC160e250773Fb68757029145,590318
0xe45DF6e2A276Fd7a3CDe4C7de2F666Ac4E8FC30F,590318
0xe45F6e7673F5451360ed11E05Ce7913d0104a432,590318
0xe45c970fe900827667E123685287b443b5d938Ec,590318
0xe463D0148f5b178841E101b67e7038692303234F,590318
0xe46C961767e86137c5958429698305176eFBdE68,590318
0xe478476d9B98C9c5B55A6067F55ab9F978ae15b3,590318
0xe480d6de1c90d7B74B397F28F4e466a345E68A63,590318
0xe481bF68B259D325D14b19BF89f108EE7B6b8758,590318
0xe4873b70B8D5911e83cCFf39B42Fc3FdF77FB2E8,590318
0xe48a91E129f5aDAc3194c46b8dBB0Ec074E166f1,590318
0xe48fE6012f97b6A13C0Ce5cEF314cAF66E972deB,590318
0xe494b53f90c4f6eefc08183003968515bda45426,23036649
0xe49506b8c74Cd829f0BF097d605BaF4C22f092aD,590318
0xe49f3fE36e9F0deb648a70805015Aa899402ffF8,590318
0xe4A86c9505280b42a141FDDE46Cb599C7fA77F49,590318
0xe4B05bb398a1d0adE351C73fc70FC304e1afEe58,590318
0xe4B77842E0d992F6358F0742F8c2cBe955b8839E,590318
0xe4C79550b50df46b76bBF773757d822b38d262D2,590318
0xe4C880aE7Ef935C49b80BE3B020d580b1FCF557E,590318
0xe4D5Dc313E6825C973741336C60E0D3ddA283d2a,590318
0xe4E41f2274e8F04E2DCB2bE424781E679Eec8648,590318
0xe4E7049f3d04ea7520201A4B80026eaDcf2e2D0f,590318
0xe4F3b960970E42fc5B335d69a5C622c3Bd3089C7,590318
0xe4b420F15d6d878dCD0Df7120Ac0fc1509ee9Cab,590318
0xe4c64ce63d4aee584694541ebff89be8ac555091,2666666
0xe4c880ae7ef935c49b80be3b020d580b1fcf557e,25703315
0xe4cB78754D394DA94d370b41EA1E02b29b6174c2,590318
0xe4d66Ed9f6A03c9A08A94F74ee755c3394511Ba9,590318
0xe4dB2106d1703F98Df53D5F578E2E18B04A0fE09,590318
0xe4dc056A6B7de6b27F8c0344d4e769F27E04995c,590318
0xe4edc2790F4034e1AE67a6fD7f55039Bb2A295d4,590318
0xe4efD359b6580BdF13393EeEf57322DA35881CE3,590318
0xe506Cf9DEfdD82723ce5B3ffE425DECdF78A543d,590318
0xe50bE01B8Ec20791dD17e516aeD56Cf17c5F08fD,590318
0xe50f414e24e4132Df617Bd74Ea5e04bb9364d181,590318
0xe513F0A67783e611Ac5C4bDB9c07D0BDAc195f5d,590318
0xe516dD1DbDF3bC7a647F8E1995a81BA3c96Fa32f,590318
0xe51eAF4Bf89e9C60045fE3b971a13ad9Ec48eB5F,590318
0xe523875e36efd18a984cbada6c2382fa3ab2ef67,31036649
0xe524f93E5dAB234DfA56EF67F846119400df8cEe,590318
0xe526f1202D77D53dAc6fD3c4bfD31Ad9ba1D8c4b,590318
0xe52a4EaeA658AB94437165CacA01a37A64c0f18e,590318
0xe534a117e9d330518d4b49b1a01eb683851f788d,2666666
0xe534aE8b56C2734356FC38ec14A2A4ABDc26BEB2,590318
0xe53ac91891040b73b668cEc581Cc5CaEE2e2C33F,590318
0xe53c7424d33afd9eef0485a145e57e368fcf3bc9,2666666
0xe53e89d978Ff1da716f80BaA6E6D8B3FA23f2284,590318
0xe53eE538B6aD601Fa384C00DEAc8D07FA6eeF3Ce,590318
0xe5469737527f04E144eEf311b14d530DbD07866a,590318
0xe55949816d249f304F58A12E33DEe39D10eD7E11,590318
0xe55baFAbaD887EF39ECc74AEe4106153B5088Eee,590318
0xe55df86558341d939b7c7efc4bf3925c38325bb9,2666666
0xe5639837435cbbbce506Ea8e9487A01f76D05564,590318
0xe568ca143592DF06A7EABfd4d9D563F1289dc607,590318
0xe56BC0a9285B5b9D09d7BAeD499009C246F9722d,590318
0xe573b59C0fBaCf5DcAD792C95333F29ce1E1156D,590318
0xe58187A1121902527b1263685AfF1c466ea2b7bD,590318
0xe58815264996bb59ff41e5584c26512d744ca7e8,2666666
0xe58Ca552e5aaD3b88552223B7DF934B00093Adc1,590318
0xe59189AA1b6DC70d0E21c99b717Dc661bE9DB493,590318
0xe5964fD10170C8291CF97552284D995a006E67aE,590318
0xe59Aaf40b77e9e07E18Ed905EF963302200b309c,590318
0xe59F4C12718c5253E0f4074b4B29B76FfA8A316d,590318
0xe5C71C71694Ff27d5F3b8a1B1E24A6dFFA0E6B3A,590318
0xe5E98a2890CEBC2a0D3EcA64a184c715714bd231,590318
0xe5FacC5C7db18197e92093f2acef1D778627492A,590318
0xe5a6E3ac692b339D25C58B9dE787cA4a4047acE6,590318
0xe5b99271df784e5347d06e9afe0b63ab21ee1757,2666666
0xe5bCb3BeAAA7FdbF8c8e6Dd1454311EC2dF03EbD,590318
0xe5c4f6676b16212019174f7e79ca58d3663c9713,2666666
0xe5cB067E90D5Cd1F8052B83562Ae670bA4A211a8,590318
0xe5d5a63967786d54aea0f80d75d491037233f7db,2666666
0xe5e032BD84b98d8c5B7D3cFf72a38650B2F6Fb15,590318
0xe5e0549a5F8DDd4DFac542580EC05Ce52bF4E6f8,590318
0xe5e6ee25986549A41a61Ae31080719d6dB316580,590318
0xe5e81625cAa2257a0A67E79628F8C61703f5071B,590318
0xe5e9FfE707Ee071998340972AF6fb178f5C64bA6,590318
0xe5eb95a67FE26D40798471F357DaD7F31EAF453B,590318
0xe607Da942c20336a2A7Bc5a56488B86aAD2684ee,590318
0xe607f29c74C988579a02A34DB706b99d37B2666e,590318
0xe607f29c74c988579a02a34db706b99d37b2666e,2666666
0xe60CDA76A55Ceb62CC90DA25819de7aDc6a1B075,590318
0xe60b50eeB13d25d7CA229BaF2fa67aF28c93b020,590318
0xe61121DD5692C97f02504d2c01BE88339a7a73c9,590318
0xe627552C6338855983a147fa5235E5D92a3C2891,590318
0xe6345C7C6781A47C73726290D3C84e39D92aCa65,590318
0xe6366fEe8AD88AdDE8F0060c076e41Cd836C01f5,590318
0xe6454902615ad7abdd3439791da0fd21dfdfa45b,2666666
0xe64ae0Bf96E30DF36E16610Fb23aDADF2E324974,590318
0xe655C22E88C7443F2CC1D76d6b83eb6bd2b15013,590318
0xe65C45ea9Ea44F2e0036e0B84d079bb19a0d9Cf0,590318
0xe65c56a11FD4E155B9471d1c65Ef6fAD0DB61E92,590318
0xe65dd4EF0Ed361B07D71E83616e272429BC3537B,590318
0xe667a4193a4f1a12f5a23f85c56699e4a379fb42,23036649
0xe66d5D2158CbF77bFdCDB2131D5eB8FF50046D77,590318
0xe66e1E9E37E4e148b21Eb22001431818E980d060,590318
0xe673F5e474dBF76A1230FEA52e8e58F4BACa151c,590318
0xe6787a6eA1C9FaA825C26640ccA4B43C3d8b8d95,590318
0xe67e13D545C76C2b4e28DFE27Ad827E1FC18e8D9,590318
0xe6826E81705a5c6c7C432073734eEB57164665f3,590318
0xe6841a7e9ea41459cddaaecb58d9f5a442f568bf,2666666
0xe6882e6093a69c47FC21426c2DFdB4A08eB2dEC8,590318
0xe68C37042345F5BF0aEbE966652Fb5CB81E8E655,590318
0xe69214c3bcee5bc43b99214b3e19b4008466cd2a,23036649
0xe69883a960b5784B32fE75A6dAB33b4764d5085D,590318
0xe699b19b813f601cd4e2db79d6a2c55aa9d8b02d,2666666
0xe69A634A27A0cb65E755a1bC031EAb8c582B338f,590318
0xe69BB64b92bc856BC53aa3745124f8c855dF07a6,590318
0xe69C298e23B2C2C195126b67955e42AC3C99e60A,590318
0xe69eE97F0fdD1007C9F54370d4aa0e79b2956172,590318
0xe6B4cd8D3F0DE86836f74c9e6eA24325219F2347,590318
0xe6Bc2d98fdeA748C97a75bC2383FF817FD8998E9,590318
0xe6C12c7dede380a244BD64811b05bea9a37dDDC7,590318
0xe6E7961c8ef7B1c211Cb86CAfD8e98D188015047,590318
0xe6Ed11c2C460474AbFEEd978b652B00f689aa97E,590318
0xe6FF540EF61c0e041472933a05728420a03EeDf2,590318
0xe6a28717e7A977cc334b2a8Ac2a844789B5d8023,590318
0xe6a7b46A6288D6f939674C4652cf1C2BB9746e2E,590318
0xe6b0c575e171a2b4e7d67e7d32329c1fea4fbb22,2666666
0xe6b9f8574d873c4cf0bb67ff048dd964c2131adf,2666666
0xe6cF807E4B2A640DfE03ff06FA6Ab32C334c7dF4,590318
0xe6cf35692cCF0d5bDe167ebe744dDDfdD9860fb3,590318
0xe6d25F383E463Ca661487C0d9bd8039eD12Af97d,590318
0xe6d6a35091f1ed8b5379ed59b33abcc737909e29,2666666
0xe6e1eec71136cee8d58a29f6b0791fb276f3b683,2666666
0xe6e4a85b587f60f73bfcc1774abe9813a1838bb1,23036649
0xe6e6C0ddF053822bbbC1F39218F30EA25FCA58dD,590318
0xe6e6f3B0cb7aFeFB44811E9213ED9028014Ec0D2,590318
0xe6e9ee8f1f3396f63b3866e3bc0427da46103514,2666666
0xe6ed172ceF2F3B07CE579193CceF9f0C58363F56,590318
0xe6f78dd74361162049ece35ecaae9eedea020bc2,8000000
0xe702434D5874766C1a2ae4bdF86dE865c95a3c8A,590318
0xe707ad291d233e93d26fa31e556471d847ace987,2666666
0xe70c53381bb4d8185a69fd15c10e0c3cc5cdd312,8000000
0xe71518881e0a5d6998d488b217428de3fbaed71f,2666666
0xe7242b9A17fb734F401b6af83efA90165a9d7b2D,590318
0xe72a02ec766cb308858d02f6fa601d547e07dc3e,2666666
0xe72a5b08159b6970caf1cca8965af3b2c4f775fe,2666666
0xe7347d7f75b73f2aa632590156c68f2e65811207,2666666
0xe7365a7b1C21fcCC3be9Dc36d4F91d5d65BD60B0,590318
0xe7368221de15a7C5e0a50A95317B06E6d08C3861,590318
0xe74AB508D64bC41b1fB2c174cCCE352010531590,590318
0xe74c05244865995e244355c6E8Bbd8C031682333,590318
0xe75358526Ef4441Db03cCaEB9a87F180fAe80eb9,590318
0xe7552A293fDb4dd458ea206e3946f6f8d0e2d371,590318
0xe755b6f4bc4e880ba313718e71eeddc3a027ac92,8000000
0xe759e8409b08b206adc9111f23788796ace1dadd,23036649
0xe76046ec213c5c78dab5346d48fe4b6f7652cced,23036649
0xe7670fa6572259675E1241e8e0cDBA7Ca1c15913,590318
0xe7671E0Db97aA467ec64698abfCf478F203B996f,590318
0xe76942BD0F3dd8D0995c5B378Ee97E2A8793ac46,590318
0xe77a035621f29a1501735aA05FB308671E7a243E,590318
0xe77a035621f29a1501735aa05fb308671e7a243e,23036649
0xe7856ec5Ed5efc43AB3f2664c39a4ed9d149A601,590318
0xe78A546D91e1aa08E80D13c3fF8e7AFB23ceF3b2,590318
0xe7948B4D7AF4881d45D211809169845b91DBe14d,590318
0xe7B08B17051a389Ce4C430AAB3848D81A9AEBd7F,590318
0xe7CD9a570B8408761eECdE5791732A9B6E024963,590318
0xe7Cf4A14DA2d4a1139dEe440a75BA8cd33BF8852,590318
0xe7D0919aB42D3859B1069836d2c01a6153274Cd0,590318
0xe7D955cBF05fAd4944607b809d09E11E85717466,590318
0xe7F21e386caEae26c4E273879a3F57b1154a6D79,590318
0xe7a32872c3efc9be3e15cfad90a3afaef68a1f9f,2666666
0xe7ad1eea49b3d57d074c018404752473a34a35a2,2666666
0xe7b03B580BeEE0770e22181df63dc0ED72Da31F1,590318
0xe7b03b580beee0770e22181df63dc0ed72da31f1,8000000
0xe7c1df1c870d77808e09bfce3985a8607f37d6e4,2666666
0xe7c2A9fBe96f393D0D39d8A11Ac7603B9ec94117,590318
0xe7c3A9F51Cf6c83dccEd0774f6aDbB63e6C10346,590318
0xe7c78fE26f2D27bB0330C7eb469022a91C17A83e,590318
0xe7de9e3edc7b260fb23316c5383e58848acd0bff,2666666
0xe7ef10258ce06b85afe86a88fce89a8b92600f5f,2666666
0xe7f2233c9d74be79eaf495a6c62f3cb680c0a03c,2666666
0xe8000D31d9Aa52E5C3080B10daeF14F76Bc2c5Ff,590318
0xe8068baf55CDe8ECA948B021C9A77272a9160E58,590318
0xe80Fd7A82D4191717B43E7316359a06EC9A6A7A0,590318
0xe810BDA3a2ad442dbF9f15A6862A1e577815c8ae,590318
0xe814D6C63feD6E36bc3522bd761Ac71137F896A5,590318
0xe81d571Ab6E096Db119e0d0936758Fa172A50233,590318
0xe8260948cc970a50f8d5A4C04cf02108F0affb16,590318
0xe83105d4E5b144E388d7D35c65c44E0da8c8016f,590318
0xe83c3c9fe61ad4A8335ED8D971D177A0659F32B8,590318
0xe848ee64768912cbb288c6e36fb74bbcc6d309ab,2666666
0xe849f356e8214AD776C64588220c3fc8428D11C6,590318
0xe8511feAED3cd71Dbe4f2F7A4550E12185D8512a,590318
0xe8535cDe06acB744ee201f90aA148480fdC00e7E,590318
0xe865170077d1ea5c094d271bcc23ddebc563304a,2666666
0xe8665BDDF4Ba9E546AF7Aa846634a0b9a76aC14d,590318
0xe86A383f599eB082F0Dd6187dC144E22893220F6,590318
0xe86aD01212Bbb97Ed85e117A5eC797123957844B,590318
0xe86d3550Aa8C0f9b5B7F23A2486Db5E93Bb15519,590318
0xe86d4e36124eCc84760CDC2Eb2e0E7C9728C4FF0,590318
0xe87176Cf59c67eABC5Df3f5F26b13F307bb9186a,590318
0xe8750a5b84ef31886c45685400bdca13e867e66d,25703315
0xe87c851A79D6b0ce84DF3e7B65C00545de5D018e,590318
0xe87e89fb1db8f3b8440b42d6a980febddd7e9207,2666666
0xe8818b0727178bbfa5b2b88a4fe9198677b444b6,8000000
0xe886599dDd4D79c1aA2865990B88DaA8D2536bC8,590318
0xe88F0C149a1C9Db6D42Cc537b2D8786e6B9Bd8a3,590318
0xe8904f9D95b4Af94de25F96e73E07E7DA76f6eeD,590318
0xe896E49B3219e5A63191Bb21C674C99A124126CC,590318
0xe8975142fa65150f38bBDec426Cd978F9d679196,590318
0xe899E446F6F5872944B4a6d730Ad284f052e8639,590318
0xe89FA204336854cE985CE905eD7ce217cDB5D817,590318
0xe8Bb1433d586bAbeffF79B63601A488a0038f641,590318
0xe8C89dF080a5DA394f9CbF1ae79034aEd51210e0,590318
0xe8F13027D3E352D4E6D5Ce4b53De669f2fF2cFB0,590318
0xe8FC1e69820b8f25d8a2Ba77Fe91A160Ad611122,590318
0xe8Fe03Ee656c540D37B1a319094c346bfa748ee4,590318
0xe8a204e487A026C353cB1438C8D43aAf1e47D644,590318
0xe8a280E6b5213E8Ccd6de4Fc4B50911De749E551,590318
0xe8b9074B7c022FD0B87f6552184d2466B267D0Bb,590318
0xe8c4170F68518c3b6BC3c6c9b33A071beA44E569,590318
0xe8c7881Faa68bCC9DAd7681d8E9b182453c4D6Ee,590318
0xe8d70a34fae66d1ba7c673d28751422ac5b21b52,23036649
0xe8d89110c52dF4cA33e75e060e3C72dcBf6C8dda,590318
0xe8db072e7417092F6c3AcDb668A6043EE13CF84B,590318
0xe8e03821E3Ef26221a9f95998283Dc36ea08aD13,590318
0xe912caC1a6641004a8803687Ee7699227Fdb0550,590318
0xe916Ad4CE7A5558e84d2924D13Cee50299c02446,590318
0xe91A50FB0Cd0c206b284574c44dFCE13B782F439,590318
0xe91F0085F5c3e67C8Ebd5c8f6E7f4d884452DBAa,590318
0xe92CF315ee043C682a6f5b62e9f94ec91088642A,590318
0xe92cf315ee043c682a6f5b62e9f94ec91088642a,25703315
0xe930726f7C6aaB3D02457f037e7193835fDa0b0F,590318
0xe93332804b661a954a25881243c3649287316808,23036649
0xe9386A38D2279DfA3B39A85F23fFF3c203CEBAac,590318
0xe93FFe7386BA1199D599749674763715095bCFc0,590318
0xe946ffaADa8bA4160b3265656C6c8B0c8C1C81b4,590318
0xe94855568f97135bb570619dfa1845e07c16e462,8000000
0xe94B661E5BEb281D39954A7FCe5D1f17F01f02AE,590318
0xe9552E8C1337E109Af772762906822C62C2deA73,590318
0xe961197B0f8EcaC183d48804b18DABd807b19F3D,590318
0xe963cF6c3d38A2e19b1Cf7e40327727CE65A488B,590318
0xe964488A4b832aB48702A453309CfA7BD992f40f,590318
0xe96D8Fd9795b7ca485AF87393D82feCcce9A1A94,590318
0xe96b579fBDd103ba33A2418CCa2C11238F624C99,590318
0xe97188ade6e20f807c01fdbe8c2730235b6cc8ab,2666666
0xe9873814C821a97F5bFc7E504A162F51c20e8F56,590318
0xe988a2b8bd579c9fCA022518389746EA1b100956,590318
0xe996018f502D2B908B69309aCdfA12C05F607c34,590318
0xe9A6c8536B0D845AC4DFB41DfFaD32BADD0bF299,590318
0xe9a5cacd76bdbad3f7853338d7c6727148db1fdb,2666666
0xe9b03b9efe6bff4b05ad8c22a1ead469be12027b,8000000
0xe9b95AED33b899870Db3dD936788eb942570fd09,590318
0xe9c1c55a0c24dd5a08548a812b17d1d28e534279,23036649
0xe9c2D3bF3A898F700CADE5f5F4a89A5E5756f4E4,590318
0xe9c9aa20f22e63e3cc8ba8f5e1d90bf3e44c3b16,23036649
0xe9d1EE843E363b9836A0A8dDE3987bA8337F1229,590318
0xe9d24D8EefbF6Be496Cb3a7725fC6e6cd85E91e6,590318
0xe9dcfa5518616712495620ff22804e4bd19f9c86,23036649
0xe9e7791a5f028b656B93A45759b40BE68813c812,590318
0xe9ec0Bf9748A9613ADC6e0ea575e325cC9365eF8,590318
0xe9f2183ccd1dea65d953fa2e4ae00e80c9671483,23036649
0xeA1B65eD18C073C70427fda1A26176C2C8aE9DD7,590318
0xeA310C966D3Ff5E09c65487f1763B21361Eb71eF,590318
0xeA363d45C14fb8785715A82e04F5f49C90d717A7,590318
0xeA4Ea3Cf21C63E2d201b83b20F029D67109df70F,590318
0xeA564BC3c94d486891FF954332aAC37bee87B410,590318
0xeA5BA560414350c4E68B5D92A018026AE69397A1,590318
0xeA96eB430387Dbb50f0f9d79cA97F80ac43A4861,590318
0xeA97ad60af7637829aD680947aD280Dac2a91f0d,590318
0xeAAB04445a374B9370B56296393A69b31CABf6BB,590318
0xeAC1f6bd8339B9DC71D08beeA14EBFd454183640,590318
0xeAa3fcE9fDF74A3c48CAC4C1a81e08ef14027901,590318
0xeAb16dDF516aE065CE93a0E8A4e415bD5028253e,590318
0xeAc52C518688110a5D45C4D886188F56029BB6e0,590318
0xeB09C34D8D4C2d56844BF95f3a77B9BF58c54cC0,590318
0xeB11B6A14455Ccd832C2B157CaA7Eac69f02cA12,590318
0xeB437F4C1cBf265976d94e768F68acf41ba3c33F,590318
0xeB75A45B99a8698eBC45f24A1EcB57235cC0f875,590318
0xeB788C3fCd60DF7687CE55BB20BbCb5238c72133,590318
0xeB89055E16Ae1C1e42Ad6770A7344Ff5C7B4f31D,590318
0xeBC881fF829FdbEB160FbE0AA135e4b6a81a00A6,590318
0xeBF02C6E12c3eE119aBBA161C40BFEEaD0A06B15,590318
0xeC29F211eDCBA8e2A93CD96dFA9678A6E8d4f14d,590318
0xeC2D4d8880F767a61Cbd9aCF13f58f2318558a44,590318
0xeC2c09e20F325bD8609e584902ECF5399fbA31dE,590318
0xeC3664af186f0525973Bcaa311A9b9AD62167D36,590318
0xeC3a2901a8A24Ef2Df66A2Bb15b33f4704A3BfA7,590318
0xeC4F9e98708Ef1cdE2DaCb22921e0f2975566B8E,590318
0xeC572C0FbAdE72E7d381eB54D7706Dc41E5d385b,590318
0xeC5BaA568C5e5B7aCf9DA6877234560D1E616E7F,590318
0xeC82fA0B5956f0FE2C4Ab4dd12B4514127787350,590318
0xeC8501D13790E06441705c180a78065534c8360B,590318
0xeC98d934F9E9E0eCd00b4AF903092b6f14EA01f2,590318
0xeC9e0FB9Ac1F0504Ca29C86f82Da98DB89579e54,590318
0xeC9e512fE7E90134d8ca7295329Ccb0a57C91ecB,590318
0xeCA4Ebb9dAe94ff45B74a9ab8b816f4477aB2B41,590318
0xeCC465d4bfe34bad4a6e6019c463443aC3Df688B,590318
0xeCEA54ae1F9d105164d7E81f443fc97f74977DBd,590318
0xeCF2C5Beb58a90E0211751444E072DbD9B7050De,590318
0xeCa49119Af3EDC7B07A13791FC103E3119880D18,590318
0xeD0087B28b00B92C5c7767B1dDaB3095762150CF,590318
0xeD11eA3E4a7C86010A7e8BA3b9d8E6B710ECFb60,590318
0xeD1fa452Db8B653BADf161d1862945ddb3923E04,590318
0xeD2FEf21806200a226f245d02EA5d4F57E96Fb09,590318
0xeD2afEcE27A06c86290bdc9d774Ed5E31112b1d6,590318
0xeD46644653a36cA7002289BC80adE6E13364D143,590318
0xeD588653f0FAaD7a3D7372833e7e047619dB9703,590318
0xeD62616a7c1DD354801f4E72389299a81493e004,590318
0xeD66ffC5e1f2952156745c35D944c9bec637D41f,590318
0xeD6d80e75dCD6ecF044fb9707BF85fC683bF3389,590318
0xeD7DF3fA78052060e76b5E12e1f76Cef2BB65d26,590318
0xeD8E4887b87d70341a246b4D7B85413b3003e909,590318
0xeD967e7ceeD3B38E3E6dD06e88C25FaBdd3E0D2C,590318
0xeD98B8D687Cf9E8c7d6D0B07666F99c805AE74cD,590318
0xeDAEaf20376bcDe8F95E362a65b199e07DEB1588,590318
0xeDE9e76352df5322b6aad2473685E92E0f9844a1,590318
0xeDFC41421bD6625aFc8261f7ED3Ec8aF04F8d52F,590318
0xeDe3e7CCB35Fb5A904F9d181Fee7B5005FCc870e,590318
0xeDef252D5985C22DBf0D8026032a5EEDfF9E0B09,590318
0xeDf2cfD0A8da2891eA0f2b187EBa298A366A100d,590318
0xeE1489f640Bf310d6856711E428C2cDDd453215C,590318
0xeE160154b02A2e404c6c13ff0B28Ed76010cf07d,590318
0xeE2d8299b11A044fE0944bCea759aAfA8F3B6bb1,590318
0xeE39F01eea6E8318FA86FA9014b5796FC597517b,590318
0xeE49f82e58A1C2B306720D0c68047CBf70C11FB5,590318
0xeE50e712c9aFA8d3781510D958D9E75681B0e8CB,590318
0xeE7cB99361136D5Fb00d419944a49A2F2667ED4E,590318
0xeEC534A341335588219B096c20FA256B4c2b46d9,590318
0xeEEFc617a9a7E3ab1f8CC2B3c86439D7C9E04f41,590318
0xeEc3d29611a213CB7762c9581E745Aa91f9c53dA,590318
0xeEc559FF00df6B2792114E5336Edacf9d40DC4dD,590318
0xeEf78134664602E37c37d438a49b82f531704e8b,590318
0xeEfE112cfe7d3204eC2681823C3D25057Dbef0Ed,590318
0xeF02B8767BE98A3908BAAf58c20A0f06ddC182b9,590318
0xeF0Ca09fbf9a5f61E657Fb208b46b8685c1d4766,590318
0xeF145f88397f2E5aa64b56Ec49e67e7Ed2644FC8,590318
0xeF2F7a5DaB7d9Caf40d3eF302D1C5deCd402AA99,590318
0xeF34701D1eb295540625f362555E1a130095acc9,590318
0xeF389A138d961EdecdA8A0c2B0F0C94db82909BF,590318
0xeF3cEc76C4f07ba131A37e3171740469E2b07AE7,590318
0xeF5A0dE88d47321FB43a9Fc201F1F1Ea9EE67731,590318
0xeF5A31de1F294D908C79830fdbc680d1c4635672,590318
0xeF71282C4FaED1347Cd2408E488A5e4E71bBD810,590318
0xeFD8E51704808390077a3063B0C88f9311776632,590318
0xeFFB282259291e05060927ec1205E49751a5a97A,590318
0xeFb1263Aa318d12D913Fb23482A4aD59b9a64DB6,590318
0xeFb8B89137CBFFdC0c76b66198cBd04De979Cd12,590318
0xeFeb9212a31E927252A42B87c2E6d2200e69D3A6,590318
0xea0a15b083cF6EB8eA4670A89F54E71Afe4b4929,590318
0xea0ad2fddcb80775b91b87a64dd889af4e8543af,23036649
0xea1D8540713Ca3773B96b21b47244b7709C16051,590318
0xea28005a23da5c657593d86b8c378b2a72ea466b,31036649
0xea2af5588b745A30Aa791748AD95884f3Fc18E9f,590318
0xea2af5588b745a30aa791748ad95884f3fc18e9f,23036649
0xea3fc4319612c86aff518ce0c37b44f862092452,2666666
0xea47FA34e05558e3B960AFCAa3eF7065b7158E8f,590318
0xea4910c621DE23f6F8d74e7bEa04635b47e5eAcB,590318
0xea4cA1fA0d900F429Bd8Fa6b9fc94fE104Ed6497,590318
0xea4e84f81BeAfA8C0004f15d26fD8835f54E2384,590318
0xea6f4A6EdCD8BFfAA95BC38A356E9039210e36C4,590318
0xea6f6f049e97c82cfd9a6b1c9bf3017c6c981b84,2666666
0xea7B5Dc44B41063d1109A697b674bAC2B5304981,590318
0xea84268c60e8e9478eb8b516ca6bcc481a1426c1,2666666
0xea85959cb55a08d732cf15c8ae7c32f6c5345a27,23036649
0xea89351778163b5d35dB848444084BfE90a9CcBb,590318
0xea8b5826f4bf5c64d22b57d324d8c44fec7a345c,23036649
0xeaABdeAdCc1bA2797A8C9f8FC227dE6fd4Eb115B,590318
0xeaAd8799a430CB902C9574A45a7b0018Db10dE78,590318
0xeaEde6b0380808a5eb6A3d22e934d1F41Df6aE60,590318
0xeab77a687aC26fE314bB9ecbb6Ef0Ca2D5f5124e,590318
0xeac9eb6d67b99a59421cd6e653c058029b9529e5,2666666
0xead24712F10F98A0F2a90529c8F3cC028F39595F,590318
0xead266cd319717d60ee1e1ac36b8eced0287064c,2666666
0xead3d8243a2b83b6c32e291936df3a9ef4cf3e50,2666666
0xead7a551da6ba085ee6c523b3afc5f7fabb7cfa3,23036649
0xeaea1945f1c07f2f34d0e28412770caca755f688,8000000
0xeaf825336520a6a5e1c2299307c89192339f5a7a,8000000
0xeb07E9B4E7cC0887E6b0c9Be49c7dbd5B9620Bc0,590318
0xeb0a0e981202428600c013897c7571c64107e92d,2666666
0xeb2d4b7144b05a6d8507b563dacbd2a5fe1e9570,23036649
0xeb40d9c3ca292cca23517182740827fd54c1a7d1,23036649
0xeb431b0c7795e56ec73ceb4144ed4d4753faa45e,2666666
0xeb603A9C1b29f14AD3Bc11BeeE6aF422de1c719e,590318
0xeb68669D321E1459900D83595818cE1313a4d90f,590318
0xeb742E43956E0ea89a2dB6bf6237C79EE4645981,590318
0xeb7739fc75159b9307d67258faaa557ec03b8dd0,2666666
0xeb7742Aaf02c37BA5de2E41Ea13A8c30b469f5fd,590318
0xeb77aE7578d64E20Ed093dE874370CdEf55601FA,590318
0xeb7a1918641b9B429520280f596ca22790D32337,590318
0xeb83E695adCac2e83f290d2d2815FC58e6491d7A,590318
0xeb87C264d6C7A8F1472c6a037de3AFac0Bb966AB,590318
0xeb8DAB938D6829e52cEa842DdC75E24d02f0D103,590318
0xeb91c522d28c7cc0586af6e39a2513e22ebe2fb1,2666666
0xebD0B40D9c3DCD78823E3bcc93418F0ccfbeF3D5,590318
0xebF65e1fFC71f174dd3372D877E38e85D2f4E3D4,590318
0xebaf5aFfe198dB36Da211A4dAdcF1db52DB530F7,590318
0xebbDB01364D03ADF80fC10496cc323af47beE0C7,590318
0xebfd96B294c7eb1eF31B856958B1A9287D34Fc4C,590318
0xec0f6856478acbc5b787a2ae4159daef89225932,2666666
0xec16b0Af9BE0C2f7aEc0984AcA5B52b0844EEF47,590318
0xec274A0EF25390A2Db4cAECcf9435FE1Bc21B983,590318
0xec28edcfcd46f5a7d12910ac30cbf33bab29312d,23036649
0xec2F40549369572861819089794b4fBABd89e9b7,590318
0xec2b44bd0c4b61824e1E8971EEf4Cca9Eac7DcFD,590318
0xec3843E3Bf9dEcA69E875f7D233f30F1bE61C661,590318
0xec49c08760ad59585b9a3c78813307de9f7f310f,23036649
0xec532fBeeE1ed797761D82d934693C78AEB32c63,590318
0xec54a165c402656d09848c75f3ca6ff829b867fc,2666666
0xec6F302e1FD8905428F98D7e086C0fFF8Eb7B018,590318
0xec6b2d00Ed35045A8e1733B3DF2296033AA314af,590318
0xec7836BdCC7481d3450e3f22Fd9a3AE928d753bF,590318
0xec7a5e72dc4f99e189aa05cb8b941abd5ebbf85d,23036649
0xec81A0E78B00EA1363C9dC410f9d4669Ff2BDD49,590318
0xec84ac0d088d7213ae4bb68ccf71D1E3b0aaf620,590318
0xec84bc99d077e534484d8f21ff99ab1ee8741060,23036649
0xec86105Eb0a8fE4F6Bf3c9a726730F5fee4828A2,590318
0xec948cb9950ab432b58ac3d7964c13829ebebb6a,23036649
0xec97B39d5DD771fad41Aa33021A2739e86Bd62cd,590318
0xecAB10Ad869bCAB24dE075E2c2573485D57BC1Da,590318
0xecB4674d0Ee9984eEA43810C2Ef039D3b38fE7B3,590318
0xecC57BBADD1a6F6332dD5121ABd184FCf15aB6e7,590318
0xecE2df3f3db01d1f4DB58371A563F779e02B33EA,590318
0xecF4467fc349c0ec90502C491DA0ec215AB1d049,590318
0xeca0E777d9AB21005648402707AaCDbfC50B623b,590318
0xeca29150d60cb674e22b1de0ff4d3eb5d861718c,2666666
0xecacd874667312eb9562043a1471d79b067e7e9b,2666666
0xece40cbB54d65282c4623f141c4a8a0bE7D6AdEc,590318
0xece638b85A1cC6F8777277E2d3C8E196AA6F3fe8,590318
0xecf8fa864cdc912052a9c5410619ccd0e12451ca,23036649
0xed02b79f18ade774032942545035d87f4684dad1,2666666
0xed0B88246D098E74bA56C0Efe399Fc8D38C1e155,590318
0xed1C90e78743Fa89a59AeDbB5789Cfa95E9d767C,590318
0xed1b0a0853ac1ee794e88988611d637e91d8409e,2666666
0xed1f0b1271688f158abc4e21884f1ca49495cee0,23036649
0xed2208d58ed2ff5a8cb3bf6bedcdfbecc6e579ba,2666666
0xed22fbe31492f247ab26dda404586318cd10f31a,25703315
0xed27eaf3e1bc070a5981c5aa3992792e561f77ac,2666666
0xed28e890ddf2b8ccd051003e5712be31f77837a1,2666666
0xed295750862261971164B44bBa32b0Dd7351761B,590318
0xed2D3a0b0F44430EdfAF97010EfC5e5D728015F4,590318
0xed422098669cBB60CAAf26E01485bAFdbAF9eBEA,590318
0xed4e0a2ac7ac5938f21b08b630d464208c542ac3,23036649
0xed4f607063943dda66a63b24b923d125beb67167,2666666
0xed86531CB8D782a602c807aE4fb59F64B360BE50,590318
0xed8E9e8A193b2FDAe774F6c883473b257FaF7115,590318
0xed9239dca65aa44eeaa77db01536a5fa93c0f355,23036649
0xed9e3372e89c62a04d5c34f29c4d78f937a63d8c,2666666
0xedA26D61dE3fDf0027A213d42367A0D85EA46646,590318
0xedA7133afA80eAa70455dFe85acea5156a4Dc903,590318
0xedcd33a9c1a6cff9a887e9054bb5933002ca13cc,25703315
0xedd291087a51be823618e581aa176454d17f1ff0,23036649
0xedd456dcdf671683973a2c3e62f4c9aae9cf1d66,2666666
0xedd50672bFa71c82744D21E20A535050947EdfA0,590318
0xeddcdf241b5971d0d2321f97c41787f17ba1403e,23036649
0xeddea5c4fd2cd942cb2974760007c7babe0151ce,2666666
0xedefd778489f8b2c78fd559545055c40877887ee,8000000
0xedf859110e4ed198e602b7b422e581ca0c92000b,23036649
0xedfde1Fe85D32AE7ABc93Ab0290A66eDF5E23F45,590318
0xee121998c24381d0ed7e512d8fcb6c2ea67d13f1,2666666
0xee14e10c2b227Ade050d4f9feA5A1cFb6fa96Cd9,590318
0xee18e02B7F994360AacFb7D1220b0dA60e74E97A,590318
0xee1e33029C2104993E4536Be502990284e77080d,590318
0xee1eba1a5daf7bcf50e7407d3d093fb69c65ac30,2666666
0xee2826453A4Fd5AfeB7ceffeEF3fFA2320081268,590318
0xee324c588ceF1BF1c1360883E4318834af66366d,590318
0xee33f288773e6b2f4a7fd012f13980aa3d91ef6f,23036649
0xee346903A6a2dA184034C24cb8517Eb76bB09429,590318
0xee4500d45865C63cE5eDCBfcA755335afAC6E7F7,590318
0xee46cd67191dad48d8c64eb9c5ed8c1c1f329577,2666666
0xee4f1608f445C2D8ADed39E023b1C8Df2197af89,590318
0xee5241c52cffec1714eacd0721c3fe0094e27125,2666666
0xee58a45c88ba506c07ded0e206089f78c2c58664,23036649
0xee619a80a689f2532815affa05d8ed0e717aa96a,25703315
0xee62aA4d37933CFF2642F7D02ec844d33Db374Ce,590318
0xee700BA58D6dc54337b433BBB29e5f691A130745,590318
0xee726ADae0a2872b7c6c005b6339667E18BA0144,590318
0xee766f175bb18a32b014f78abfa57d21f4b3f359,8000000
0xee76f550C3eF5860Cf672D48c00E84aEeA814859,590318
0xee770fecdb7200bbf31d4278fb2a4002dafcc9fb,31036649
0xeeAade81ca6caE5BE1F1C41Ee14D0978c42AEF42,590318
0xeeC0dAa8A087b881d0De4cB5664E6303532c0d4D,590318
0xeeE072349A531CbD66BA9fD1a6d55197a1Fc022b,590318
0xeeb0957101dcffca5e863b45243433d7169e6881,23036649
0xeeb86002532FfD2536bB05753d33Ad65f523E189,590318
0xeec3883a935235097b36Ca66Dc08907405724dB2,590318
0xeec6aae98c181182bf6c97bda4540ebda496d489,2666666
0xeec7b06794d7c4b337249fef46a9171755ff857b,2666666
0xeecE10f2843e163DA285797e8e45078169b68A98,590318
0xeedb264bc9c462b6795f9bf2b19a2eb32321323f,23036649
0xef0F63D3a65BF9da628417e41f282DBcD5E9e277,590318
0xef1F458d8544d69c649f29FF4f65Ffb40B115BD5,590318
0xef1c34344abfa02c246798c223a117da99c09fc6,2666666
0xef1fbaEE46944c6135240e89c0AC4d244aDc1194,590318
0xef386dae65d01186eca981887639f38430cc44a5,2666666
0xef4ac57667e1afe63e7352d1b8b9d41ee0773ee4,2666666
0xef4c9460e940382a8706b2f3556eaa50c58f1e2d,2666666
0xef533206e8dba60811a38758cd00eda4348e05eb,2666666
0xef5645e32E930dB13de73491eFC0F2F31ce309f9,590318
0xef59148Ea59dbf4EB47959c8DBc14EEb3fD6D29F,590318
0xef5CBFD359a3036950Afb3D8d7A739AecB6d7337,590318
0xef5cbfd359a3036950afb3d8d7a739aecb6d7337,25703315
0xef5d3C66B2d93C868701b7104CA876af2efd12a2,590318
0xef70a91f6ce2b99b2bb523d0490fa9a3287df628,2666666
0xef87591f490b8706265b7a4e0a2c47d73332e9f6,2666666
0xef9e79830D4E42c29918411A8AFe4e229DF7adE1,590318
0xefBC83aC5Abc720aCA40a9f5D541fB1659a2d4Ea,590318
0xefD09Cc91a34659B4Da25bc22Bd0D1380cBC47Ec,590318
0xefa7dbba51622fe2b069f662a0aa99032b20e5eb,2666666
0xefafce889e0dc979377fdc7a068f4943f5aa5acf,2666666
0xefc5cc5fd323efcaf41370caaf090156bb49b69d,8000000
0xefdD5a31e79AA08651032C89C791b4bd6dB16452,590318
0xefe5eB0977814945D35c99c66B954026341075A1,590318
0xeffed17302FAa38E6D16C7A15438D7feab00bC65,590318
0xf0009d96f8061411146f19393525349C5F74b90C,590318
0xf002FcaF8a060808ed39D04e6Ff92425080a71D7,590318
0xf00475F3F81fb5AA446A7BCa263fA0dDf963cc41,590318
0xf00A36268b96Eb04CD926E5C5FA585a4B21936cE,590318
0xf00E86a48d61D893f4a53A3BcAf28369ccF4BA6d,590318
0xf01e585b9eb6ad46108227def51cc8657db33ba2,23036649
0xf021a0bef9ce9b01d6162314d2a01a573d8858e7,8000000
0xf02c2D6066Ac001fE84cE830738F16B9D27a1ea5,590318
0xf030B745c0356f68D90F4dD0a36B7CB26D143A4d,590318
0xf033618C0eeEB9342641A227C17D76c799866F52,590318
0xf0362F1eD9c77d2237Ccd961030832B8dC114759,590318
0xf037201C94bF1F6Dad770263F7237538136f66B4,590318
0xf0394FfBE760C225dbC37695E870ee3db6eaEe0B,590318
0xf039554E5E4554A2139FC1B968F62cDe20cB25D1,590318
0xf03f65ddBD423F423f7BAB00D3199E685f9CA7AB,590318
0xf040aEDf10948c1F69249226e22EB4856471a3AA,590318
0xf04405C625374979a8c7FfBbfceDf61281782467,590318
0xf05181360129ff94ea193298c939a444e87ffbbd,8000000
0xf051aFc3bef06215A3b070F821DD60f93C216DD8,590318
0xf05443b49521Babda752Fa6ab8ad2B3eF51CB68f,590318
0xf0585f77BF570048273a2496CBf352A202D39f5f,590318
0xf065295F843874E6e4CBFeE4bEBEE3a66d3d48D4,590318
0xf065408f52fa83f065d509ea415ecc655390966c,23036649
0xf0665d14A7d67c7A08122aED9901cD45fE0D2b79,590318
0xf0679379c4c5C33e9eD0A91C23bC70C044642d60,590318
0xf06e212f3d021842f1C8c2De4b9dd04945717aDd,590318
0xf080adCa1E1468ff1f289b9620B182C010702a78,590318
0xf095C10Eec54E2B9ae78293789b4A13Dc15022E9,590318
0xf098d3D29124eA2e84B9F8440592E1637540faB5,590318
0xf09c860cAc4119C959ADB58fA4ad9bDdF665875F,590318
0xf0A610344c159A7529c6f6e0BD1bB8Cda7B83c0c,590318
0xf0A9E090416FCBc8C9403CE6BC674239Df0a535e,590318
0xf0A9c04016bDAac1389F8A3295f569BFF9590390,590318
0xf0AE4d359F07fb630a5bCB197aC3BEabA4cC2F74,590318
0xf0B606b9d4D8809EB41a744EB19Be23b0DeA74DF,590318
0xf0C5700381e3222D503FF40Ba81F3d8cc917F799,590318
0xf0D2546a8402845d0cf66a7f6519aa29827Dc393,590318
0xf0D6999725115E3EAd3D927Eb3329D63AFAEC09b,590318
0xf0DC1acc7ABFbac9289a9CEfB91E48f51A0F7fCE,590318
0xf0b33Ba19C16F9687B1ee209a401a816BdF1A82d,590318
0xf0b44216cf3ceaa2caa78cc6a412891cc4dd4299,2666666
0xf0b5f4670a793d92980e5b34e91c7025175b06ee,8000000
0xf0b812f9b9505c0E260646e1DB6Bf4170f90dfb5,590318
0xf0b92fE9f24F8ABAA62f62734Bf80fd6e5114364,590318
0xf0d66807004b4080E02026b50DA1d3b214d2b4b6,590318
0xf0e4a991dEab925068AA17cdC86eaA8fC0c665a8,590318
0xf0eaBFAddd5a961FE7c527AB6EB8c3d23c50c4C9,590318
0xf0fCd7b0cf2BaB75FCE630b8915e1ee3CA154cd3,590318
0xf0fff0e3776f5f126091d3bc2eedb67883b43cc5,23036649
0xf101d0886813690d40105EB7D237a55793c0cdf9,590318
0xf118B85923709320519507e1e2957872650B9126,590318
0xf1255681f0DD7359fc368D6326d27D0bd004fd66,590318
0xf12ddb7526654ada0a2ac8b2ce0c9b8df2bed7e6,2666666
0xf13505C0aDA30905B228EA4f543Dc2bc4B80f899,590318
0xf1352DD80beDBA369408d369fD13e55e916389Fa,590318
0xf13F7bF69a5E57Ea3367222C65DD3380096d3FBF,590318
0xf13e4CDcc44093B889aeB296086975ac9F8d7819,590318
0xf143e0aD14a0276bED8730903Cf0235c0b84aDF5,590318
0xf144566254AA6FF229Da9c36fa3e86F92b8740B9,590318
0xf147fD78b7483957Ce6686CBeb63CDaEBCd1c386,590318
0xf148d310ee342cd1A8ac15AFCF75BA7a7F6CB9Fb,590318
0xf14Be72ACba3BeCF3B6F0FC014F49e54E8511358,590318
0xf151518cb66bae23ec53d0a8c115d6b1ddccb8d6,23036649
0xf159571abed968c1f95825e4d3f5cbc66fba72d3,2666666
0xf15e938866E53181435d883C187e6719F89C0e9b,590318
0xf1692CCA4851f058D2E809ABc6000f3Db6b4C725,590318
0xf16A5fCaE80cEac739Bdc7CdAb6a6D85b299E5DA,590318
0xf17017dD78887f7A6d03a81E36FfBdF67eac2B8a,590318
0xf17d615D80062cD3AF798Fe4e63E3989775f9305,590318
0xf180e05A45EA3B114cDc940ea8Bcf157e20da972,590318
0xf1863ce0e3a2a70b0f01a09a90248d5d1815873b,31036649
0xf18FFC5F46f710e8EAf32edED284e91A650f3BDf,590318
0xf19AED29A6cd4f5A1B3c8Ed79D987e3fC1dcA853,590318
0xf19B4CB74a1d6B138A1C142e18ECa30790f3F250,590318
0xf19ec61480998C99FeC9426EF85D10c7784345e2,590318
0xf19fC0711d399d0ef8fd9C409Bb197e0E011424A,590318
0xf1B1Ac4CC89b151DE017e06ed7D82436505a6056,590318
0xf1CA0933D1a7D639BDFfbA8003c52657F0322f69,590318
0xf1D653DD7D75089f322a6ae4a8512dEFcfBf3e48,590318
0xf1DD3441B5dEa2DFaa7dD3a5fA183E6D6aC39BB7,590318
0xf1E115803C32bC1980cAcC64BcE9282F114bA57a,590318
0xf1EeF3538657f0EAeD1D05e87b38be8BE1F96d7A,590318
0xf1aB80C8F3B2C4F7d021B916205B6D0Cf54a75Fc,590318
0xf1aD0f95E9074B9b3B40Cdf71bddDB2a5194C8Ce,590318
0xf1b867BbC9a36320866d51cd020cD356d2cFB767,590318
0xf1b88fa889d1999bc1783e962d06dc2315b7233c,23036649
0xf1bfe99227e21a9d6d9905237b0b07268ffeda04,23036649
0xf1cC678eE107b136Da59500EaB5CEeBC33a6AC93,590318
0xf1ccae2566fbca3e54e03bc43daca05139897cdd,2666666
0xf1cdbe67e65dae10a72b2c85c93ed0fd59332687,2666666
0xf1e2d92708b21d49878997baad7bf60a26808e1b,23036649
0xf1e6A2B5D0a3AcC0bC454f35a3F86718cEc448c3,590318
0xf1eFd37e4D338493662D365deEc2C996B93f20ff,590318
0xf1f57B31a953f8e481C5c8f52fe38600268dBa14,590318
0xf1fee3eb145b08770f83833adc6d4792db74bc65,2666666
0xf200EB4c82386fb4f70A9c18dE438144932cb9f7,590318
0xf201Ca41eeE4005ed3029322A20FE566C7c495AF,590318
0xf2071594fcda65759dB08AdF2A94228a36bF9d7C,590318
0xf210AaAa16011fABb54b27634f222b3FaF2cbBd8,590318
0xf21819A2E3e1957bd2620d348E25B26341e221A8,590318
0xf21ba4e3f3EC2102c9221bc7E0D99BB427cF515B,590318
0xf21ef72aa48959cE31c3F508418d70a025534299,590318
0xf2253f7cC7853715ddE46608C5a2a7ae1a06ec64,590318
0xf22e2b556320130Af984Fa3f957324F032E6848c,590318
0xf23C46C489A42266c5ea6d8C5b40cFAdf36Da788,590318
0xf23FB867cA9bfa7eB450ddE666a7eb4234405f5B,590318
0xf24079f09A11A0cD59EAA579C476f4aE9e35a090,590318
0xf243BE3C8FDd906921a2921662b235cA0A7C41AE,590318
0xf246Ea7ABC16407115513c5145e242b42424054A,590318
0xf248d9df55bb5187C855C5CEC4898bFc8375979f,590318
0xf24e8a6640Ad93b2f30E4cbb068B8340e932Ff0b,590318
0xf253de7b98bcac1c5273ae423761a4f40174061b,2666666
0xf255914d73b27Bf9c6398DaaE37020F7f9A59D20,590318
0xf2598b0082Fbe6AF0d8Bd23013D0918A7e5E745C,590318
0xf267277c0ba7cfa5fe72f9dc04bbf933a7c76bb3,23036649
0xf273fb72B0034309D0b02125352c09559BDcD4F2,590318
0xf28E9401310E13Cfd3ae0A9AF083af9101069453,590318
0xf28FdD5025F6c7607DD65FD6524573e5054A0B58,590318
0xf29F5024c2287bD1105cBbDf64F6354f85Fe0Bcf,590318
0xf29e4ba6337ED679A1B7f8313b145B42De47efdE,590318
0xf2B0fB1ce12026bE847B2492B4E935B290c433a7,590318
0xf2C3F2fC5e672A0Bc91cB94a2B55913f7E6bed24,590318
0xf2CC7580faB358422000Fd276CFC2f848b41A1Da,590318
0xf2Cf30b609Babd822c3BF199D2de5b098bB99be0,590318
0xf2E96d84170f7Fff7151573f90C8AcDB56165AB5,590318
0xf2EfCd0beDF771Dc63eb655d395C15a9D753550A,590318
0xf2F5dA016955De491A614a81c557DB04De2d46A8,590318
0xf2aA26723ed7b099845afE69FA4929A46BC00245,590318
0xf2aEE11ebda31E4172fF6a8eF81f65C08ad0040e,590318
0xf2bDbb078F13D809900c930f4402B0CCd6114Fe1,590318
0xf2ceF98823Ff8f8AD17E4B6d3d8C3604C38A9C70,590318
0xf2d143C5603C660B82944097BCDEFf454f36E801,590318
0xf2d2e582dcf5aFB9478d4b9BD58C1A0F405D57EF,590318
0xf2dC97Fd58a3706D2FFA40923337AA92DAD0b8D0,590318
0xf2e589f75658cf75386a784b2135d8e1aa893c53,23036649
0xf2eae206F22AFE2b9b1C71A274a85bD0D4CDeaC0,590318
0xf2eba9d9c1e5ca4cc9300a432c20b843693c4ac2,2666666
0xf2ee4718cab324a9e32cb33a87f3de1a5e343d9e,2666666
0xf302c21325136a43f14021158aff15a38e2ff013,2666666
0xf30ddff2434a8ace23026274dad913264206c2ba,2666666
0xf30ed549df7f78c660b20c388712f295da5f257a,23036649
0xf310be2424e18093c588289a03b0389606bd9978,2666666
0xf3115b8641808c85544c36CaC4024B7de58EF575,590318
0xf3123df2d3342093aca04b9d557fb083dd487a5d,23036649
0xf3238296FeB6695867a39d5F9f4c975AB57CaCe8,590318
0xf32dd1Bd55bD14d929218499a2E7D106F72f79c7,590318
0xf3324d562f963F05894Ceb295Fc3B80cfe12BAED,590318
0xf332f8Aab8d61d6712CF821746BB2a086D7A13D2,590318
0xf33c8a9B09E44F0131E217B829391Cdbf851Fcb9,590318
0xf35D1BEaa7D9232929628d942CF32744Ab4f8008,590318
0xf3609FA1dF8ad116eB06687426E16D1D472E377e,590318
0xf363C519F91E823184061e5BF28263262E2b9B8d,590318
0xf36640123d83d9f551bdfe8dd0f6b6e5d5a45954,2666666
0xf37076f7f352a02f66f84c2367ec7c61620a7063,23036649
0xf3772aC6A4A92D74d2e20512bDf36C56Fe82a445,590318
0xf38AF569468C33ab350aB88A46dbabb04701be2e,590318
0xf394c6c31Ef2b04cA71Eb5E58b0FFfa80455Fd23,590318
0xf39A76a1cA045c108b66878cf8DCff6b5778B850,590318
0xf39C595C03Cdf004B26ff112459E3af6216008Fd,590318
0xf3B1B6e83Be4d55695f1D30ac3D307D9D5CA98ff,590318
0xf3Be0e390f4559233502ce149496308C3d9513aA,590318
0xf3C6837D90aD97c02B5772Dca53acE43807Cd96a,590318
0xf3C76ad8a87a912Fda31b538A28e279abC1be5f3,590318
0xf3CD7c14ee296191165215656f8D7821B3931c46,590318
0xf3D706aa99F4226BfD6D2cd3EE471e9d64AE0784,590318
0xf3F1feeb09A6bFa172b1A36b10610d4a67C4Ab77,590318
0xf3FE8c6c75bE4afB2F8200Fc77339abE4D7CFF33,590318
0xf3ba91d6cD1823F6674Ebc1B00725ED285dd725A,590318
0xf3c0A03FFf96Dc08D1cA1f5204c717654C51cFd6,590318
0xf3c6d77fB1599D808d1b8aBce2F63aa4A2e39344,590318
0xf3cac0BDe469b42a349ed0ce994a90E7c4a2C606,590318
0xf3d6F11E1f86DA8abF77F45e72f7e24E820bA3C6,590318
0xf3e3E52E5Dab1d73E574A66Fc32F9B8EA1879C7E,590318
0xf3f5c95ba1a0f3eeaeddcfcb2e6acb271c3a7588,8000000
0xf408d17df0187b90d33fdff1e604f08fc74a0c00,2666666
0xf40C5aDdA95086434779298Fb63Ddb79e8a45bD9,590318
0xf40E2d16f9C6459be6AB696A4f34D71B1f90E95a,590318
0xf40b6FFEE727ff2F1757c355d56368751802890B,590318
0xf416b8ceF1AC1DF45d3549dbB012354F6DD5d0d7,590318
0xf41BF1334ea7399ae21F94a434AE8B5486f9dF37,590318
0xf4329a43667cd9eacb43350d955b14d707ddd5e7,23036649
0xf43B2bE4AA887F426F05f78604b364af667C608d,590318
0xf4477FABB1A3F86C602c37f2e2BA9d05EF9E6843,590318
0xf455A49e9F14496507b3A0Ad19a2aB8f4527983d,590318
0xf46639514fd5e892a844645155ecb30ac4879159,23036649
0xf46E92991cb8e2a01D99A6C3fc4768aFE0CF46D1,590318
0xf46c14bcdf7a27b6e91d3b4fe7902b69f0ec10a3,2666666
0xf475BcF0573bD38d641852C559A079aAf9509C45,590318
0xf47e50463bbf17ed1ec9de348ca16e102ecfc331,23036649
0xf480fAd1005cd273CFd0d3fbec878EBE8269eC7D,590318
0xf48467af77851b28aadd8a678c2c4cf182bd7d66,2666666
0xf488DDc1C39FD1c85c9ae828dBD196362DE42a61,590318
0xf4895282884d9ecf361939205FC8D7d0215E1995,590318
0xf489a1840F5a670eE3c63770BBad9cf6A0A3FF6e,590318
0xf492f6fb0219ddbf509f495a15db649bf4a62cd0,2666666
0xf49F68e16e582ff2571edDAc7e2A5Aa1742D0e5F,590318
0xf49a46959390132929B47aBBC4a92a25a8933f6A,590318
0xf4B9ea9bd3298EE2929084acf049F24B0e6DeBc9,590318
0xf4BFdd83d66eE4CE7077A59608eC78Cc15A6dE36,590318
0xf4DE9346FD44d22c9cBbe14e1E725400D26C306D,590318
0xf4Ed95E501b902f768f3168b208C975033857Ad5,590318
0xf4bd3C65C12e4E1384600798a3E91cD96A3F8EB5,590318
0xf4c40bF7070Fdcf64Ecf020bCb583738A6cC3bcD,590318
0xf4d430dD8EaA0412c802fFb450250cC8B6117895,590318
0xf4e45Eb41d114dc95009c440CC33310BE7826800,590318
0xf4eDD672a05ED352e73A57D9933Be5E5AF396028,590318
0xf4ec1661a9b6229038b51e2ff8ae347f5f2e1901,2666666
0xf4f195984d24726c60ec7fc72c137b31012ff593,8000000
0xf4f89D3C6234d956E455B0E1d8d22cDb9cecDeA2,590318
0xf514E0C0e3A5C19B1BDaB90D9E3a68F086091E37,590318
0xf52a30397151C77E732fA5DeFB9347359C52A141,590318
0xf52e6867c758d249D5aB6aE18E6Cb157538df4a5,590318
0xf53fce5e663d4b3f153e36426884588c4a54ed9a,2666666
0xf5402bFa8a6674F5318B107AD2c7322E0272306e,590318
0xf543921B724555294fAB334e6e6ead770D09C327,590318
0xf55305F7813f881dA919a171A056eAD4caB74fDC,590318
0xf55659f16d6e05A5a9a71847AA652b560035E57e,590318
0xf55F8A71e42C7864160F29fE06C3eE236949f0c6,590318
0xf56345338Cb4CddaF915ebeF3bfde63E70FE3053,590318
0xf5643E04A32CEBB712dA2FE1F3Ab5d281f35F265,590318
0xf564966cE6a62c8077F6dE4Ca4cA10639d875AE7,590318
0xf5672c52F990b1b603a1B794BEBEd56A4090C279,590318
0xf56CfABb30733f57Dbc54819D571C4c5a89fC7e9,590318
0xf56E55e35d2CCa5A34F5Ba568454974424aEA0F4,590318
0xf56d4710E448E8de503028216654B139f83C4e5F,590318
0xf56f2CDA4DEeCf5a176BF059903d58Fb4eB8A562,590318
0xf56f4e369f8523c5374e527b51a37ed4fae144f8,23036649
0xf574d25d57179a8dcad4b920a4f24a120131add3,8000000
0xf5796d3806BD6787CE63f1F6Ed085a5a2069E3fD,590318
0xf57f209ab059f8bb03fc884a32f32f5c5af660ed,8000000
0xf581EBf274A3fb62165065c42bBe81eaFb9FEf7c,590318
0xf58584691decf1abf68a9386a4ff0d9e0d9f765d,23036649
0xf585cd9c50bcba2714a35c1e2bd83f1b9481af52,2666666
0xf58D15F9913829E1b61e92399dc77b082e6825A1,590318
0xf593A8c915C9b8Bc6960Db40119A0065B4581613,590318
0xf596b198519b0bcd8d3a474ba05ef6a3c8b3b89e,2666666
0xf5BF965bDDD5bA81CFaaB778479208293513D328,590318
0xf5C21D079310619dEbb0C7A70855bCf8BC13c505,590318
0xf5C6c26461AA6D0Ff3012212AE3aad2776d7443f,590318
0xf5CEA980B66759A574e19a5a20401e9f831b3316,590318
0xf5D45CA0532008FBc09d8667778427EAe9164C6d,590318
0xf5D741222834f318973B279504a38b2b377533Be,590318
0xf5F7BeE87093012abBd9125589963a33A8052910,590318
0xf5a23a734e36cf2da15b946899a448ae227d64f5,23036649
0xf5a40a74bf78150b41177fbf7476d395900d28d6,23036649
0xf5a93410e7e32BBf28a8EAAfBd7f241cF0b290fb,590318
0xf5aA9fa7ffBcF17f5cfaB7FcDc0E5292f946ced8,590318
0xf5b75474d006495C82dBbf010e230d5D2F86226f,590318
0xf5bAE3E8f61468762ba115802570831F2B294C3a,590318
0xf5bCC537C8f23205eFfe36344B913ABD4D6f24d3,590318
0xf5bdd73a7fc0196f1bd7fbe8a880337a134979d8,31036649
0xf5c4f3dc02c3fb9279495a8fef7b0741da956157,2666666
0xf5d126bdD1df747bcC862D236f4B250466b73353,590318
0xf5e3429cdba45324387b29e80273e581d5664657,8000000
0xf5ede9501e8827ff9dc13a83dc967f9b7bef4024,31036649
0xf5f054556bb4554f00762241acfe97a188b5fe6a,23036649
0xf60A248DF7cD378dE1acbf59430B4Db8c692CfC4,590318
0xf60ad0c3b6bA7fdd99Be3Fb9eB3cCeF79b63cEe2,590318
0xf6101e75E15aC2e45810CB27459BC40376dB29A3,590318
0xf61543a98d2b53fda504aa3382b5e9ddfb5cd8a9,2666666
0xf61aE36433263C61138d334197769E155307F987,590318
0xf625aAbf0C9f527697Ff2D99B30dd794cfD76b93,590318
0xf62de7221bE9AeB07FaCF1E56e5809E8c4CCA364,590318
0xf62e59b9FCf2f166017d1FeA578285f730C8640C,590318
0xf6437941c6a536e39f108cdf1b261db85cde3ebb,2666666
0xf643bce7f3896727a52d14e2106f108c2c6f8d77,2666666
0xf646544759f6d535e1f8be70fc7c13d5ba49ed92,8000000
0xf6549275a3469119d7C9aa6C16da367BC1391CB1,590318
0xf65cEFD8dda511e477b7E2bAe3117CBd9cf5d295,590318
0xf66940Ed5dc4458cD4aaea5b6E51bBA78312b95b,590318
0xf66c2499d414fe9D7fdFE120892b60349E912D3d,590318
0xf67144dAA0bb7B2E8b1Adcfc90d998E5E4AbCD8b,590318
0xf676f0fcd6951bd91e39944b10afbe74254456be,31036649
0xf6779845C614142aF5CD0137FA39F5F6A14b0768,590318
0xf67cafb5493bcd59a849daB6517b7Ee4be4DB6E8,590318
0xf67e766e952DB57CB7aB3E8E7Bd7C469e1ca07C4,590318
0xf692b706b4ed59cabe95e21f30fa7fc0620a13f2,2666666
0xf69C541cAb19fAB0168C697Ace854B5846C3b35A,590318
0xf6B6F07862A02C85628B3A9688beae07fEA9C863,590318
0xf6C50a237Ea345a59ECE4c0eC657eEB587Ebb2B8,590318
0xf6D3BAA566dF7474F12267bDAB29F6f760D1EA33,590318
0xf6DD849a1C72E4FBd9c8c1d06de5660C0aF3e67E,590318
0xf6E6C83Ee7db137ED8DaDd5D7Bbc6B38220a6602,590318
0xf6F9c0115f7e082a53d9b7d4fd4D15f15504b7d6,590318
0xf6bda6b4513bc939721ff8abf001fc92a2a415f6,2666666
0xf6c84b44d1697c804a4cbf04A35592360eb0b920,590318
0xf6d2ea68c854f7a24739c64136fd8873f2fed531,2666666
0xf6dF8128E3B7A579C2daC631B1DAdB12A4fbF0b2,590318
0xf6efd7E8ae8F65f0fbED1e8847Cfd28e7256474a,590318
0xf6fb054b54bf2827915e77cfb50ae1d3aa4b3a29,2666666
0xf705Cb1501D04462aB7FF142F1F0ad198175725e,590318
0xf70BD5596F83110208db05b413Ff8ED907CF778F,590318
0xf7147317680f9F031042D997a60e0EeB53b00958,590318
0xf719df7ad6f48c24adf8a367f1f46ec9b3bd2a22,23036649
0xf71E9C766Cdf169eDFbE2749490943C1DC6b8A55,590318
0xf7203157eF1619Cf1d954CC9ccE7b74470EfB680,590318
0xf72d06e7ff859e1f14ee6924dd14ab9c9ea73f40,8000000
0xf72d8C0ee0bF4eA2898efbE0B541fe9256F4125A,590318
0xf7323Ca697325a4E514fbE015E0483b60Fc5Ab98,590318
0xf7413de76ff5e77cb0605b0877594762cc8fe2a9,31036649
0xf741f3c10BaCe6B91671428e383eb74433E1BF10,590318
0xf7476Db5B717aC661C027e684456115ab1e728C3,590318
0xf7494440cc9b0a1165e30357a814e5efd4f0ad3f,2666666
0xf75108bEA8Cf75db8d89Ac3120e5244FbdD3009A,590318
0xf753535a4a9AaDe366e046ef4bB3ED60394F820B,590318
0xf75DA5EC1f7c4a721539B5D216B094D6661e4e78,590318
0xf7655c06f8B9f484047222243178e089dCF13D43,590318
0xf76ACd9f8903595479F0D60bbD0Da88Fd17f6792,590318
0xf76B17Ce8ff08f96aD7bb785d4ed898d5d5014eF,590318
0xf76D92c4DaF1E4e8dF02025fA33519827fF8489F,590318
0xf7764548c0f8BFd1BE3fCD5ae251D919f2A2F078,590318
0xf778Bed4656bfE3f7E2A2a4e2d30b8fff74db06f,590318
0xf7797Ab4808A9b72C19e241eA34fa8878937802B,590318
0xf7845cc3D24a511e15a0368871465f0dC5Ae4fB1,590318
0xf78dacfe10c58510104e164293c56045683a8594,23036649
0xf7910F18E8D1b2d2cd22122aa376cE489Ebad1A0,590318
0xf792148Fe789e7B193B594971Ee46f25a7c06d97,590318
0xf795e9Cf78A866d2FB11a43078EFD6f1971aa144,590318
0xf7982fd996045b51b291b658c32e1ca41ad132c0,23036649
0xf79bcd93cf72bdbb248d722c88055ef996f81de7,8000000
0xf79eca72bd574819446bb1a1ccee98f88fba5dcb,2666666
0xf7A439187963895C32956fAa01e718D54e2D35Fd,590318
0xf7A584c2973730973574E04F0A1Cd42e87D28C4c,590318
0xf7AD97D794084DA370C0865766FdcfcA720AA77a,590318
0xf7B308899dF819B6EDc36962F032D3673463D694,590318
0xf7C9CaE52b345f3C8dc8105577E87f7911B52f4D,590318
0xf7D02C31287B0D308c603FbdEed7df19Fbb2fa0b,590318
0xf7D1B858195f5635e8F27aE02E234791a5b3575C,590318
0xf7F189082878846C11a94Ddac51C41aFc7A7C772,590318
0xf7F21b5fcECD9aC2988c09daD3C2cD4F079CcE9f,590318
0xf7F5688e58bf6d798AfCDe0934b4b9185B8CEBC9,590318
0xf7Fc8C6AefF36a68dA44b25390783B7af32C8B57,590318
0xf7b52f983F8EeF28110Fd6175142B8eBEb09168d,590318
0xf7b7DD2cC91CDC39799E8AA9Bada6bb6C99BBE5F,590318
0xf7c51487ec07C6596244ab7eDDD5f980FF0FBD84,590318
0xf7d042c4655f2070F80aF5EFA0B5bc4994212303,590318
0xf7d4041e751E0b4f6eA72Eb82F2b200D278704A4,590318
0xf7d8679bd400f3cd3b07e268cf5556364980344d,2666666
0xf7eF8565De9F43b061FAA3075F9796a3C4A3c36a,590318
0xf7fea692f0cea728672798fd87fd5404cde69d2d,2666666
0xf801302d2489ef8cfdc6150dd4a3b3d5f77f890d,2666666
0xf8091A1A3055C9a8a7492E7Dcc31162D000747C7,590318
0xf80F4E91CCB590C2a84D8804Fc370d810Fe0DEe2,590318
0xf80ca9d556e09c11bb0786e5b0da40beff70ff44,23036649
0xf81a7b58Ec5Cec5451E21fE73d5af1131b8F785B,590318
0xf821B10a64aB148d8173C69FA9531BaeE36Ab995,590318
0xf823Bde32318926610b29b5C87F27C2eC8FaaDeE,590318
0xf835b41a158a2c02b9ca4f74d0ae50fd758619c1,2666666
0xf837C907875505d815ca48138789e6d28ED1d9a1,590318
0xf83c2b36b82f965b61d56762e74d327b69948a51,8000000
0xf83f18492494ae2e873b0Cd01633acbF75A4aEC4,590318
0xf84454985b6636bA2d643CfbcC6C30c51892E8bf,590318
0xf84d6D2dc4a432b98A7D5B3160373D33158A4C84,590318
0xf851A57b8D4a6713189315F8b8695fb2277d09a3,590318
0xf85437baC479853983994d68F4252Dcab2F10275,590318
0xf85b2e8f346ffbba562480427e98750ef10d3310,25703315
0xf85f768567cA14d0f698967214D983b62f2d5fdA,590318
0xf86149475b49BdB11cD8B27C38ae11A1569fBBDc,590318
0xf872703F1C8f93fA186869Bac83BAC5A0c87C3c8,590318
0xf872C3F48736088ae4E485C964Da485aC1760EFb,590318
0xf877232e414F7A1aB9b452B8aE4ab6d2379Fc164,590318
0xf87776c14fD457503804F2219819B88b1484ccF1,590318
0xf87aCAA7c2446Ff1BD45827f55F7F75104ab8614,590318
0xf89614EF3c788Fa948C0517030e891856be42d70,590318
0xf89918c57051FEDDA194bDdc71b19BFc3894da93,590318
0xf8992A1f4e302460Bd49a1646Ee315D810235212,590318
0xf899E3B795a48f9844EcD2B2d53BD331d03e5dfD,590318
0xf89f4e5b42f84ac7e69831941c7145e73170baa7,2666666
0xf8A2fA6f865540C68dC744db21c3F8e8DEEbBa3e,590318
0xf8A5cdA43918f3560E3d7B872A42FcCF54851986,590318
0xf8B228649CC936F379a0ed239b3fB5a7b5aCEF35,590318
0xf8B70645eeC4C30d63C4fd5A13F70681109800E6,590318
0xf8C17e4fc5C7e46360c9D173f089dAf3403863Ae,590318
0xf8F11C7E614766358567f3358c8cdebDD9804a33,590318
0xf8a5C11688bD51b994e69009e42693dFCb051b11,590318
0xf8af689f278e7cb753bf9ee4c730691018a98280,23036649
0xf8afafca889e45bac5dd6df3ebe915f4fd82028f,2666666
0xf8b10B06fa1644c7b821D0f863FCc5ccb835F0d9,590318
0xf8c9B9C9a95a6cD6A86fAc95dD3A09aBE6C6a60e,590318
0xf8cC081D772c8FA0DFc2d5544B11777B84E4E2Ad,590318
0xf8ed2360d4a1Ef00f2E92C46F7f2586765EB35Aa,590318
0xf8f898c007051D42e31fb7811B7F20233add1C12,590318
0xf9091Ba435A41F0D461d896cfea6F5E78fFB475e,590318
0xf90B9c49e8940037a1742b07e1DE998E30818c35,590318
0xf90b4e961ef5De32F762CCa8308CEeDaa9e87754,590318
0xf9152E22abb77Cb93020F964acaD331612e6Ef11,590318
0xf92c1F0E96a2C1096796c1289bCA150Ad9f35F37,590318
0xf93615a04092b01dc8cece53c8412b8dca1b5be7,31036649
0xf93AAAEC5e4ceD8605A57B3dfF011eC408A8EbDB,590318
0xf93F310FB107D02C3b1F414c1deDFD6adf789152,590318
0xf93cd7f7c2602ff134b148f621cbcacf82e3013c,2666666
0xf941f26D6964008369fB9D4370F9939768CB7B4c,590318
0xf94475C3fEE6533d7Dc4F93018D2803d7E96829E,590318
0xf944a43040980EC2D08C10cac737cD5C206Db3e5,590318
0xf948a22920C084b9a1f0e51F9605aB91fed7B86C,590318
0xf959ca6303FeC923067b41973d209e4ca77cbE71,590318
0xf95A7C6504f284aDa554F89b1ABE9F3B0Dd0595B,590318
0xf95c92786ae4ea27a225243cf11eb365018795fe,8000000
0xf95e51Ae139677B122838e573fc74437396b6093,590318
0xf95e51ae139677b122838e573fc74437396b6093,2666666
0xf9670dC06822c07E7FeC634EeD623e8b0A7760c0,590318
0xf96733efc6ff1b9a6dbc0c1c7f8446c817e70481,23036649
0xf96772f61393Cae4cb5181F1F5602a7473FF850b,590318
0xf96af42c4f4cccebff18cb4eecacb1aa2e379618,23036649
0xf96c85818cb3ed9b5ba350d137b3b81fde684baa,2666666
0xf972Bf8592C3171B378E97BB869A980C3F476583,590318
0xf97484a1f686db76701983be22aba18b5f784579,2666666
0xf97664376416E9379f2354DB444BFE3f00B6936b,590318
0xf97D3d72f06F59421C3Be1AB1A123a6133DCB4c5,590318
0xf97f2f2442d5983e6bB7DDC7233117d55345b79b,590318
0xf987caa7a12f60898902501725590069C3d7dF71,590318
0xf98e56b9a2ccd8e9bd3e8f7e39399e53c9c4c01c,2666666
0xf991AcD672d5B344aFCB29931Af6401ed32e2691,590318
0xf9938356c9033204CcDF9e0CdD2D3FaEbb16202e,590318
0xf9AEb52bB4eF74E1987dd295E4Df326d41D0d0fF,590318
0xf9Bf2517A46De43b3E23168146d985C6E916328a,590318
0xf9D063E48fCD52d83ABCE6B28076d0059aE7757D,590318
0xf9ED2993640a87F9BbdBC84A9Dc536DB3e9A3487,590318
0xf9F061d9a5f04E223ed3c560E03A8AB0A70Cc1c4,590318
0xf9F8AAfCFdC50821d2Ad38Cc8B40dF33Be350281,590318
0xf9a981ba29fa8fb37a2ced3dbe3c017e57ae091a,23036649
0xf9b386f4d5a0E8912e210c36BF3B957243dcC79f,590318
0xf9c19f51173799eF5295168a640F1799539182D9,590318
0xf9cEee2266E187d0545a081B6f47983F0856A114,590318
0xf9cd9df9499422B7332FAdaCed9df9ce309A986A,590318
0xf9cfa04014404f59d485f72ec0caa27151755fcb,8000000
0xf9dbd46Ec67dAD36794FE788C29147e00fc25fE7,590318
0xf9e0feA7C591996204b949FE264D07170A542F8b,590318
0xf9e4aacade41f61ba204f7375ba1b89a1928b277,23036649
0xf9eC946c7D7Fa6189147EeE1C2B7bF418e7eB705,590318
0xf9f1898f8253C809e1EF506E92a1aa01446670aC,590318
0xf9f3d4ea05510f1a3b3262084649cd449ffa13d0,2666666
0xf9f41C487fD784e0cF7522206a2aeB4fe7B34b9C,590318
0xf9fb336a08f070883d8652b2a63727afa3d63fd5,23036649
0xf9ff058098b99dad1d19907e631ce39c2e839df2,23036649
0xfA04Eb1B64262Ed5730847FdB33a8Bc3bD60Ac87,590318
0xfA1D68310bf761264a9295C4bCe48c356eC9922a,590318
0xfA24994D6d91eACaf6FF59199AA5f6B456227Ad7,590318
0xfA43Ea4078a0D2FFe6F95E624609237383882BAA,590318
0xfA7aE225b9De66e6221a199f20C2C1CbDedb55e4,590318
0xfA866Ae0197faff3d56605DAc4211b2adE9c9eDc,590318
0xfA88f1e6D439802181D23FE6E3aA10b76662e1e3,590318
0xfA9D7B1a8c47B3F9404e51711f21922a7CFa0e23,590318
0xfAAD58051136EdB4e7B0B58de4Eac55B156ea233,590318
0xfAAE55F2303cB343664e4ff42533315a664E9aB2,590318
0xfAd1015E21FdbB7005449eD937F9F058291a1bba,590318
0xfB0ca72738ff999B34b8Cf1baBA33713F2A1e1be,590318
0xfB4c83018A1d9feE9B6F0244e163983Bf5dDc2B0,590318
0xfB50Fd7388a474F83191794aBF8b15C3F40F9500,590318
0xfB5a236271A886Af976Ff7A4d78a59821c046669,590318
0xfB6A1D973059D3384b29D3778F5954AAa5EEf864,590318
0xfB74196ecCf35a260dd5CFd300bAa37AE058B6C0,590318
0xfB7cE7b78Cc7356664D42C43216eBB6c7e49B627,590318
0xfB843f8c4992EfDb6b42349C35f025ca55742D33,590318
0xfBA713798d5A1758c31d19756d0E44615b206E28,590318
0xfBa59dB67E905f2919e3a0084da1dB32C88f54B1,590318
0xfBac3A7735965138fa539864f1f20841C4DA4Bbc,590318
0xfBd94248248a4FD93eE6092fE65CC1EfaC243d3c,590318
0xfC06E982f014E816adFEcBB19DCCE03b2A51928b,590318
0xfC098EEe56969ee10A5485586d84CF27d2347553,590318
0xfC09d8c9a63670702c2DE876Ff95608aB971dcD6,590318
0xfC14e33C67ff7EA994c5D4E00e1D25F2d170f95a,590318
0xfC15E7Ef48a4224A85798551cC7b39dfbC93ad1e,590318
0xfC18C0Ff9d4BA79A8a9337D20CD111335F3eBc66,590318
0xfC1E6e9379aa5022CfC8185F9Cb9E5f829E4E187,590318
0xfC4eEcaD5b20e365D0F18Eee654291b378890bA9,590318
0xfC57C0c2638162689B0C0394Ef5d22c92C507E77,590318
0xfC7275b4361fdd8820cff1CdFA3362BB869aDA20,590318
0xfC7EcA54f07F5fcf94661B10a2fed2851F3C7aBF,590318
0xfC84d2742D0F1a66D76D51a2980f48a770A9456E,590318
0xfCBA2DD0D39fbf7F61eb2b2A1524DC65C1227EF2,590318
0xfCBfa65A5ff8bfC5b4af681f07D2915800EfF0d8,590318
0xfCE7D57fFEd117FfAa1EC3d4C0B6154e8384cc06,590318
0xfCF2d5FC2A12974140695c8Bd1a92Bbb157eBE77,590318
0xfCF700ED2D78C732b725eBAB8ca3Ad37EE6C4f24,590318
0xfCb11F4f6749dd517aAA9f38035FECC1Fd91291d,590318
0xfCc8A3475e4ebD048ca8e53f7e8FF614f28a43Ab,590318
0xfCc928f51f280De47C6ED5EDA769B4d57FB0Dc1e,590318
0xfCc9Cac1f04DaEc880A87ffEf575157db9154443,590318
0xfCd5f4ec1e6c34A847CFEf1e3300C105dD172155,590318
0xfCfF679C2e1aB7bfc4CD3C463447554164C82fF4,590318
0xfD03d8D12A5b66E5826c9AeAfA33cC407D179817,590318
0xfD3670396678FCEeFC9E67aA8D90C22A456b77eD,590318
0xfD63Ca47A102f89CbE66fC8563b30483b1d36506,590318
0xfDB2Ad2245C3632F75CE95f2d545E6a5B286Bb49,590318
0xfDC46fBDd8AF50d9Bf7536Bf44ce8560E423352c,590318
0xfDD5D722489c1dbFF44145582715f1242B96A14B,590318
0xfDD77F1aa3DF0eF5044A3e93448B947E96F7EF4C,590318
0xfDa0974560E6fBFAC772F02ef4a927f92abd3B48,590318
0xfDb714222DE5BFD1Fb0571b22878A52488c46538,590318
0xfDc0732eF637Ab25C496aE97dE1A55fD9f016414,590318
0xfDc39B22bEA6a523dC30A8A7A6A5CBe41d23C3A1,590318
0xfDeD90A3B1348425577688866f798f94d77A0D02,590318
0xfDefD24EC306ce3962cdB8e3f3b70960e5D2397C,590318
0xfDfC50E371ecFEB94d5eCcf618357F4c447A99F0,590318
0xfE04b500Cac1d34D676C936E613D38EBf1246D25,590318
0xfE0eb869d7B0733A7F77DfEBBb25660B6a3c688a,590318
0xfE10287fafdAf98dF32E7EC137067EF03b3be862,590318
0xfE24E43532121E8F8b6f16a73546A81F881ac511,590318
0xfE277Aa25A4F65A182c0ec135854794Eb7131e79,590318
0xfE2E84A4668C1abb34cF207ED1c8194Db909B242,590318
0xfE359A8D6D6FC747bfe4a82C49005A6976b3D37D,590318
0xfE7E4C3A76A6E7F2D37c1Eb947915682d512796b,590318
0xfE87E06aC8DF906384731766f5e8CCA39E9817C4,590318
0xfE8A8895aBdd85E539920f40148Be26E914A082D,590318
0xfE9DdCe0c4de2d96d5f99ab06Ed39ACf0DA01a56,590318
0xfE9e4aaA9557182aBe439390f0F8BCb786202C7B,590318
0xfEEc7D69854Dd820C44E1f829C7843f3EEF0b80F,590318
0xfEc6B6Cc468e543AE27d754685C3228eCfd20D8A,590318
0xfEd760060D40d288981CCB0d3EEaAfaD783C6C21,590318
0xfEfea9427Bef554Cc572bC4E887a0b9642fd8f4E,590318
0xfF00d387b8D2736b3eFAc016774916d775f50051,590318
0xfF0AF337E8E4C2C2E4118dfd099E1406D1b023b4,590318
0xfF168B292d0252560F729597ec77e6b8Ce96fBFB,590318
0xfF2B83E0dDDd35aD00D892ba4D0e88Cf367Bbe47,590318
0xfF43C5727FbFC31Cb96e605dFD7546eb8862064C,590318
0xfF4Cd3826ECEE12ACD4329AADa4A2D3419fC463C,590318
0xfF50CCA02138f6d4045aa38C08d63378f1A89Dd0,590318
0xfF62E0b94a939455971F761fAA240B3a2084804A,590318
0xfF97eC2eBe34655aCB18E85B38a4248677FA3efC,590318
0xfF9F20367488f3386A97bc3897798b0e8Bd1b2dA,590318
0xfFF1D53C12820E63BCA06cF07050c4a622E7dD21,590318
0xfFFe0ce6dfd49c08aa94a5D4ba05FAfc23b491Ea,590318
0xfFd178bc23B4465442da63949Dc354471f81f6DD,590318
0xfFe4b50BC2885e4708544477B6EeD4B32e4d82BF,590318
0xfa01e6629fa8fe35fcee722694b2b55b896f707e,23036649
0xfa03749275BC8977a2e8Bb8B773f6e5343c2393c,590318
0xfa17a8400f9171164717fb3d7b36247935c964b1,23036649
0xfa2336eCA18b9BC384144Ad7f29E2137EE0564D1,590318
0xfa25Eaf701Ef68445FcFeE935fA0E9217a358B8e,590318
0xfa2ed5a1569194b36a10a6f6c319e5091dd2b7f0,2666666
0xfa36759b8cbf58b71567913bb2e28387707f319c,25703315
0xfa3e163f5837002F5bE08b4c5b081a7036e8fbaD,590318
0xfa523effc77334da83cd6b14f14ca982847b9aad,2666666
0xfa56f72b1d5902f8134c672ff41475c4869121b6,2666666
0xfa78B36596C18bD9B48AEA68cB7dE244Be247691,590318
0xfa7b6424ec9e8d38D3e1F57D5432d4F12BD31375,590318
0xfa7c11e9e2D4fCd0f4646515a17289f5892a40B7,590318
0xfa83631d79523b624e1c48fa8f25f3b389261d70,23036649
0xfa8d5E404dFC49E84fE58Bf4405edA6754351940,590318
0xfa9444c21Ee9444DE1A073558c4c2eD89d31bf8e,590318
0xfa94c3589fd04f3f19651db41f3e3e71ca477013,2666666
0xfa97287343a9fec60ab10ff60ba21f1c5f2ba0a7,23036649
0xfa995A3A14280612304D80E60422416b8ADBAA6a,590318
0xfaB0af340bA8A82787D6140D947243880C006d5b,590318
0xfaC6c2aB9b9e0eD61Aea388eb1E7f755811b9FA3,590318
0xfaC9E85Eb32D9ea3Dbf22A47fA925557105439CD,590318
0xfaCEf700458D4Fc9746F7f3e0d37B462711fF09e,590318
0xfaD62d9feb39D5aAa94Beb70A5CE92F84250710F,590318
0xfaE99e45CeD0B597D2dE86Ce0A7F70e1E22713a8,590318
0xfab8a7f3d3a7b8d3d2fb53a5ff64668d3d8f91ac,8000000
0xfacb1740450890a6585640a581005ed0757a2d12,2666666
0xfae6495B2Ede7E46D9123fCf3168c8948afd09d0,590318
0xfaf8f2b249c4807bde68af166b241518e4fc2d73,2666666
0xfb25f00df6462717bc9dfe8b96535a480834b81d,2666666
0xfb343bd470Bc97450470Aac23002BcC8D8549911,590318
0xfb35621b5ad6805a5fdca7b6810de5d98c564526,2666666
0xfb3DE94Fdb754FB1eb71747bf38325DbFD094e4a,590318
0xfb44496ef7CE7Dc94dA1Ec9F45115C80BBA1778D,590318
0xfb44496ef7ce7dc94da1ec9f45115c80bba1778d,25703315
0xfb49649F36a5ADaEC998DFD027375F40743437Da,590318
0xfb4D39026c4AC81750BDd2431b18C9aD580814C5,590318
0xfb51a45eb5042d0e328f13d3f3df7036a08eab23,23036649
0xfb5c6b63c4B5eC368C1a02Bc0700d99f88ebBD42,590318
0xfb6126e7B15DC6Eaa6F8fc010D1eedf7142cb1c3,590318
0xfb70141988148f274df2ecb55007af17ccab23b2,2666666
0xfb70d2ba2fbedb0b6b3fca616566839ca300e034,2666666
0xfb7405075f2dD0A2aacA6cA2D87D56e09577D6eF,590318
0xfb7EaBFec46b2283bCDa53373C9239F81D01EbA1,590318
0xfb9749e45b2373dfa252cdc62865a91ef8fafa8f,8000000
0xfb9bf76ee4e1520d8cdcdf42a432ace14abc7c49,23036649
0xfb9c065a59239f0B91F112dAb22BB2810A238D7e,590318
0xfbB06C42cBAdD86c00109b4De888381C94355f8D,590318
0xfbC0aC4e53CBcaC5708736c78a7Ac2228a55D47d,590318
0xfbCe1AE55C81EE949eAE532309cC45c3d1EE4da8,590318
0xfbDefB587455dBc22a6DFAe3fBe58146e2906c74,590318
0xfbc42b6d570e9E9f14A1Bf0A39C85Ad2B8f03bA5,590318
0xfbcc7d5516612de0b44e8aed7cc59bd4d38f4661,23036649
0xfbcdDa5218070cE3DC5c08Eac75C1571c5aD2D96,590318
0xfbd0b05255fd8669aa250ea7be08165743f80154,25703315
0xfbd39c29DBbbe1F3E563e2a8233262c29040eFeF,590318
0xfbd6207cac6dc88cb28c1d6c84583930db2ee061,23036649
0xfbea7240da191a0336b55c3c4b80b7868928b862,23036649
0xfbf57d93f78de83c7b3d3b941e5fded2b87cdd44,23036649
0xfbf727CA3b6C7205c4Ce17225B4B8968d879D20f,590318
0xfc10B4f288Dfcc996EB819021934536095a7Ce90,590318
0xfc13e760e4470c257D366fAFCd89b423Bd54ED13,590318
0xfc14e33c67ff7ea994c5d4e00e1d25f2d170f95a,8000000
0xfc1DeFDaf479fF51C38522B11577Fc18248b3A76,590318
0xfc3B069b0ddbBd160438775367DF99654D0e6B1E,590318
0xfc3a481aBd74C621850568bFC90bD6d7891FBDCb,590318
0xfc4D472Cd0c5a3160E929498339e6f0D3B9c10B4,590318
0xfc4a7d45894f103ba0efb5358f1198e360dfbe73,2666666
0xfc4eecad5b20e365d0f18eee654291b378890ba9,25703315
0xfc57d63717C58c8aA03c3439EcE555EB64f02810,590318
0xfc60f267F59339a63c7c1D4CbE553Dc3ac305BD8,590318
0xfc6A5A666529365D76A777818E909b5AcAb58fE8,590318
0xfc6eaD2bF7326264344E1EC60fbE0F2822B0AD89,590318
0xfc7275b4361fdd8820cff1cdfa3362bb869ada20,8000000
0xfc919513c211aa8e75eeAA44c50e12b09f3243eF,590318
0xfc942fab137118b484261d38fb2cfab6d7d81739,23036649
0xfcDC6238990769D335dE3DE9D9CbCbEdce3F3a48,590318
0xfcEA932cE672b998D3D06eAF140a3Ef29336c30E,590318
0xfcb893124977463aE525c658897c92323CE71311,590318
0xfcc421260ae32a133ba4f6f51d0a1892be1005ba,23036649
0xfcc7d01c42e52e4187ff58d87976bcdf056afb18,23036649
0xfcd28b230f35753013cdab8c8629036987795221,2666666
0xfcdf99080A08Cd4b0D2E503793d7d6aeECa7BCc8,590318
0xfce0413BAD4E59f55946669E678EccFe87777777,590318
0xfd2855a500a940ae0f2489d242cc6b0681534238,2666666
0xfd28e8c7f7195944397074fc852b852b5ca7807e,23036649
0xfd294De92fd19Cf4bD288984D8277b0923beF872,590318
0xfd2A47A6C6eEFfb2Acce043c3Ac06D3f53C4e22B,590318
0xfd3670396678fceefc9e67aa8d90c22a456b77ed,23036649
0xfd3b373bba12a98c446b6ec467a26ae607970c70,2666666
0xfd44e1457D2A6151f2747CD7028eA23F0E5eC6a9,590318
0xfd45da605f36a2a3bd20ae3c8edb291d5f93158d,8000000
0xfd4774c039b50950f3ed5abf4ab51b1d0ff019cc,23036649
0xfd4810D87Ee8f2f638Eb8C79406e53a44d0f6Ad5,590318
0xfd490cf856122BE05AD6255be836E46A41F6d63C,590318
0xfd5cad34cb31b7136aa1f54aa9e598a904e14527,2666666
0xfd64cb36ace57e6a0f7d7739e40e5c5f814f3209,23036649
0xfd69863f482c1b3dcd72b7ae2eb461c85058de91,2666666
0xfd817709270C06e096015A8fa70A0010e78bdEC2,590318
0xfd8D7EA8C9e424840890888AaebD9a8020aAFD45,590318
0xfd8e716694e95bdc116634dbb0a34afbbb3b01a6,8000000
0xfd8f78f708b8b0b768204fff10ca83fe46f6a391,2666666
0xfd95df982c4986c76021a9451c92bf724ce8e0f1,23036649
0xfd98e2d3e9b189507ccd830d1f3140be4cac7589,2666666
0xfd9c32d8980e0540b3da1c3e736407d2b04c83b9,2666666
0xfdA583E544100f90b413536aF3F5919Ad8E6e835,590318
0xfda3d44bff288a79b69290e15ca6fffc6b9d6475,2666666
0xfdb57d3800a877661aa4099440c134b65e291308,2666666
0xfdd32a61fff6094288bb9a3b492aae0ffec0b7e3,8000000
0xfdd99b2e5aa538d5c1b6cd7fd1c3328beb6a7033,2666666
0xfde867ad3ce97941d27055c49617fe510fbd8a0b,8000000
0xfdef20e7d922e022953b2fffb250c5730d821ca3,2666666
0xfe0875E12958A019DEA15A795C22845179749F50,590318
0xfe3219c3fbb10c6c2f8b4248968a1aec70492ce2,23036649
0xfe390d045eBC16E09f60c21A56663765EBb6bA7e,590318
0xfe4B9c84058D10266fF6bAD90DB3f46447d8A51C,590318
0xfe576d13abea62989aa0ab7306c6a578aec45ff8,8000000
0xfe5a4D8D9E4dedB08A4594F7960Fe11A6A908D4c,590318
0xfe60D0422e59dfC52bF2DA8FFD3a60451F347B51,590318
0xfe60aee32a2e7c737f5803f83d4d4190555f2ebf,23036649
0xfe61e74F71c9bc8113e27b43FAcEf42539352F57,590318
0xfe636473dcb6D86BbBB6165dd4b080C2f0DEcc31,590318
0xfe6c92d283fB88c6A1cBeBAc4EF33B1cAfd118D6,590318
0xfe74759f4ee3eaf4b74eb0664ecfbd09d2b67c76,8000000
0xfe78Fa483dABa058C02db8506636bf247773D605,590318
0xfe901b94B4768ACfF49E707e0003a7674816e840,590318
0xfeAE59a7B70EB2485EEBB30d1619324847ab636E,590318
0xfeCeBc4831419a09f16F66715E0E88bb0B47c6F7,590318
0xfeD50894E8150b231B76f98e453002C8b01989E5,590318
0xfea918f77d1bafd4fd52a6e93773473651105b7d,23036649
0xfea99714861cAD9c252eC3aE0a8fDAE11A90C830,590318
0xfeb791F9Cdc428E8f7B7F0bCbcDf76F6A46a20ad,590318
0xfeb8e85752f02204A7ba63E4f7B75B3E1da6AE55,590318
0xfeba21dfac0cc0738a1c8e4492b294a4e6cfb688,2666666
0xfeca598E3909b1C5574b4D77828d40A75cc57FD4,590318
0xfecb9004b604701dee1977a54eb3cfca1eda2abb,23036649
0xfed0d3bece3A2Db3Bee70ff5d41126D1a36C2E9f,590318
0xfed9ccf056993c66ea7571eb93f4784d220ccd70,2666666
0xfedBd7127b3f2Cf5a591DD5a31fEd0D4AD310DC0,590318
0xfedaff2525c12b12552bbf4f75a3d2e9be965ded,2666666
0xff046a2c64828ed13ad8fa4b87f281ecf533213c,8000000
0xff07a5c65fd6eea1f8f04ae4656405ef7bd1c1ce,23036649
0xff11233d6893c4081e36b4695200c81fdd9f4829,23036649
0xff1Ff9c022e1e835Be1FE722ebDB929883Ba6936,590318
0xff24216102230b9C5d93AbAe80653FdAF366Eec9,590318
0xff24c7dfd15e30953ff5a4090ec4885e2316adb2,2666666
0xff26CCF9058B9Bd8fAcFB6a8876864Fec193285d,590318
0xff32dc68e5ac8dd8783c0491b907409013e6c728,31036649
0xff3d696f0b90ecd643f740be1f4a459365041ef0,8000000
0xff4653a175d6Eeb13ba9823FF6b6669170F191fE,590318
0xff4870874b7296ed2b2efa36fd6c9b26c3b1f04a,8000000
0xff57ea41673be3347a7f02625554ec1f1120d0ff,25703315
0xff6C422c6e9A53200798A771f25b72B96d4eCa64,590318
0xff6bDfc378be9bB2FCd8b081aa15f2BdaEb0F441,590318
0xff71512c84096F55cdF5C5f3D3c6AcE99b56feF0,590318
0xff8A15C4b9b6c9860c3EEB3070eeB53Fb68E9261,590318
0xff9ccCcB32589B87f8e0908cD35C9A39F9552d64,590318
0xffB5999828236e2fEC8Cfe4d24845eFCC608a49C,590318
0xffBb3BE6E633CB77b2cEd77a7100D021a8953c2E,590318
0xffE800a1634DD2839dd59ea7D2438Dc0DC7642BC,590318
0xffFAfFf1445fb2D469b7F2D87fB3EaDb8B1AA87E,590318
0xffFff449F1A35Eb0fAcCA8D4659D8E15CF2f77Ba,590318
0xffb0A17E69CB382175503cfe0B029b179658a06A,590318
0xffb0CC8C6D0064E86a9f21A96F56f0C32Ab0165C,590318
0xffd4e075ddb118095e96c10bca58d017965d232b,2666666
0xffd964F5e29E9757A2CFb9B6958285323DB9D101,590318
0xffe9309A3c8eB35c587130B9d5d1BaF60eAFB61b,590318
0xffe9309a3c8eb35c587130b9d5d1baf60eafb61b,31036649
0xffeaa1fe601bca2c5c8147ecd5c383ae85d20206,23036649
0xffffEdcda6F93d79A5820438b09EaCea66b7A62f,590318
